,LLOC,MATH-1405,MATH-1421
src/main/java/org/apache/commons/math4/Field.java,6,0,0
src/main/java/org/apache/commons/math4/FieldElement.java,13,0,0
src/main/java/org/apache/commons/math4/RealFieldElement.java,61,0,0
src/main/java/org/apache/commons/math4/analysis/BivariateFunction.java,4,0,0
src/main/java/org/apache/commons/math4/analysis/FunctionUtils.java,257,0,0
src/main/java/org/apache/commons/math4/analysis/MultivariateFunction.java,4,0,0
src/main/java/org/apache/commons/math4/analysis/MultivariateMatrixFunction.java,5,0,0
src/main/java/org/apache/commons/math4/analysis/MultivariateVectorFunction.java,5,0,0
src/main/java/org/apache/commons/math4/analysis/ParametricUnivariateFunction.java,5,0,0
src/main/java/org/apache/commons/math4/analysis/RealFieldUnivariateFunction.java,5,0,0
src/main/java/org/apache/commons/math4/analysis/TrivariateFunction.java,4,0,0
src/main/java/org/apache/commons/math4/analysis/UnivariateFunction.java,4,0,0
src/main/java/org/apache/commons/math4/analysis/UnivariateMatrixFunction.java,4,0,0
src/main/java/org/apache/commons/math4/analysis/UnivariateVectorFunction.java,4,0,0
src/main/java/org/apache/commons/math4/complex/Complex.java,427,0,0
src/main/java/org/apache/commons/math4/complex/ComplexField.java,30,0,0
src/main/java/org/apache/commons/math4/complex/ComplexFormat.java,193,0,0
src/main/java/org/apache/commons/math4/complex/ComplexUtils.java,1025,0,0
src/main/java/org/apache/commons/math4/dfp/Dfp.java,1758,0,0
src/main/java/org/apache/commons/math4/dfp/DfpDec.java,226,0,0
src/main/java/org/apache/commons/math4/dfp/DfpField.java,307,0,0
src/main/java/org/apache/commons/math4/dfp/DfpMath.java,523,0,0
src/main/java/org/apache/commons/math4/distribution/AbstractIntegerDistribution.java,115,0,0
src/main/java/org/apache/commons/math4/distribution/AbstractMultivariateRealDistribution.java,29,0,0
src/main/java/org/apache/commons/math4/distribution/AbstractRealDistribution.java,132,0,0
src/main/java/org/apache/commons/math4/distribution/BetaDistribution.java,110,0,0
src/main/java/org/apache/commons/math4/distribution/BinomialDistribution.java,83,0,0
src/main/java/org/apache/commons/math4/distribution/CauchyDistribution.java,82,0,0
src/main/java/org/apache/commons/math4/distribution/ChiSquaredDistribution.java,54,0,0
src/main/java/org/apache/commons/math4/distribution/ConstantRealDistribution.java,55,0,0
src/main/java/org/apache/commons/math4/distribution/EmpiricalDistribution.java,328,0,0
src/main/java/org/apache/commons/math4/distribution/EnumeratedDistribution.java,122,0,0
src/main/java/org/apache/commons/math4/distribution/EnumeratedIntegerDistribution.java,125,0,0
src/main/java/org/apache/commons/math4/distribution/EnumeratedRealDistribution.java,148,0,0
src/main/java/org/apache/commons/math4/distribution/ExponentialDistribution.java,101,0,0
src/main/java/org/apache/commons/math4/distribution/FDistribution.java,116,0,0
src/main/java/org/apache/commons/math4/distribution/GammaDistribution.java,134,0,0
src/main/java/org/apache/commons/math4/distribution/GeometricDistribution.java,78,0,0
src/main/java/org/apache/commons/math4/distribution/GumbelDistribution.java,67,0,0
src/main/java/org/apache/commons/math4/distribution/HypergeometricDistribution.java,151,0,0
src/main/java/org/apache/commons/math4/distribution/IntegerDistribution.java,20,0,0
src/main/java/org/apache/commons/math4/distribution/LaplaceDistribution.java,67,0,0
src/main/java/org/apache/commons/math4/distribution/LevyDistribution.java,75,0,0
src/main/java/org/apache/commons/math4/distribution/LogisticDistribution.java,67,0,0
src/main/java/org/apache/commons/math4/distribution/LogNormalDistribution.java,129,0,0
src/main/java/org/apache/commons/math4/distribution/MixtureMultivariateNormalDistribution.java,33,0,0
src/main/java/org/apache/commons/math4/distribution/MixtureMultivariateRealDistribution.java,87,0,0
src/main/java/org/apache/commons/math4/distribution/MultivariateNormalDistribution.java,114,0,0
src/main/java/org/apache/commons/math4/distribution/MultivariateRealDistribution.java,10,0,0
src/main/java/org/apache/commons/math4/distribution/NakagamiDistribution.java,74,0,0
src/main/java/org/apache/commons/math4/distribution/NormalDistribution.java,123,0,0
src/main/java/org/apache/commons/math4/distribution/ParetoDistribution.java,105,0,0
src/main/java/org/apache/commons/math4/distribution/PascalDistribution.java,98,0,0
src/main/java/org/apache/commons/math4/distribution/PoissonDistribution.java,109,0,0
src/main/java/org/apache/commons/math4/distribution/RealDistribution.java,21,0,0
src/main/java/org/apache/commons/math4/distribution/SaddlePointExpansion.java,114,0,0
src/main/java/org/apache/commons/math4/distribution/TDistribution.java,98,0,0
src/main/java/org/apache/commons/math4/distribution/TriangularDistribution.java,120,0,0
src/main/java/org/apache/commons/math4/distribution/UniformIntegerDistribution.java,75,0,0
src/main/java/org/apache/commons/math4/distribution/UniformRealDistribution.java,83,0,0
src/main/java/org/apache/commons/math4/distribution/WeibullDistribution.java,131,0,0
src/main/java/org/apache/commons/math4/distribution/ZipfDistribution.java,122,0,0
src/main/java/org/apache/commons/math4/exception/ConvergenceException.java,12,0,0
src/main/java/org/apache/commons/math4/exception/DimensionMismatchException.java,20,0,0
src/main/java/org/apache/commons/math4/exception/InsufficientDataException.java,13,0,0
src/main/java/org/apache/commons/math4/exception/MathArithmeticException.java,12,0,0
src/main/java/org/apache/commons/math4/exception/MathIllegalArgumentException.java,8,0,0
src/main/java/org/apache/commons/math4/exception/MathIllegalNumberException.java,16,0,0
src/main/java/org/apache/commons/math4/exception/MathIllegalStateException.java,17,0,0
src/main/java/org/apache/commons/math4/exception/MathInternalError.java,16,0,0
src/main/java/org/apache/commons/math4/exception/MathParseException.java,13,0,0
src/main/java/org/apache/commons/math4/exception/MathRuntimeException.java,33,0,0
src/main/java/org/apache/commons/math4/exception/MathUnsupportedOperationException.java,12,0,0
src/main/java/org/apache/commons/math4/exception/MaxCountExceededException.java,19,0,0
src/main/java/org/apache/commons/math4/exception/MultiDimensionMismatchException.java,31,0,0
src/main/java/org/apache/commons/math4/exception/NoBracketingException.java,36,0,0
src/main/java/org/apache/commons/math4/exception/NoDataException.java,12,0,0
src/main/java/org/apache/commons/math4/exception/NonMonotonicSequenceException.java,45,0,0
src/main/java/org/apache/commons/math4/exception/NotANumberException.java,8,0,0
src/main/java/org/apache/commons/math4/exception/NotFiniteNumberException.java,15,0,0
src/main/java/org/apache/commons/math4/exception/NotPositiveException.java,12,0,0
src/main/java/org/apache/commons/math4/exception/NotStrictlyPositiveException.java,12,0,0
src/main/java/org/apache/commons/math4/exception/NullArgumentException.java,30,0,0
src/main/java/org/apache/commons/math4/exception/NumberIsTooLargeException.java,30,0,0
src/main/java/org/apache/commons/math4/exception/NumberIsTooSmallException.java,30,0,0
src/main/java/org/apache/commons/math4/exception/OutOfRangeException.java,27,0,0
src/main/java/org/apache/commons/math4/exception/TooManyEvaluationsException.java,9,0,0
src/main/java/org/apache/commons/math4/exception/TooManyIterationsException.java,9,0,0
src/main/java/org/apache/commons/math4/exception/ZeroException.java,12,0,0
src/main/java/org/apache/commons/math4/filter/DefaultMeasurementModel.java,26,0,0
src/main/java/org/apache/commons/math4/filter/DefaultProcessModel.java,66,0,0
src/main/java/org/apache/commons/math4/filter/KalmanFilter.java,148,0,0
src/main/java/org/apache/commons/math4/filter/MeasurementModel.java,6,0,0
src/main/java/org/apache/commons/math4/filter/ProcessModel.java,10,0,0
src/main/java/org/apache/commons/math4/fitting/AbstractCurveFitter.java,57,0,0
src/main/java/org/apache/commons/math4/fitting/GaussianCurveFitter.java,215,0,0
src/main/java/org/apache/commons/math4/fitting/HarmonicCurveFitter.java,183,0,0
src/main/java/org/apache/commons/math4/fitting/PolynomialCurveFitter.java,53,0,0
src/main/java/org/apache/commons/math4/fitting/SimpleCurveFitter.java,55,0,0
src/main/java/org/apache/commons/math4/fitting/WeightedObservedPoint.java,22,0,0
src/main/java/org/apache/commons/math4/fitting/WeightedObservedPoints.java,24,0,0
src/main/java/org/apache/commons/math4/fraction/BigFraction.java,480,0,0
src/main/java/org/apache/commons/math4/fraction/BigFractionField.java,30,0,0
src/main/java/org/apache/commons/math4/fraction/Fraction.java,319,0,0
src/main/java/org/apache/commons/math4/fraction/FractionConversionException.java,12,0,0
src/main/java/org/apache/commons/math4/fraction/FractionField.java,30,0,0
src/main/java/org/apache/commons/math4/genetics/AbstractListChromosome.java,31,0,0
src/main/java/org/apache/commons/math4/genetics/BinaryChromosome.java,44,0,0
src/main/java/org/apache/commons/math4/genetics/BinaryMutation.java,19,0,0
src/main/java/org/apache/commons/math4/genetics/Chromosome.java,32,0,0
src/main/java/org/apache/commons/math4/genetics/ChromosomePair.java,20,0,0
src/main/java/org/apache/commons/math4/genetics/CrossoverPolicy.java,5,0,0
src/main/java/org/apache/commons/math4/genetics/CycleCrossover.java,72,0,0
src/main/java/org/apache/commons/math4/genetics/ElitisticListPopulation.java,44,0,0
src/main/java/org/apache/commons/math4/genetics/Fitness.java,4,0,0
src/main/java/org/apache/commons/math4/genetics/FixedElapsedTime.java,23,0,0
src/main/java/org/apache/commons/math4/genetics/FixedGenerationCount.java,23,0,0
src/main/java/org/apache/commons/math4/genetics/GeneticAlgorithm.java,86,0,0
src/main/java/org/apache/commons/math4/genetics/InvalidRepresentationException.java,9,0,0
src/main/java/org/apache/commons/math4/genetics/ListPopulation.java,90,0,0
src/main/java/org/apache/commons/math4/genetics/MutationPolicy.java,5,0,0
src/main/java/org/apache/commons/math4/genetics/NPointCrossover.java,67,0,0
src/main/java/org/apache/commons/math4/genetics/OnePointCrossover.java,39,0,0
src/main/java/org/apache/commons/math4/genetics/OrderedCrossover.java,64,0,0
src/main/java/org/apache/commons/math4/genetics/PermutationChromosome.java,5,0,0
src/main/java/org/apache/commons/math4/genetics/Population.java,9,0,0
src/main/java/org/apache/commons/math4/genetics/RandomKey.java,126,0,0
src/main/java/org/apache/commons/math4/genetics/RandomKeyMutation.java,20,0,0
src/main/java/org/apache/commons/math4/genetics/SelectionPolicy.java,5,0,0
src/main/java/org/apache/commons/math4/genetics/StoppingCondition.java,4,0,0
src/main/java/org/apache/commons/math4/genetics/TournamentSelection.java,41,0,0
src/main/java/org/apache/commons/math4/genetics/UniformCrossover.java,52,0,0
src/main/java/org/apache/commons/math4/geometry/Point.java,7,0,0
src/main/java/org/apache/commons/math4/geometry/Space.java,7,0,0
src/main/java/org/apache/commons/math4/geometry/Vector.java,26,0,0
src/main/java/org/apache/commons/math4/geometry/VectorFormat.java,102,0,0
src/main/java/org/apache/commons/math4/linear/AbstractFieldMatrix.java,821,0,0
src/main/java/org/apache/commons/math4/linear/AbstractRealMatrix.java,774,0,0
src/main/java/org/apache/commons/math4/linear/AnyMatrix.java,6,0,0
src/main/java/org/apache/commons/math4/linear/Array2DRowFieldMatrix.java,377,0,0
src/main/java/org/apache/commons/math4/linear/Array2DRowRealMatrix.java,395,0,0
src/main/java/org/apache/commons/math4/linear/ArrayFieldVector.java,618,0,0
src/main/java/org/apache/commons/math4/linear/ArrayRealVector.java,636,0,0
src/main/java/org/apache/commons/math4/linear/BiDiagonalTransformer.java,232,0,0
src/main/java/org/apache/commons/math4/linear/BlockFieldMatrix.java,1111,0,0
src/main/java/org/apache/commons/math4/linear/BlockRealMatrix.java,1133,0,0
src/main/java/org/apache/commons/math4/linear/CholeskyDecomposition.java,155,0,0
src/main/java/org/apache/commons/math4/linear/ConjugateGradient.java,111,0,0
src/main/java/org/apache/commons/math4/linear/DecompositionSolver.java,7,0,0
src/main/java/org/apache/commons/math4/linear/DefaultFieldMatrixChangingVisitor.java,21,0,0
src/main/java/org/apache/commons/math4/linear/DefaultFieldMatrixPreservingVisitor.java,19,0,0
src/main/java/org/apache/commons/math4/linear/DefaultIterativeLinearSolverEvent.java,49,0,0
src/main/java/org/apache/commons/math4/linear/DefaultRealMatrixChangingVisitor.java,15,0,0
src/main/java/org/apache/commons/math4/linear/DefaultRealMatrixPreservingVisitor.java,13,0,0
src/main/java/org/apache/commons/math4/linear/DiagonalMatrix.java,194,0,0
src/main/java/org/apache/commons/math4/linear/EigenDecomposition.java,559,0,0
src/main/java/org/apache/commons/math4/linear/FieldDecompositionSolver.java,8,0,0
src/main/java/org/apache/commons/math4/linear/FieldLUDecomposition.java,263,0,0
src/main/java/org/apache/commons/math4/linear/FieldMatrix.java,91,0,0
src/main/java/org/apache/commons/math4/linear/FieldMatrixChangingVisitor.java,8,0,0
src/main/java/org/apache/commons/math4/linear/FieldMatrixPreservingVisitor.java,8,0,0
src/main/java/org/apache/commons/math4/linear/FieldVector.java,44,0,0
src/main/java/org/apache/commons/math4/linear/FieldVectorChangingVisitor.java,7,0,0
src/main/java/org/apache/commons/math4/linear/FieldVectorPreservingVisitor.java,7,0,0
src/main/java/org/apache/commons/math4/linear/HessenbergTransformer.java,121,0,0
src/main/java/org/apache/commons/math4/linear/IllConditionedOperatorException.java,10,0,0
src/main/java/org/apache/commons/math4/linear/IterativeLinearSolver.java,57,0,0
src/main/java/org/apache/commons/math4/linear/IterativeLinearSolverEvent.java,19,0,0
src/main/java/org/apache/commons/math4/linear/JacobiPreconditioner.java,64,0,0
src/main/java/org/apache/commons/math4/linear/LUDecomposition.java,224,0,0
src/main/java/org/apache/commons/math4/linear/MatrixDimensionMismatchException.java,26,0,0
src/main/java/org/apache/commons/math4/linear/MatrixUtils.java,525,0,0
src/main/java/org/apache/commons/math4/linear/NonPositiveDefiniteMatrixException.java,28,0,0
src/main/java/org/apache/commons/math4/linear/NonPositiveDefiniteOperatorException.java,10,0,0
src/main/java/org/apache/commons/math4/linear/NonSelfAdjointOperatorException.java,10,0,0
src/main/java/org/apache/commons/math4/linear/NonSquareMatrixException.java,10,0,0
src/main/java/org/apache/commons/math4/linear/NonSquareOperatorException.java,9,0,0
src/main/java/org/apache/commons/math4/linear/NonSymmetricMatrixException.java,26,0,0
src/main/java/org/apache/commons/math4/linear/OpenMapRealMatrix.java,176,0,0
src/main/java/org/apache/commons/math4/linear/OpenMapRealVector.java,511,0,0
src/main/java/org/apache/commons/math4/linear/PreconditionedIterativeLinearSolver.java,74,0,0
src/main/java/org/apache/commons/math4/linear/QRDecomposition.java,260,0,0
src/main/java/org/apache/commons/math4/linear/RealLinearOperator.java,15,0,0
src/main/java/org/apache/commons/math4/linear/RealMatrix.java,99,0,0
src/main/java/org/apache/commons/math4/linear/RealMatrixChangingVisitor.java,7,0,0
src/main/java/org/apache/commons/math4/linear/RealMatrixFormat.java,192,0,0
src/main/java/org/apache/commons/math4/linear/RealMatrixPreservingVisitor.java,7,0,0
src/main/java/org/apache/commons/math4/linear/RealVector.java,699,0,0
src/main/java/org/apache/commons/math4/linear/RealVectorChangingVisitor.java,6,0,0
src/main/java/org/apache/commons/math4/linear/RealVectorFormat.java,126,0,0
src/main/java/org/apache/commons/math4/linear/RealVectorPreservingVisitor.java,6,0,0
src/main/java/org/apache/commons/math4/linear/RectangularCholeskyDecomposition.java,82,0,0
src/main/java/org/apache/commons/math4/linear/RRQRDecomposition.java,99,0,0
src/main/java/org/apache/commons/math4/linear/SchurTransformer.java,265,0,0
src/main/java/org/apache/commons/math4/linear/SingularMatrixException.java,9,0,0
src/main/java/org/apache/commons/math4/linear/SingularOperatorException.java,10,0,0
src/main/java/org/apache/commons/math4/linear/SingularValueDecomposition.java,464,0,0
src/main/java/org/apache/commons/math4/linear/SparseFieldMatrix.java,98,0,0
src/main/java/org/apache/commons/math4/linear/SparseFieldVector.java,485,0,0
src/main/java/org/apache/commons/math4/linear/SparseRealMatrix.java,3,0,0
src/main/java/org/apache/commons/math4/linear/SparseRealVector.java,2,0,0
src/main/java/org/apache/commons/math4/linear/SymmLQ.java,437,0,0
src/main/java/org/apache/commons/math4/linear/TriDiagonalTransformer.java,135,0,0
src/main/java/org/apache/commons/math4/ode/AbstractFieldIntegrator.java,249,0,0
src/main/java/org/apache/commons/math4/ode/AbstractIntegrator.java,257,0,0
src/main/java/org/apache/commons/math4/ode/AbstractParameterizable.java,35,0,0
src/main/java/org/apache/commons/math4/ode/ContinuousOutputFieldModel.java,172,0,0
src/main/java/org/apache/commons/math4/ode/ContinuousOutputModel.java,183,0,0
src/main/java/org/apache/commons/math4/ode/EquationsMapper.java,32,0,0
src/main/java/org/apache/commons/math4/ode/ExpandableStatefulODE.java,130,0,0
src/main/java/org/apache/commons/math4/ode/FieldEquationsMapper.java,102,0,0
src/main/java/org/apache/commons/math4/ode/FieldExpandableODE.java,49,0,0
src/main/java/org/apache/commons/math4/ode/FieldODEState.java,45,0,0
src/main/java/org/apache/commons/math4/ode/FieldODEStateAndDerivative.java,20,0,0
src/main/java/org/apache/commons/math4/ode/FieldSecondaryEquations.java,10,0,0
src/main/java/org/apache/commons/math4/ode/FirstOrderConverter.java,27,0,0
src/main/java/org/apache/commons/math4/ode/FirstOrderDifferentialEquations.java,8,0,0
src/main/java/org/apache/commons/math4/ode/FirstOrderFieldDifferentialEquations.java,7,0,0
src/main/java/org/apache/commons/math4/ode/FirstOrderFieldIntegrator.java,30,0,0
src/main/java/org/apache/commons/math4/ode/FirstOrderIntegrator.java,11,0,0
src/main/java/org/apache/commons/math4/ode/JacobianMatrices.java,237,0,0
src/main/java/org/apache/commons/math4/ode/MainStateJacobianProvider.java,7,0,0
src/main/java/org/apache/commons/math4/ode/MultistepFieldIntegrator.java,180,0,0
src/main/java/org/apache/commons/math4/ode/MultistepIntegrator.java,190,0,0
src/main/java/org/apache/commons/math4/ode/ODEIntegrator.java,23,0,0
src/main/java/org/apache/commons/math4/ode/ParameterConfiguration.java,20,0,0
src/main/java/org/apache/commons/math4/ode/Parameterizable.java,6,0,0
src/main/java/org/apache/commons/math4/ode/ParameterizedODE.java,5,0,0
src/main/java/org/apache/commons/math4/ode/ParameterizedWrapper.java,37,0,0
src/main/java/org/apache/commons/math4/ode/ParameterJacobianProvider.java,8,0,0
src/main/java/org/apache/commons/math4/ode/ParameterJacobianWrapper.java,52,0,0
src/main/java/org/apache/commons/math4/ode/SecondaryEquations.java,9,0,0
src/main/java/org/apache/commons/math4/ode/SecondOrderDifferentialEquations.java,5,0,0
src/main/java/org/apache/commons/math4/ode/SecondOrderIntegrator.java,9,0,0
src/main/java/org/apache/commons/math4/ode/UnknownParameterException.java,14,0,0
src/main/java/org/apache/commons/math4/optim/AbstractConvergenceChecker.java,21,0,0
src/main/java/org/apache/commons/math4/optim/AbstractOptimizationProblem.java,45,0,0
src/main/java/org/apache/commons/math4/optim/BaseMultiStartMultivariateOptimizer.java,98,0,0
src/main/java/org/apache/commons/math4/optim/BaseMultivariateOptimizer.java,72,0,0
src/main/java/org/apache/commons/math4/optim/BaseOptimizer.java,84,0,0
src/main/java/org/apache/commons/math4/optim/ConvergenceChecker.java,4,0,0
src/main/java/org/apache/commons/math4/optim/InitialGuess.java,10,0,0
src/main/java/org/apache/commons/math4/optim/MaxEval.java,17,0,0
src/main/java/org/apache/commons/math4/optim/MaxIter.java,17,0,0
src/main/java/org/apache/commons/math4/optim/OptimizationData.java,2,0,0
src/main/java/org/apache/commons/math4/optim/OptimizationProblem.java,7,0,0
src/main/java/org/apache/commons/math4/optim/PointValuePair.java,40,0,0
src/main/java/org/apache/commons/math4/optim/PointVectorValuePair.java,52,0,0
src/main/java/org/apache/commons/math4/optim/SimpleBounds.java,24,0,0
src/main/java/org/apache/commons/math4/optim/SimplePointChecker.java,44,0,0
src/main/java/org/apache/commons/math4/optim/SimpleValueChecker.java,36,0,0
src/main/java/org/apache/commons/math4/optim/SimpleVectorValueChecker.java,43,0,0
src/main/java/org/apache/commons/math4/random/CorrelatedRandomVectorGenerator.java,61,0,0
src/main/java/org/apache/commons/math4/random/GaussianRandomGenerator.java,14,0,0
src/main/java/org/apache/commons/math4/random/HaltonSequenceGenerator.java,66,0,0
src/main/java/org/apache/commons/math4/random/NormalizedRandomGenerator.java,4,0,0
src/main/java/org/apache/commons/math4/random/RandomGenerator.java,15,0,0
src/main/java/org/apache/commons/math4/random/RandomUtils.java,170,0,0
src/main/java/org/apache/commons/math4/random/RandomVectorGenerator.java,4,0,0
src/main/java/org/apache/commons/math4/random/RngAdaptor.java,101,0,0
src/main/java/org/apache/commons/math4/random/SobolSequenceGenerator.java,160,0,0
src/main/java/org/apache/commons/math4/random/StableRandomGenerator.java,71,0,0
src/main/java/org/apache/commons/math4/random/SynchronizedRandomGenerator.java,52,0,0
src/main/java/org/apache/commons/math4/random/UncorrelatedRandomVectorGenerator.java,34,0,0
src/main/java/org/apache/commons/math4/random/UniformRandomGenerator.java,14,0,0
src/main/java/org/apache/commons/math4/special/BesselJ.java,377,0,0
src/main/java/org/apache/commons/math4/stat/Frequency.java,191,0,0
src/main/java/org/apache/commons/math4/stat/StatUtils.java,213,0,0
src/main/java/org/apache/commons/math4/transform/DctNormalization.java,5,0,0
src/main/java/org/apache/commons/math4/transform/DftNormalization.java,5,0,0
src/main/java/org/apache/commons/math4/transform/DstNormalization.java,5,0,0
src/main/java/org/apache/commons/math4/transform/FastCosineTransformer.java,80,0,0
src/main/java/org/apache/commons/math4/transform/FastFourierTransformer.java,230,0,0
src/main/java/org/apache/commons/math4/transform/FastHadamardTransformer.java,76,0,0
src/main/java/org/apache/commons/math4/transform/FastSineTransformer.java,73,0,0
src/main/java/org/apache/commons/math4/transform/RealTransformer.java,11,0,0
src/main/java/org/apache/commons/math4/transform/TransformType.java,5,0,0
src/main/java/org/apache/commons/math4/transform/TransformUtils.java,69,0,0
src/main/java/org/apache/commons/math4/util/BigReal.java,145,0,0
src/main/java/org/apache/commons/math4/util/BigRealField.java,30,0,0
src/main/java/org/apache/commons/math4/util/CentralPivotingStrategy.java,12,0,0
src/main/java/org/apache/commons/math4/util/CombinatoricsUtils.java,63,0,0
src/main/java/org/apache/commons/math4/util/CompositeFormat.java,100,0,0
src/main/java/org/apache/commons/math4/util/Decimal64.java,351,0,0
src/main/java/org/apache/commons/math4/util/Decimal64Field.java,23,0,0
src/main/java/org/apache/commons/math4/util/DefaultTransformer.java,35,0,0
src/main/java/org/apache/commons/math4/util/DoubleArray.java,11,0,0
src/main/java/org/apache/commons/math4/util/FastMath.java,2344,0,0
src/main/java/org/apache/commons/math4/util/FastMathCalc.java,381,0,0
src/main/java/org/apache/commons/math4/util/FastMathLiteralArrays.java,6103,0,0
src/main/java/org/apache/commons/math4/util/Incrementor.java,57,0,0
src/main/java/org/apache/commons/math4/util/IntegerSequence.java,146,0,0
src/main/java/org/apache/commons/math4/util/IterationEvent.java,13,0,0
src/main/java/org/apache/commons/math4/util/IterationListener.java,8,0,0
src/main/java/org/apache/commons/math4/util/IterationManager.java,56,0,0
src/main/java/org/apache/commons/math4/util/KthSelector.java,74,0,0
src/main/java/org/apache/commons/math4/util/MathArrays.java,637,0,0
src/main/java/org/apache/commons/math4/util/MathUtils.java,111,0,0
src/main/java/org/apache/commons/math4/util/MedianOf3PivotingStrategy.java,29,0,0
src/main/java/org/apache/commons/math4/util/MultidimensionalCounter.java,130,0,0
src/main/java/org/apache/commons/math4/util/NumberTransformer.java,5,0,0
src/main/java/org/apache/commons/math4/util/OpenIntToDoubleHashMap.java,302,0,0
src/main/java/org/apache/commons/math4/util/OpenIntToFieldHashMap.java,312,0,0
src/main/java/org/apache/commons/math4/util/Pair.java,55,0,0
src/main/java/org/apache/commons/math4/util/PivotingStrategyInterface.java,6,0,0
src/main/java/org/apache/commons/math4/util/RandomPivotingStrategy.java,38,0,0
src/main/java/org/apache/commons/math4/util/ResizableDoubleArray.java,297,0,0
src/main/java/org/apache/commons/math4/util/TransformerMap.java,83,0,0
src/main/java/org/apache/commons/math4/analysis/differentiation/DerivativeStructure.java,637,0,0
src/main/java/org/apache/commons/math4/analysis/differentiation/DSCompiler.java,885,0,0
src/main/java/org/apache/commons/math4/analysis/differentiation/FiniteDifferencesDifferentiator.java,169,0,0
src/main/java/org/apache/commons/math4/analysis/differentiation/GradientFunction.java,24,0,0
src/main/java/org/apache/commons/math4/analysis/differentiation/JacobianFunction.java,26,0,0
src/main/java/org/apache/commons/math4/analysis/differentiation/MultivariateDifferentiableFunction.java,7,0,0
src/main/java/org/apache/commons/math4/analysis/differentiation/MultivariateDifferentiableVectorFunction.java,8,0,0
src/main/java/org/apache/commons/math4/analysis/differentiation/SparseGradient.java,555,0,0
src/main/java/org/apache/commons/math4/analysis/differentiation/UnivariateDifferentiableFunction.java,7,0,0
src/main/java/org/apache/commons/math4/analysis/differentiation/UnivariateDifferentiableMatrixFunction.java,7,0,0
src/main/java/org/apache/commons/math4/analysis/differentiation/UnivariateDifferentiableVectorFunction.java,7,0,0
src/main/java/org/apache/commons/math4/analysis/differentiation/UnivariateFunctionDifferentiator.java,5,0,0
src/main/java/org/apache/commons/math4/analysis/differentiation/UnivariateMatrixFunctionDifferentiator.java,5,0,0
src/main/java/org/apache/commons/math4/analysis/differentiation/UnivariateVectorFunctionDifferentiator.java,5,0,0
src/main/java/org/apache/commons/math4/analysis/function/Abs.java,9,0,0
src/main/java/org/apache/commons/math4/analysis/function/Acos.java,14,0,0
src/main/java/org/apache/commons/math4/analysis/function/Acosh.java,14,0,0
src/main/java/org/apache/commons/math4/analysis/function/Add.java,8,0,0
src/main/java/org/apache/commons/math4/analysis/function/Asin.java,14,0,0
src/main/java/org/apache/commons/math4/analysis/function/Asinh.java,14,0,0
src/main/java/org/apache/commons/math4/analysis/function/Atan.java,14,0,0
src/main/java/org/apache/commons/math4/analysis/function/Atan2.java,9,0,0
src/main/java/org/apache/commons/math4/analysis/function/Atanh.java,14,0,0
src/main/java/org/apache/commons/math4/analysis/function/Cbrt.java,14,0,0
src/main/java/org/apache/commons/math4/analysis/function/Ceil.java,9,0,0
src/main/java/org/apache/commons/math4/analysis/function/Constant.java,17,0,0
src/main/java/org/apache/commons/math4/analysis/function/Cos.java,14,0,0
src/main/java/org/apache/commons/math4/analysis/function/Cosh.java,14,0,0
src/main/java/org/apache/commons/math4/analysis/function/Divide.java,8,0,0
src/main/java/org/apache/commons/math4/analysis/function/Exp.java,14,0,0
src/main/java/org/apache/commons/math4/analysis/function/Expm1.java,14,0,0
src/main/java/org/apache/commons/math4/analysis/function/Floor.java,9,0,0
src/main/java/org/apache/commons/math4/analysis/function/Gaussian.java,119,0,0
src/main/java/org/apache/commons/math4/analysis/function/HarmonicOscillator.java,76,0,0
src/main/java/org/apache/commons/math4/analysis/function/Identity.java,13,0,0
src/main/java/org/apache/commons/math4/analysis/function/Inverse.java,13,0,0
src/main/java/org/apache/commons/math4/analysis/function/Log.java,14,0,0
src/main/java/org/apache/commons/math4/analysis/function/Log10.java,14,0,0
src/main/java/org/apache/commons/math4/analysis/function/Log1p.java,14,0,0
src/main/java/org/apache/commons/math4/analysis/function/Logistic.java,98,0,0
src/main/java/org/apache/commons/math4/analysis/function/Logit.java,91,0,0
src/main/java/org/apache/commons/math4/analysis/function/Max.java,9,0,0
src/main/java/org/apache/commons/math4/analysis/function/Min.java,9,0,0
src/main/java/org/apache/commons/math4/analysis/function/Minus.java,13,0,0
src/main/java/org/apache/commons/math4/analysis/function/Multiply.java,8,0,0
src/main/java/org/apache/commons/math4/analysis/function/Pow.java,9,0,0
src/main/java/org/apache/commons/math4/analysis/function/Power.java,18,0,0
src/main/java/org/apache/commons/math4/analysis/function/Rint.java,9,0,0
src/main/java/org/apache/commons/math4/analysis/function/Sigmoid.java,86,0,0
src/main/java/org/apache/commons/math4/analysis/function/Signum.java,9,0,0
src/main/java/org/apache/commons/math4/analysis/function/Sin.java,14,0,0
src/main/java/org/apache/commons/math4/analysis/function/Sinc.java,83,0,0
src/main/java/org/apache/commons/math4/analysis/function/Sinh.java,14,0,0
src/main/java/org/apache/commons/math4/analysis/function/Sqrt.java,14,0,0
src/main/java/org/apache/commons/math4/analysis/function/StepFunction.java,44,0,0
src/main/java/org/apache/commons/math4/analysis/function/Subtract.java,8,0,0
src/main/java/org/apache/commons/math4/analysis/function/Tan.java,14,0,0
src/main/java/org/apache/commons/math4/analysis/function/Tanh.java,14,0,0
src/main/java/org/apache/commons/math4/analysis/function/Ulp.java,9,0,0
src/main/java/org/apache/commons/math4/analysis/integration/BaseAbstractUnivariateIntegrator.java,116,0,0
src/main/java/org/apache/commons/math4/analysis/integration/IterativeLegendreGaussIntegrator.java,85,0,0
src/main/java/org/apache/commons/math4/analysis/integration/MidPointIntegrator.java,71,0,0
src/main/java/org/apache/commons/math4/analysis/integration/RombergIntegrator.java,66,0,0
src/main/java/org/apache/commons/math4/analysis/integration/SimpsonIntegrator.java,58,0,0
src/main/java/org/apache/commons/math4/analysis/integration/TrapezoidIntegrator.java,79,0,0
src/main/java/org/apache/commons/math4/analysis/integration/UnivariateIntegrator.java,18,0,0
src/main/java/org/apache/commons/math4/analysis/interpolation/AkimaSplineInterpolator.java,116,0,0
src/main/java/org/apache/commons/math4/analysis/interpolation/BicubicInterpolatingFunction.java,179,0,0
src/main/java/org/apache/commons/math4/analysis/interpolation/BicubicInterpolator.java,61,0,0
src/main/java/org/apache/commons/math4/analysis/interpolation/BivariateGridInterpolator.java,12,0,0
src/main/java/org/apache/commons/math4/analysis/interpolation/DividedDifferenceInterpolator.java,40,0,0
src/main/java/org/apache/commons/math4/analysis/interpolation/FieldHermiteInterpolator.java,104,0,0
src/main/java/org/apache/commons/math4/analysis/interpolation/HermiteInterpolator.java,111,0,0
src/main/java/org/apache/commons/math4/analysis/interpolation/InterpolatingMicrosphere.java,173,0,0
src/main/java/org/apache/commons/math4/analysis/interpolation/InterpolatingMicrosphere2D.java,25,0,0
src/main/java/org/apache/commons/math4/analysis/interpolation/LinearInterpolator.java,37,0,0
src/main/java/org/apache/commons/math4/analysis/interpolation/LoessInterpolator.java,204,0,0
src/main/java/org/apache/commons/math4/analysis/interpolation/MicrosphereProjectionInterpolator.java,82,0,0
src/main/java/org/apache/commons/math4/analysis/interpolation/MultivariateInterpolator.java,11,0,0
src/main/java/org/apache/commons/math4/analysis/interpolation/NevilleInterpolator.java,17,0,0
src/main/java/org/apache/commons/math4/analysis/interpolation/PiecewiseBicubicSplineInterpolatingFunction.java,117,0,0
src/main/java/org/apache/commons/math4/analysis/interpolation/PiecewiseBicubicSplineInterpolator.java,32,0,0
src/main/java/org/apache/commons/math4/analysis/interpolation/SplineInterpolator.java,60,0,0
src/main/java/org/apache/commons/math4/analysis/interpolation/TricubicInterpolatingFunction.java,335,0,0
src/main/java/org/apache/commons/math4/analysis/interpolation/TricubicInterpolator.java,95,0,0
src/main/java/org/apache/commons/math4/analysis/interpolation/TrivariateGridInterpolator.java,12,0,0
src/main/java/org/apache/commons/math4/analysis/interpolation/UnivariateInterpolator.java,8,0,0
src/main/java/org/apache/commons/math4/analysis/interpolation/UnivariatePeriodicInterpolator.java,59,0,0
src/main/java/org/apache/commons/math4/analysis/polynomials/PolynomialFunction.java,219,0,0
src/main/java/org/apache/commons/math4/analysis/polynomials/PolynomialFunctionLagrangeForm.java,141,0,0
src/main/java/org/apache/commons/math4/analysis/polynomials/PolynomialFunctionNewtonForm.java,95,0,0
src/main/java/org/apache/commons/math4/analysis/polynomials/PolynomialSplineFunction.java,94,0,0
src/main/java/org/apache/commons/math4/analysis/polynomials/PolynomialsUtils.java,195,0,0
src/main/java/org/apache/commons/math4/analysis/solvers/AbstractPolynomialSolver.java,28,0,0
src/main/java/org/apache/commons/math4/analysis/solvers/AbstractUnivariateDifferentiableSolver.java,28,0,0
src/main/java/org/apache/commons/math4/analysis/solvers/AbstractUnivariateSolver.java,18,0,0
src/main/java/org/apache/commons/math4/analysis/solvers/AllowedSolution.java,8,0,0
src/main/java/org/apache/commons/math4/analysis/solvers/BaseAbstractUnivariateSolver.java,140,0,0
src/main/java/org/apache/commons/math4/analysis/solvers/BaseSecantSolver.java,149,0,0
src/main/java/org/apache/commons/math4/analysis/solvers/BaseUnivariateSolver.java,16,0,0
src/main/java/org/apache/commons/math4/analysis/solvers/BisectionSolver.java,41,0,0
src/main/java/org/apache/commons/math4/analysis/solvers/BracketedRealFieldUnivariateSolver.java,14,0,0
src/main/java/org/apache/commons/math4/analysis/solvers/BracketedUnivariateSolver.java,9,0,0
src/main/java/org/apache/commons/math4/analysis/solvers/BracketingNthOrderBrentSolver.java,227,0,0
src/main/java/org/apache/commons/math4/analysis/solvers/BrentSolver.java,132,0,0
src/main/java/org/apache/commons/math4/analysis/solvers/FieldBracketingNthOrderBrentSolver.java,222,0,0
src/main/java/org/apache/commons/math4/analysis/solvers/IllinoisSolver.java,18,0,0
src/main/java/org/apache/commons/math4/analysis/solvers/LaguerreSolver.java,200,0,0
src/main/java/org/apache/commons/math4/analysis/solvers/MullerSolver.java,99,0,0
src/main/java/org/apache/commons/math4/analysis/solvers/MullerSolver2.java,84,0,0
src/main/java/org/apache/commons/math4/analysis/solvers/NewtonRaphsonSolver.java,36,0,0
src/main/java/org/apache/commons/math4/analysis/solvers/PegasusSolver.java,18,0,0
src/main/java/org/apache/commons/math4/analysis/solvers/PolynomialSolver.java,4,0,0
src/main/java/org/apache/commons/math4/analysis/solvers/RegulaFalsiSolver.java,18,0,0
src/main/java/org/apache/commons/math4/analysis/solvers/RiddersSolver.java,80,0,0
src/main/java/org/apache/commons/math4/analysis/solvers/SecantSolver.java,53,0,0
src/main/java/org/apache/commons/math4/analysis/solvers/UnivariateDifferentiableSolver.java,4,0,0
src/main/java/org/apache/commons/math4/analysis/solvers/UnivariateSolver.java,4,0,0
src/main/java/org/apache/commons/math4/analysis/solvers/UnivariateSolverUtils.java,195,0,0
src/main/java/org/apache/commons/math4/distribution/fitting/MultivariateNormalMixtureExpectationMaximization.java,220,0,0
src/main/java/org/apache/commons/math4/exception/util/ArgUtils.java,21,0,0
src/main/java/org/apache/commons/math4/exception/util/DummyLocalizable.java,21,0,0
src/main/java/org/apache/commons/math4/exception/util/ExceptionContext.java,149,0,0
src/main/java/org/apache/commons/math4/exception/util/ExceptionContextProvider.java,4,0,0
src/main/java/org/apache/commons/math4/exception/util/Localizable.java,7,0,0
src/main/java/org/apache/commons/math4/exception/util/LocalizedFormats.java,355,0,0
src/main/java/org/apache/commons/math4/fitting/leastsquares/AbstractEvaluation.java,49,0,0
src/main/java/org/apache/commons/math4/fitting/leastsquares/DenseWeightedEvaluation.java,26,0,0
src/main/java/org/apache/commons/math4/fitting/leastsquares/EvaluationRmsChecker.java,24,0,0
src/main/java/org/apache/commons/math4/fitting/leastsquares/GaussNewtonOptimizer.java,155,0,0
src/main/java/org/apache/commons/math4/fitting/leastsquares/LeastSquaresAdapter.java,38,0,0
src/main/java/org/apache/commons/math4/fitting/leastsquares/LeastSquaresBuilder.java,80,0,0
src/main/java/org/apache/commons/math4/fitting/leastsquares/LeastSquaresFactory.java,285,0,0
src/main/java/org/apache/commons/math4/fitting/leastsquares/LeastSquaresOptimizer.java,8,0,0
src/main/java/org/apache/commons/math4/fitting/leastsquares/LeastSquaresProblem.java,21,0,0
src/main/java/org/apache/commons/math4/fitting/leastsquares/LevenbergMarquardtOptimizer.java,583,0,0
src/main/java/org/apache/commons/math4/fitting/leastsquares/MultivariateJacobianFunction.java,7,0,0
src/main/java/org/apache/commons/math4/fitting/leastsquares/OptimumImpl.java,59,0,0
src/main/java/org/apache/commons/math4/fitting/leastsquares/ParameterValidator.java,5,0,0
src/main/java/org/apache/commons/math4/fitting/leastsquares/ValueAndJacobianFunction.java,7,0,0
src/main/java/org/apache/commons/math4/geometry/enclosing/Encloser.java,6,0,0
src/main/java/org/apache/commons/math4/geometry/enclosing/EnclosingBall.java,34,0,0
src/main/java/org/apache/commons/math4/geometry/enclosing/SupportBallGenerator.java,7,0,0
src/main/java/org/apache/commons/math4/geometry/enclosing/WelzlEncloser.java,75,0,0
src/main/java/org/apache/commons/math4/geometry/hull/ConvexHull.java,10,0,0
src/main/java/org/apache/commons/math4/geometry/hull/ConvexHullGenerator.java,9,0,0
src/main/java/org/apache/commons/math4/geometry/partitioning/AbstractRegion.java,280,0,0
src/main/java/org/apache/commons/math4/geometry/partitioning/AbstractSubHyperplane.java,89,0,0
src/main/java/org/apache/commons/math4/geometry/partitioning/BoundaryAttribute.java,23,0,0
src/main/java/org/apache/commons/math4/geometry/partitioning/BoundaryBuilder.java,44,0,0
src/main/java/org/apache/commons/math4/geometry/partitioning/BoundaryProjection.java,22,0,0
src/main/java/org/apache/commons/math4/geometry/partitioning/BoundaryProjector.java,96,0,0
src/main/java/org/apache/commons/math4/geometry/partitioning/BoundarySizeVisitor.java,30,0,0
src/main/java/org/apache/commons/math4/geometry/partitioning/BSPTree.java,353,0,0
src/main/java/org/apache/commons/math4/geometry/partitioning/BSPTreeVisitor.java,15,0,0
src/main/java/org/apache/commons/math4/geometry/partitioning/Characterization.java,84,0,0
src/main/java/org/apache/commons/math4/geometry/partitioning/Embedding.java,7,0,0
src/main/java/org/apache/commons/math4/geometry/partitioning/Hyperplane.java,12,0,0
src/main/java/org/apache/commons/math4/geometry/partitioning/InsideFinder.java,81,0,0
src/main/java/org/apache/commons/math4/geometry/partitioning/NodesSet.java,28,0,0
src/main/java/org/apache/commons/math4/geometry/partitioning/Region.java,24,0,0
src/main/java/org/apache/commons/math4/geometry/partitioning/RegionFactory.java,216,0,0
src/main/java/org/apache/commons/math4/geometry/partitioning/Side.java,7,0,0
src/main/java/org/apache/commons/math4/geometry/partitioning/SubHyperplane.java,38,0,0
src/main/java/org/apache/commons/math4/geometry/partitioning/Transform.java,8,0,0
src/main/java/org/apache/commons/math4/ml/clustering/CentroidCluster.java,12,0,0
src/main/java/org/apache/commons/math4/ml/clustering/Cluster.java,17,0,0
src/main/java/org/apache/commons/math4/ml/clustering/Clusterable.java,4,0,0
src/main/java/org/apache/commons/math4/ml/clustering/Clusterer.java,20,0,0
src/main/java/org/apache/commons/math4/ml/clustering/DBSCANClusterer.java,106,0,0
src/main/java/org/apache/commons/math4/ml/clustering/DoublePoint.java,35,0,0
src/main/java/org/apache/commons/math4/ml/clustering/FuzzyKMeansClusterer.java,210,0,0
src/main/java/org/apache/commons/math4/ml/clustering/KMeansPlusPlusClusterer.java,276,0,0
src/main/java/org/apache/commons/math4/ml/clustering/MultiKMeansPlusPlusClusterer.java,48,0,0
src/main/java/org/apache/commons/math4/ml/distance/CanberraDistance.java,19,0,0
src/main/java/org/apache/commons/math4/ml/distance/ChebyshevDistance.java,11,0,0
src/main/java/org/apache/commons/math4/ml/distance/DistanceMeasure.java,6,0,0
src/main/java/org/apache/commons/math4/ml/distance/EarthMoversDistance.java,20,0,0
src/main/java/org/apache/commons/math4/ml/distance/EuclideanDistance.java,11,0,0
src/main/java/org/apache/commons/math4/ml/distance/ManhattanDistance.java,11,0,0
src/main/java/org/apache/commons/math4/ml/neuralnet/FeatureInitializer.java,4,0,0
src/main/java/org/apache/commons/math4/ml/neuralnet/FeatureInitializerFactory.java,42,0,0
src/main/java/org/apache/commons/math4/ml/neuralnet/MapUtils.java,166,0,0
src/main/java/org/apache/commons/math4/ml/neuralnet/Network.java,238,0,0
src/main/java/org/apache/commons/math4/ml/neuralnet/Neuron.java,93,0,0
src/main/java/org/apache/commons/math4/ml/neuralnet/SquareNeighbourhood.java,5,0,0
src/main/java/org/apache/commons/math4/ml/neuralnet/UpdateAction.java,4,0,0
src/main/java/org/apache/commons/math4/ode/events/Action.java,7,0,0
src/main/java/org/apache/commons/math4/ode/events/EventFilter.java,79,0,0
src/main/java/org/apache/commons/math4/ode/events/EventHandler.java,13,0,0
src/main/java/org/apache/commons/math4/ode/events/EventState.java,216,0,0
src/main/java/org/apache/commons/math4/ode/events/FieldEventHandler.java,10,0,0
src/main/java/org/apache/commons/math4/ode/events/FieldEventState.java,164,0,0
src/main/java/org/apache/commons/math4/ode/events/FilterType.java,177,0,0
src/main/java/org/apache/commons/math4/ode/events/Transformer.java,36,0,0
src/main/java/org/apache/commons/math4/ode/nonstiff/AdamsBashforthFieldIntegrator.java,132,0,0
src/main/java/org/apache/commons/math4/ode/nonstiff/AdamsBashforthIntegrator.java,133,0,0
src/main/java/org/apache/commons/math4/ode/nonstiff/AdamsFieldIntegrator.java,54,0,0
src/main/java/org/apache/commons/math4/ode/nonstiff/AdamsFieldStepInterpolator.java,88,0,0
src/main/java/org/apache/commons/math4/ode/nonstiff/AdamsIntegrator.java,47,0,0
src/main/java/org/apache/commons/math4/ode/nonstiff/AdamsMoultonFieldIntegrator.java,160,0,0
src/main/java/org/apache/commons/math4/ode/nonstiff/AdamsMoultonIntegrator.java,160,0,0
src/main/java/org/apache/commons/math4/ode/nonstiff/AdamsNordsieckFieldTransformer.java,126,0,0
src/main/java/org/apache/commons/math4/ode/nonstiff/AdamsNordsieckTransformer.java,125,0,0
src/main/java/org/apache/commons/math4/ode/nonstiff/AdaptiveStepsizeFieldIntegrator.java,157,0,0
src/main/java/org/apache/commons/math4/ode/nonstiff/AdaptiveStepsizeIntegrator.java,161,0,0
src/main/java/org/apache/commons/math4/ode/nonstiff/ClassicalRungeKuttaFieldIntegrator.java,54,0,0
src/main/java/org/apache/commons/math4/ode/nonstiff/ClassicalRungeKuttaFieldStepInterpolator.java,63,0,0
src/main/java/org/apache/commons/math4/ode/nonstiff/ClassicalRungeKuttaIntegrator.java,18,0,0
src/main/java/org/apache/commons/math4/ode/nonstiff/ClassicalRungeKuttaStepInterpolator.java,55,0,0
src/main/java/org/apache/commons/math4/ode/nonstiff/DormandPrince54FieldIntegrator.java,128,0,0
src/main/java/org/apache/commons/math4/ode/nonstiff/DormandPrince54FieldStepInterpolator.java,176,0,0
src/main/java/org/apache/commons/math4/ode/nonstiff/DormandPrince54Integrator.java,59,0,0
src/main/java/org/apache/commons/math4/ode/nonstiff/DormandPrince54StepInterpolator.java,112,0,0
src/main/java/org/apache/commons/math4/ode/nonstiff/DormandPrince853FieldIntegrator.java,294,0,0
src/main/java/org/apache/commons/math4/ode/nonstiff/DormandPrince853FieldStepInterpolator.java,231,0,0
src/main/java/org/apache/commons/math4/ode/nonstiff/DormandPrince853Integrator.java,127,0,0
src/main/java/org/apache/commons/math4/ode/nonstiff/DormandPrince853StepInterpolator.java,280,0,0
src/main/java/org/apache/commons/math4/ode/nonstiff/EmbeddedRungeKuttaFieldIntegrator.java,181,0,0
src/main/java/org/apache/commons/math4/ode/nonstiff/EmbeddedRungeKuttaIntegrator.java,181,0,0
src/main/java/org/apache/commons/math4/ode/nonstiff/EulerFieldIntegrator.java,36,0,0
src/main/java/org/apache/commons/math4/ode/nonstiff/EulerFieldStepInterpolator.java,47,0,0
src/main/java/org/apache/commons/math4/ode/nonstiff/EulerIntegrator.java,13,0,0
src/main/java/org/apache/commons/math4/ode/nonstiff/EulerStepInterpolator.java,30,0,0
src/main/java/org/apache/commons/math4/ode/nonstiff/FieldButcherArrayProvider.java,7,0,0
src/main/java/org/apache/commons/math4/ode/nonstiff/GillFieldIntegrator.java,58,0,0
src/main/java/org/apache/commons/math4/ode/nonstiff/GillFieldStepInterpolator.java,72,0,0
src/main/java/org/apache/commons/math4/ode/nonstiff/GillIntegrator.java,18,0,0
src/main/java/org/apache/commons/math4/ode/nonstiff/GillStepInterpolator.java,64,0,0
src/main/java/org/apache/commons/math4/ode/nonstiff/GraggBulirschStoerIntegrator.java,510,0,0
src/main/java/org/apache/commons/math4/ode/nonstiff/GraggBulirschStoerStepInterpolator.java,210,0,0
src/main/java/org/apache/commons/math4/ode/nonstiff/HighamHall54FieldIntegrator.java,125,0,0
src/main/java/org/apache/commons/math4/ode/nonstiff/HighamHall54FieldStepInterpolator.java,67,0,0
src/main/java/org/apache/commons/math4/ode/nonstiff/HighamHall54Integrator.java,57,0,0
src/main/java/org/apache/commons/math4/ode/nonstiff/HighamHall54StepInterpolator.java,62,0,0
src/main/java/org/apache/commons/math4/ode/nonstiff/LutherFieldIntegrator.java,77,0,0
src/main/java/org/apache/commons/math4/ode/nonstiff/LutherFieldStepInterpolator.java,99,0,0
src/main/java/org/apache/commons/math4/ode/nonstiff/LutherIntegrator.java,22,0,0
src/main/java/org/apache/commons/math4/ode/nonstiff/LutherStepInterpolator.java,72,0,0
src/main/java/org/apache/commons/math4/ode/nonstiff/MidpointFieldIntegrator.java,41,0,0
src/main/java/org/apache/commons/math4/ode/nonstiff/MidpointFieldStepInterpolator.java,53,0,0
src/main/java/org/apache/commons/math4/ode/nonstiff/MidpointIntegrator.java,15,0,0
src/main/java/org/apache/commons/math4/ode/nonstiff/MidpointStepInterpolator.java,40,0,0
src/main/java/org/apache/commons/math4/ode/nonstiff/RungeKuttaFieldIntegrator.java,132,0,0
src/main/java/org/apache/commons/math4/ode/nonstiff/RungeKuttaFieldStepInterpolator.java,67,0,0
src/main/java/org/apache/commons/math4/ode/nonstiff/RungeKuttaIntegrator.java,131,0,0
src/main/java/org/apache/commons/math4/ode/nonstiff/RungeKuttaStepInterpolator.java,90,0,0
src/main/java/org/apache/commons/math4/ode/nonstiff/ThreeEighthesFieldIntegrator.java,54,0,0
src/main/java/org/apache/commons/math4/ode/nonstiff/ThreeEighthesFieldStepInterpolator.java,64,0,0
src/main/java/org/apache/commons/math4/ode/nonstiff/ThreeEighthesIntegrator.java,17,0,0
src/main/java/org/apache/commons/math4/ode/nonstiff/ThreeEighthesStepInterpolator.java,58,0,0
src/main/java/org/apache/commons/math4/ode/sampling/AbstractFieldStepInterpolator.java,66,0,0
src/main/java/org/apache/commons/math4/ode/sampling/AbstractStepInterpolator.java,299,0,0
src/main/java/org/apache/commons/math4/ode/sampling/DummyStepHandler.java,20,0,0
src/main/java/org/apache/commons/math4/ode/sampling/FieldFixedStepHandler.java,7,0,0
src/main/java/org/apache/commons/math4/ode/sampling/FieldStepHandler.java,9,0,0
src/main/java/org/apache/commons/math4/ode/sampling/FieldStepInterpolator.java,9,0,0
src/main/java/org/apache/commons/math4/ode/sampling/FieldStepNormalizer.java,90,0,0
src/main/java/org/apache/commons/math4/ode/sampling/FixedStepHandler.java,5,0,0
src/main/java/org/apache/commons/math4/ode/sampling/NordsieckStepInterpolator.java,148,0,0
src/main/java/org/apache/commons/math4/ode/sampling/StepHandler.java,7,0,0
src/main/java/org/apache/commons/math4/ode/sampling/StepInterpolator.java,15,0,0
src/main/java/org/apache/commons/math4/ode/sampling/StepNormalizer.java,108,0,0
src/main/java/org/apache/commons/math4/ode/sampling/StepNormalizerBounds.java,19,0,0
src/main/java/org/apache/commons/math4/ode/sampling/StepNormalizerMode.java,5,0,0
src/main/java/org/apache/commons/math4/optim/linear/LinearConstraint.java,82,0,0
src/main/java/org/apache/commons/math4/optim/linear/LinearConstraintSet.java,20,0,0
src/main/java/org/apache/commons/math4/optim/linear/LinearObjectiveFunction.java,63,0,0
src/main/java/org/apache/commons/math4/optim/linear/LinearOptimizer.java,48,0,0
src/main/java/org/apache/commons/math4/optim/linear/NoFeasibleSolutionException.java,9,0,0
src/main/java/org/apache/commons/math4/optim/linear/NonNegativeConstraint.java,11,0,0
src/main/java/org/apache/commons/math4/optim/linear/PivotSelectionRule.java,6,0,0
src/main/java/org/apache/commons/math4/optim/linear/Relationship.java,24,0,0
src/main/java/org/apache/commons/math4/optim/linear/SimplexSolver.java,181,0,0
src/main/java/org/apache/commons/math4/optim/linear/SimplexTableau.java,384,0,0
src/main/java/org/apache/commons/math4/optim/linear/SolutionCallback.java,15,0,0
src/main/java/org/apache/commons/math4/optim/linear/UnboundedSolutionException.java,9,0,0
src/main/java/org/apache/commons/math4/optim/univariate/BracketFinder.java,165,0,0
src/main/java/org/apache/commons/math4/optim/univariate/BrentOptimizer.java,191,0,0
src/main/java/org/apache/commons/math4/optim/univariate/MultiStartUnivariateOptimizer.java,111,0,0
src/main/java/org/apache/commons/math4/optim/univariate/SearchInterval.java,36,0,0
src/main/java/org/apache/commons/math4/optim/univariate/SimpleUnivariateValueChecker.java,37,0,0
src/main/java/org/apache/commons/math4/optim/univariate/UnivariateObjectiveFunction.java,12,0,0
src/main/java/org/apache/commons/math4/optim/univariate/UnivariateOptimizer.java,60,0,0
src/main/java/org/apache/commons/math4/optim/univariate/UnivariatePointValuePair.java,18,0,0
src/main/java/org/apache/commons/math4/stat/correlation/Covariance.java,102,0,0
src/main/java/org/apache/commons/math4/stat/correlation/KendallsCorrelation.java,141,0,0
src/main/java/org/apache/commons/math4/stat/correlation/PearsonsCorrelation.java,123,0,0
src/main/java/org/apache/commons/math4/stat/correlation/SpearmansCorrelation.java,73,0,0
src/main/java/org/apache/commons/math4/stat/correlation/StorelessBivariateCovariance.java,50,0,0
src/main/java/org/apache/commons/math4/stat/correlation/StorelessCovariance.java,80,0,0
src/main/java/org/apache/commons/math4/stat/descriptive/AbstractStorelessUnivariateStatistic.java,68,0,0
src/main/java/org/apache/commons/math4/stat/descriptive/AbstractUnivariateStatistic.java,51,0,0
src/main/java/org/apache/commons/math4/stat/descriptive/AggregateSummaryStatistics.java,172,0,0
src/main/java/org/apache/commons/math4/stat/descriptive/DescriptiveStatistics.java,308,0,0
src/main/java/org/apache/commons/math4/stat/descriptive/MultivariateSummaryStatistics.java,272,0,0
src/main/java/org/apache/commons/math4/stat/descriptive/StatisticalMultivariateSummary.java,15,0,0
src/main/java/org/apache/commons/math4/stat/descriptive/StatisticalSummary.java,10,0,0
src/main/java/org/apache/commons/math4/stat/descriptive/StatisticalSummaryValues.java,94,0,0
src/main/java/org/apache/commons/math4/stat/descriptive/StorelessUnivariateStatistic.java,12,0,0
src/main/java/org/apache/commons/math4/stat/descriptive/SummaryStatistics.java,333,0,0
src/main/java/org/apache/commons/math4/stat/descriptive/SynchronizedDescriptiveStatistics.java,79,0,0
src/main/java/org/apache/commons/math4/stat/descriptive/SynchronizedMultivariateSummaryStatistics.java,138,0,0
src/main/java/org/apache/commons/math4/stat/descriptive/SynchronizedSummaryStatistics.java,172,0,0
src/main/java/org/apache/commons/math4/stat/descriptive/UnivariateStatistic.java,10,0,0
src/main/java/org/apache/commons/math4/stat/descriptive/WeightedEvaluation.java,7,0,0
src/main/java/org/apache/commons/math4/stat/inference/AlternativeHypothesis.java,6,0,0
src/main/java/org/apache/commons/math4/stat/inference/BinomialTest.java,72,0,0
src/main/java/org/apache/commons/math4/stat/inference/ChiSquareTest.java,190,0,0
src/main/java/org/apache/commons/math4/stat/inference/GTest.java,164,0,0
src/main/java/org/apache/commons/math4/stat/inference/InferenceTestUtils.java,272,0,0
src/main/java/org/apache/commons/math4/stat/inference/KolmogorovSmirnovTest.java,562,1,0
src/main/java/org/apache/commons/math4/stat/inference/MannWhitneyUTest.java,70,0,0
src/main/java/org/apache/commons/math4/stat/inference/OneWayAnova.java,111,0,0
src/main/java/org/apache/commons/math4/stat/inference/TTest.java,252,0,0
src/main/java/org/apache/commons/math4/stat/inference/WilcoxonSignedRankTest.java,114,0,0
src/main/java/org/apache/commons/math4/stat/interval/AgrestiCoullInterval.java,20,0,0
src/main/java/org/apache/commons/math4/stat/interval/BinomialConfidenceInterval.java,10,0,0
src/main/java/org/apache/commons/math4/stat/interval/ClopperPearsonInterval.java,26,0,0
src/main/java/org/apache/commons/math4/stat/interval/ConfidenceInterval.java,35,0,0
src/main/java/org/apache/commons/math4/stat/interval/IntervalUtils.java,46,0,0
src/main/java/org/apache/commons/math4/stat/interval/NormalApproximationInterval.java,16,0,0
src/main/java/org/apache/commons/math4/stat/interval/WilsonScoreInterval.java,23,0,1
src/main/java/org/apache/commons/math4/stat/ranking/NaNStrategy.java,8,0,0
src/main/java/org/apache/commons/math4/stat/ranking/NaturalRanking.java,224,0,0
src/main/java/org/apache/commons/math4/stat/ranking/RankingAlgorithm.java,4,0,0
src/main/java/org/apache/commons/math4/stat/ranking/TiesStrategy.java,8,0,0
src/main/java/org/apache/commons/math4/stat/regression/AbstractMultipleLinearRegression.java,163,0,0
src/main/java/org/apache/commons/math4/stat/regression/GLSMultipleLinearRegression.java,46,0,0
src/main/java/org/apache/commons/math4/stat/regression/MillerUpdatingRegression.java,781,0,0
src/main/java/org/apache/commons/math4/stat/regression/ModelSpecificationException.java,9,0,0
src/main/java/org/apache/commons/math4/stat/regression/MultipleLinearRegression.java,8,0,0
src/main/java/org/apache/commons/math4/stat/regression/OLSMultipleLinearRegression.java,85,0,0
src/main/java/org/apache/commons/math4/stat/regression/RegressionResults.java,180,0,0
src/main/java/org/apache/commons/math4/stat/regression/SimpleRegression.java,367,0,0
src/main/java/org/apache/commons/math4/stat/regression/UpdatingMultipleLinearRegression.java,12,0,0
src/main/java/org/apache/commons/math4/analysis/integration/gauss/BaseRuleFactory.java,58,0,0
src/main/java/org/apache/commons/math4/analysis/integration/gauss/GaussIntegrator.java,47,0,0
src/main/java/org/apache/commons/math4/analysis/integration/gauss/GaussIntegratorFactory.java,56,0,0
src/main/java/org/apache/commons/math4/analysis/integration/gauss/HermiteRuleFactory.java,91,0,0
src/main/java/org/apache/commons/math4/analysis/integration/gauss/LaguerreRuleFactory.java,44,0,0
src/main/java/org/apache/commons/math4/analysis/integration/gauss/LegendreHighPrecisionRuleFactory.java,124,0,0
src/main/java/org/apache/commons/math4/analysis/integration/gauss/LegendreRuleFactory.java,79,0,0
src/main/java/org/apache/commons/math4/analysis/integration/gauss/SymmetricGaussIntegrator.java,43,0,0
src/main/java/org/apache/commons/math4/geometry/euclidean/oned/Cartesian1D.java,182,0,0
src/main/java/org/apache/commons/math4/geometry/euclidean/oned/Euclidean1D.java,33,0,0
src/main/java/org/apache/commons/math4/geometry/euclidean/oned/Interval.java,37,0,0
src/main/java/org/apache/commons/math4/geometry/euclidean/oned/IntervalsSet.java,316,0,0
src/main/java/org/apache/commons/math4/geometry/euclidean/oned/OrientedPoint.java,55,0,0
src/main/java/org/apache/commons/math4/geometry/euclidean/oned/SubOrientedPoint.java,36,0,0
src/main/java/org/apache/commons/math4/geometry/euclidean/oned/Vector1D.java,5,0,0
src/main/java/org/apache/commons/math4/geometry/euclidean/oned/Vector1DFormat.java,56,0,0
src/main/java/org/apache/commons/math4/geometry/euclidean/threed/CardanEulerSingularityException.java,10,0,0
src/main/java/org/apache/commons/math4/geometry/euclidean/threed/Cartesian3D.java,282,0,0
src/main/java/org/apache/commons/math4/geometry/euclidean/threed/Euclidean3D.java,26,0,0
src/main/java/org/apache/commons/math4/geometry/euclidean/threed/FieldRotation.java,714,0,0
src/main/java/org/apache/commons/math4/geometry/euclidean/threed/FieldVector3D.java,484,0,0
src/main/java/org/apache/commons/math4/geometry/euclidean/threed/Line.java,114,0,0
src/main/java/org/apache/commons/math4/geometry/euclidean/threed/NotARotationMatrixException.java,10,0,0
src/main/java/org/apache/commons/math4/geometry/euclidean/threed/OutlineExtractor.java,157,0,0
src/main/java/org/apache/commons/math4/geometry/euclidean/threed/Plane.java,209,0,0
src/main/java/org/apache/commons/math4/geometry/euclidean/threed/PolyhedronsSet.java,364,0,0
src/main/java/org/apache/commons/math4/geometry/euclidean/threed/Rotation.java,657,0,0
src/main/java/org/apache/commons/math4/geometry/euclidean/threed/RotationConvention.java,5,0,0
src/main/java/org/apache/commons/math4/geometry/euclidean/threed/RotationOrder.java,51,0,0
src/main/java/org/apache/commons/math4/geometry/euclidean/threed/Segment.java,20,0,0
src/main/java/org/apache/commons/math4/geometry/euclidean/threed/SphereGenerator.java,92,0,0
src/main/java/org/apache/commons/math4/geometry/euclidean/threed/SphericalCoordinates.java,169,0,0
src/main/java/org/apache/commons/math4/geometry/euclidean/threed/SubLine.java,56,0,0
src/main/java/org/apache/commons/math4/geometry/euclidean/threed/SubPlane.java,61,0,0
src/main/java/org/apache/commons/math4/geometry/euclidean/threed/Vector3D.java,7,0,0
src/main/java/org/apache/commons/math4/geometry/euclidean/threed/Vector3DFormat.java,57,0,0
src/main/java/org/apache/commons/math4/geometry/euclidean/twod/Cartesian2D.java,228,0,0
src/main/java/org/apache/commons/math4/geometry/euclidean/twod/DiskGenerator.java,56,0,0
src/main/java/org/apache/commons/math4/geometry/euclidean/twod/Euclidean2D.java,26,0,0
src/main/java/org/apache/commons/math4/geometry/euclidean/twod/Line.java,267,0,0
src/main/java/org/apache/commons/math4/geometry/euclidean/twod/NestedLoops.java,94,0,0
src/main/java/org/apache/commons/math4/geometry/euclidean/twod/PolygonsSet.java,590,0,0
src/main/java/org/apache/commons/math4/geometry/euclidean/twod/Segment.java,39,0,0
src/main/java/org/apache/commons/math4/geometry/euclidean/twod/SubLine.java,100,0,0
src/main/java/org/apache/commons/math4/geometry/euclidean/twod/Vector2D.java,6,0,0
src/main/java/org/apache/commons/math4/geometry/euclidean/twod/Vector2DFormat.java,57,0,0
src/main/java/org/apache/commons/math4/geometry/spherical/oned/Arc.java,55,0,0
src/main/java/org/apache/commons/math4/geometry/spherical/oned/ArcsSet.java,502,0,0
src/main/java/org/apache/commons/math4/geometry/spherical/oned/LimitAngle.java,51,0,0
src/main/java/org/apache/commons/math4/geometry/spherical/oned/S1Point.java,63,0,0
src/main/java/org/apache/commons/math4/geometry/spherical/oned/Sphere1D.java,33,0,0
src/main/java/org/apache/commons/math4/geometry/spherical/oned/SubLimitAngle.java,30,0,0
src/main/java/org/apache/commons/math4/geometry/spherical/twod/Circle.java,136,0,0
src/main/java/org/apache/commons/math4/geometry/spherical/twod/Edge.java,96,0,0
src/main/java/org/apache/commons/math4/geometry/spherical/twod/EdgesBuilder.java,97,0,0
src/main/java/org/apache/commons/math4/geometry/spherical/twod/PropertiesComputer.java,86,0,0
src/main/java/org/apache/commons/math4/geometry/spherical/twod/S2Point.java,93,0,0
src/main/java/org/apache/commons/math4/geometry/spherical/twod/Sphere2D.java,26,0,0
src/main/java/org/apache/commons/math4/geometry/spherical/twod/SphericalPolygonsSet.java,253,0,0
src/main/java/org/apache/commons/math4/geometry/spherical/twod/SubCircle.java,36,0,0
src/main/java/org/apache/commons/math4/geometry/spherical/twod/Vertex.java,45,0,0
src/main/java/org/apache/commons/math4/geometry/euclidean/twod/hull/AbstractConvexHullGenerator2D.java,43,0,0
src/main/java/org/apache/commons/math4/geometry/euclidean/twod/hull/AklToussaintHeuristic.java,75,0,0
src/main/java/org/apache/commons/math4/geometry/euclidean/twod/hull/ConvexHull2D.java,101,0,0
src/main/java/org/apache/commons/math4/geometry/euclidean/twod/hull/ConvexHullGenerator2D.java,11,0,0
src/main/java/org/apache/commons/math4/geometry/euclidean/twod/hull/MonotoneChain.java,94,0,0
src/main/java/org/apache/commons/math4/ml/clustering/evaluation/ClusterEvaluator.java,45,0,0
src/main/java/org/apache/commons/math4/ml/clustering/evaluation/SumOfClusterVariances.java,26,0,0
src/main/java/org/apache/commons/math4/ml/neuralnet/oned/NeuronString.java,99,0,0
src/main/java/org/apache/commons/math4/ml/neuralnet/sofm/KohonenTrainingTask.java,21,0,0
src/main/java/org/apache/commons/math4/ml/neuralnet/sofm/KohonenUpdateAction.java,91,0,0
src/main/java/org/apache/commons/math4/ml/neuralnet/sofm/LearningFactorFunction.java,4,0,0
src/main/java/org/apache/commons/math4/ml/neuralnet/sofm/LearningFactorFunctionFactory.java,39,0,0
src/main/java/org/apache/commons/math4/ml/neuralnet/sofm/NeighbourhoodSizeFunction.java,4,0,0
src/main/java/org/apache/commons/math4/ml/neuralnet/sofm/NeighbourhoodSizeFunctionFactory.java,31,0,0
src/main/java/org/apache/commons/math4/ml/neuralnet/twod/NeuronSquareMesh2D.java,357,0,0
src/main/java/org/apache/commons/math4/ml/neuralnet/sofm/util/ExponentialDecayFunction.java,29,0,0
src/main/java/org/apache/commons/math4/ml/neuralnet/sofm/util/QuasiSigmoidDecayFunction.java,33,0,0
src/main/java/org/apache/commons/math4/ml/neuralnet/twod/util/HitHistogram.java,39,0,0
src/main/java/org/apache/commons/math4/ml/neuralnet/twod/util/LocationFinder.java,40,0,0
src/main/java/org/apache/commons/math4/ml/neuralnet/twod/util/MapDataVisualization.java,6,0,0
src/main/java/org/apache/commons/math4/ml/neuralnet/twod/util/MapVisualization.java,5,0,0
src/main/java/org/apache/commons/math4/ml/neuralnet/twod/util/QuantizationError.java,37,0,0
src/main/java/org/apache/commons/math4/ml/neuralnet/twod/util/SmoothedDataHistogram.java,45,0,0
src/main/java/org/apache/commons/math4/ml/neuralnet/twod/util/TopographicErrorHistogram.java,45,0,0
src/main/java/org/apache/commons/math4/ml/neuralnet/twod/util/UnifiedDistanceMatrix.java,104,0,0
src/main/java/org/apache/commons/math4/optim/nonlinear/scalar/GoalType.java,6,0,0
src/main/java/org/apache/commons/math4/optim/nonlinear/scalar/GradientMultivariateOptimizer.java,31,0,0
src/main/java/org/apache/commons/math4/optim/nonlinear/scalar/LeastSquaresConverter.java,66,0,0
src/main/java/org/apache/commons/math4/optim/nonlinear/scalar/LineSearch.java,52,0,0
src/main/java/org/apache/commons/math4/optim/nonlinear/scalar/MultiStartMultivariateOptimizer.java,53,0,0
src/main/java/org/apache/commons/math4/optim/nonlinear/scalar/MultivariateFunctionMappingAdapter.java,120,0,0
src/main/java/org/apache/commons/math4/optim/nonlinear/scalar/MultivariateFunctionPenaltyAdapter.java,58,0,0
src/main/java/org/apache/commons/math4/optim/nonlinear/scalar/MultivariateOptimizer.java,41,0,0
src/main/java/org/apache/commons/math4/optim/nonlinear/scalar/ObjectiveFunction.java,12,0,0
src/main/java/org/apache/commons/math4/optim/nonlinear/scalar/ObjectiveFunctionGradient.java,12,0,0
src/main/java/org/apache/commons/math4/optim/nonlinear/scalar/gradient/NonLinearConjugateGradientOptimizer.java,147,0,0
src/main/java/org/apache/commons/math4/optim/nonlinear/scalar/gradient/Preconditioner.java,4,0,0
src/main/java/org/apache/commons/math4/optim/nonlinear/scalar/noderiv/AbstractSimplex.java,157,0,0
src/main/java/org/apache/commons/math4/optim/nonlinear/scalar/noderiv/BOBYQAOptimizer.java,1626,0,0
src/main/java/org/apache/commons/math4/optim/nonlinear/scalar/noderiv/CMAESOptimizer.java,794,0,0
src/main/java/org/apache/commons/math4/optim/nonlinear/scalar/noderiv/MultiDirectionalSimplex.java,80,0,0
src/main/java/org/apache/commons/math4/optim/nonlinear/scalar/noderiv/NelderMeadSimplex.java,134,0,0
src/main/java/org/apache/commons/math4/optim/nonlinear/scalar/noderiv/PowellOptimizer.java,152,0,0
src/main/java/org/apache/commons/math4/optim/nonlinear/scalar/noderiv/SimplexOptimizer.java,91,0,0
src/main/java/org/apache/commons/math4/stat/descriptive/moment/FirstMoment.java,64,0,0
src/main/java/org/apache/commons/math4/stat/descriptive/moment/FourthMoment.java,53,0,0
src/main/java/org/apache/commons/math4/stat/descriptive/moment/GeometricMean.java,77,0,0
src/main/java/org/apache/commons/math4/stat/descriptive/moment/Kurtosis.java,93,0,0
src/main/java/org/apache/commons/math4/stat/descriptive/moment/Mean.java,94,0,0
src/main/java/org/apache/commons/math4/stat/descriptive/moment/SecondMoment.java,46,0,0
src/main/java/org/apache/commons/math4/stat/descriptive/moment/SemiVariance.java,111,0,0
src/main/java/org/apache/commons/math4/stat/descriptive/moment/Skewness.java,93,0,0
src/main/java/org/apache/commons/math4/stat/descriptive/moment/StandardDeviation.java,77,0,0
src/main/java/org/apache/commons/math4/stat/descriptive/moment/ThirdMoment.java,52,0,0
src/main/java/org/apache/commons/math4/stat/descriptive/moment/Variance.java,187,0,0
src/main/java/org/apache/commons/math4/stat/descriptive/moment/VectorialCovariance.java,89,0,0
src/main/java/org/apache/commons/math4/stat/descriptive/moment/VectorialMean.java,53,0,0
src/main/java/org/apache/commons/math4/stat/descriptive/rank/Max.java,66,0,0
src/main/java/org/apache/commons/math4/stat/descriptive/rank/Median.java,33,0,0
src/main/java/org/apache/commons/math4/stat/descriptive/rank/Min.java,66,0,0
src/main/java/org/apache/commons/math4/stat/descriptive/rank/Percentile.java,379,0,0
src/main/java/org/apache/commons/math4/stat/descriptive/rank/PSquarePercentile.java,447,0,0
src/main/java/org/apache/commons/math4/stat/descriptive/summary/Product.java,80,0,0
src/main/java/org/apache/commons/math4/stat/descriptive/summary/Sum.java,76,0,0
src/main/java/org/apache/commons/math4/stat/descriptive/summary/SumOfLogs.java,63,0,0
src/main/java/org/apache/commons/math4/stat/descriptive/summary/SumOfSquares.java,62,0,0
src/userguide/java/org/apache/commons/math4/userguide/ClusterAlgorithmComparison.java,249,0,0
src/userguide/java/org/apache/commons/math4/userguide/ExampleUtils.java,76,0,0
src/userguide/java/org/apache/commons/math4/userguide/FastMathTestPerformance.java,1010,0,0
src/userguide/java/org/apache/commons/math4/userguide/IntegerDistributionComparison.java,179,0,0
src/userguide/java/org/apache/commons/math4/userguide/LowDiscrepancyGeneratorComparison.java,188,0,0
src/userguide/java/org/apache/commons/math4/userguide/RealDistributionComparison.java,241,0,0
src/userguide/java/org/apache/commons/math4/userguide/clustering/ImageClusteringExample.java,142,0,0
src/userguide/java/org/apache/commons/math4/userguide/filter/CannonballExample.java,209,0,0
src/userguide/java/org/apache/commons/math4/userguide/filter/ConstantVoltageExample.java,153,0,0
src/userguide/java/org/apache/commons/math4/userguide/genetics/HelloWorldExample.java,125,0,0
src/userguide/java/org/apache/commons/math4/userguide/genetics/ImageEvolutionExample.java,143,0,0
src/userguide/java/org/apache/commons/math4/userguide/genetics/Polygon.java,57,0,0
src/userguide/java/org/apache/commons/math4/userguide/genetics/PolygonChromosome.java,78,0,0
src/userguide/java/org/apache/commons/math4/userguide/genetics/RandomPolygonMutation.java,25,0,0
src/userguide/java/org/apache/commons/math4/userguide/geometry/GeometryExample.java,198,0,0
src/userguide/java/org/apache/commons/math4/userguide/rng/RandomNumberGeneratorBenchmark.java,96,0,0
src/userguide/java/org/apache/commons/math4/userguide/sofm/ChineseRings.java,61,0,0
src/userguide/java/org/apache/commons/math4/userguide/sofm/ChineseRingsClassifier.java,195,0,0
