,LLOC,FALCON-2284,FALCON-2273,FALCON-2242,FALCON-2303,FALCON-2263,FALCON-2292,FALCON-2287,FALCON-2275,FALCON-2261,FALCON-2286,FALCON-2298,FALCON-2281,FALCON-2279,FALCON-2277,FALCON-2259,FALCON-2293,FALCON-2276,FALCON-2272,FALCON-2271,FALCON-2229,FALCON-2305,FALCON-2290,FALCON-2280,FALCON-2283,FALCON-2267,FALCON-2221,FALCON-2270,FALCON-2266,FALCON-2274,FALCON-2264,FALCON-2268,FALCON-2239,FALCON-2240,FALCON-2238
client/src/main/java/org/apache/falcon/ExtensionClassLoader.java,31,0,0,0,0,0,0,0,0,0,0,0,0,0,0,0,0,0,0,0,0,0,0,0,0,0,0,0,0,0,0,0,0,0,0
client/src/main/java/org/apache/falcon/ExtensionHandler.java,183,0,0,0,0,1,0,0,0,1,0,0,0,0,0,0,1,0,0,0,0,0,1,0,1,0,0,0,0,0,0,0,0,0,0
client/src/main/java/org/apache/falcon/ResponseHelper.java,239,0,0,0,0,0,0,0,0,0,0,0,0,0,0,0,0,0,0,0,0,0,0,0,0,0,0,0,0,0,0,0,0,0,0
client/src/main/java/org/apache/falcon/ValidationUtil.java,156,0,0,0,0,0,0,0,0,0,0,0,0,0,0,0,0,0,0,0,0,0,0,0,0,0,0,0,0,0,0,0,0,0,0
client/src/main/java/org/apache/falcon/client/AbstractFalconClient.java,152,0,0,0,0,0,0,0,0,0,0,0,0,0,0,0,0,0,0,0,0,0,0,0,0,0,1,0,0,0,0,0,0,0,0
client/src/main/java/org/apache/falcon/client/FalconCLIConstants.java,195,0,0,0,0,0,0,0,0,0,0,0,0,0,0,0,0,0,0,0,0,0,0,0,0,0,0,0,0,0,0,0,1,1,1
client/src/main/java/org/apache/falcon/client/FalconClient.java,1100,0,0,1,0,1,0,0,0,0,0,0,0,0,0,1,0,1,0,0,0,0,0,0,0,0,1,0,0,0,0,0,1,1,1
client/src/main/java/org/apache/falcon/client/FalconCLIException.java,38,0,0,0,0,0,0,0,0,0,0,0,0,0,0,0,0,0,0,0,0,0,0,0,0,0,0,0,0,0,0,0,0,0,0
client/src/main/java/org/apache/falcon/client/FalconExtensionConstants.java,10,0,0,0,0,0,0,0,0,0,0,0,0,0,0,0,0,0,0,0,0,0,0,0,0,0,0,0,0,0,0,0,0,0,0
common-types/src/main/java/org/apache/falcon/LifeCycle.java,15,0,0,0,0,0,0,0,0,0,0,0,0,0,0,0,0,0,0,0,0,0,0,0,0,0,0,0,0,0,0,0,0,0,0
common-types/src/main/java/org/apache/falcon/Pair.java,41,0,0,0,0,0,0,0,0,0,0,0,0,0,0,0,0,0,0,0,0,0,0,0,0,0,0,0,0,0,0,0,0,0,0
common-types/src/main/java/org/apache/falcon/Tag.java,16,0,0,0,0,0,0,0,0,0,0,0,0,0,0,0,0,0,0,0,0,0,0,0,0,0,0,0,0,0,0,0,0,0,0
common-types/src/main/java/org/apache/falcon/resource/APIResult.java,63,0,0,0,0,0,0,0,0,0,0,0,0,0,0,0,0,0,0,0,0,0,0,0,0,0,0,0,0,0,0,0,0,0,0
common-types/src/main/java/org/apache/falcon/resource/EntityList.java,153,0,0,0,0,0,0,0,0,0,0,0,0,0,0,0,0,0,0,0,0,0,0,0,0,0,0,0,0,0,0,0,0,0,0
common-types/src/main/java/org/apache/falcon/resource/EntitySummaryResult.java,161,0,0,0,0,0,0,0,0,0,0,0,0,0,0,0,0,0,0,0,0,0,0,0,0,0,0,0,0,0,0,0,0,0,0
common-types/src/main/java/org/apache/falcon/resource/ExtensionInstanceList.java,58,0,0,0,0,0,0,0,0,0,0,0,0,0,0,0,0,0,0,0,0,0,0,0,0,0,0,0,0,0,0,0,0,0,0
common-types/src/main/java/org/apache/falcon/resource/ExtensionJobList.java,38,0,0,0,0,0,0,0,0,0,0,0,0,0,0,1,0,0,0,0,0,0,0,0,0,0,0,0,0,0,0,0,0,0,0
common-types/src/main/java/org/apache/falcon/resource/FeedInstanceResult.java,100,0,0,0,0,0,0,0,0,0,0,0,0,0,0,0,0,0,0,0,0,0,0,0,0,0,0,0,0,0,0,0,0,0,0
common-types/src/main/java/org/apache/falcon/resource/FeedLookupResult.java,118,0,0,0,0,0,0,0,0,0,0,0,0,0,0,0,0,0,0,0,0,0,0,0,0,0,0,0,0,0,0,0,0,0,0
common-types/src/main/java/org/apache/falcon/resource/InstanceDependencyResult.java,51,0,0,0,0,0,0,0,0,0,0,0,0,0,0,0,0,0,0,0,0,0,0,0,0,0,0,0,0,0,0,0,0,0,0
common-types/src/main/java/org/apache/falcon/resource/InstancesResult.java,173,0,0,0,0,0,0,0,0,0,0,0,0,0,0,0,0,0,0,0,0,0,0,0,0,0,0,0,0,0,0,0,0,0,0
common-types/src/main/java/org/apache/falcon/resource/InstancesSummaryResult.java,66,0,0,0,0,0,0,0,0,0,0,0,0,0,0,0,0,0,0,0,0,0,0,0,0,0,0,0,0,0,0,0,0,0,0
common-types/src/main/java/org/apache/falcon/resource/LineageGraphResult.java,131,0,0,0,0,0,0,0,0,0,0,0,0,0,0,0,0,0,0,0,0,0,0,0,0,0,0,0,0,0,0,0,0,0,0
common-types/src/main/java/org/apache/falcon/resource/SchedulableEntityInstance.java,117,0,0,0,0,0,0,0,0,0,0,0,0,0,0,0,0,0,0,0,0,0,0,0,0,0,0,0,0,0,0,0,0,0,0
common-types/src/main/java/org/apache/falcon/resource/SchedulableEntityInstanceResult.java,53,0,0,0,0,0,0,0,0,0,0,0,0,0,0,0,0,0,0,0,0,0,0,0,0,0,0,0,0,0,0,0,0,0,0
common-types/src/main/java/org/apache/falcon/resource/TriageResult.java,51,0,0,0,0,0,0,0,0,0,0,0,0,0,0,0,0,0,0,0,0,0,0,0,0,0,0,0,0,0,0,0,0,0,0
common-types/src/main/java/org/apache/falcon/extensions/ExtensionStatus.java,13,0,0,0,0,0,0,0,0,0,0,0,0,0,0,0,0,0,0,0,0,0,0,0,0,0,1,0,0,0,0,0,0,0,0
common-types/src/main/java/org/apache/falcon/extensions/ExtensionType.java,13,0,0,0,0,0,0,0,0,0,0,0,0,0,0,0,0,0,0,0,0,0,0,0,0,0,0,0,0,0,0,0,0,0,0
common-types/src/main/java/org/apache/falcon/metadata/RelationshipType.java,45,0,0,0,0,0,0,0,0,0,0,0,0,0,0,0,0,0,0,0,0,0,0,0,0,0,0,0,0,0,0,0,0,0,0
common-types/src/main/java/org/apache/falcon/entity/v0/AccessControlList.java,14,0,0,0,0,0,0,0,0,0,0,0,0,0,0,0,0,0,0,0,0,0,0,0,0,0,0,0,0,0,0,0,0,0,0
common-types/src/main/java/org/apache/falcon/entity/v0/DateValidator.java,43,0,0,0,0,0,0,0,0,0,0,0,0,0,0,0,0,0,0,0,0,0,0,0,0,0,0,0,0,0,0,0,0,0,0
common-types/src/main/java/org/apache/falcon/entity/v0/Entity.java,67,0,1,0,0,0,0,0,0,0,0,0,0,0,0,0,0,0,0,0,0,0,0,0,0,0,0,0,0,0,0,0,0,0,0
common-types/src/main/java/org/apache/falcon/entity/v0/EntityNotification.java,12,0,0,0,0,0,0,0,0,0,0,0,0,0,0,0,0,0,0,0,0,0,0,0,0,0,0,0,0,0,0,0,0,0,0
common-types/src/main/java/org/apache/falcon/entity/v0/EntityType.java,87,0,0,0,0,0,0,0,0,0,0,0,0,0,0,0,0,0,0,0,0,0,0,0,0,0,0,0,0,0,0,0,0,0,0
common-types/src/main/java/org/apache/falcon/entity/v0/Frequency.java,68,0,0,0,0,0,0,0,0,0,0,0,0,0,0,0,0,0,0,0,0,0,0,0,0,0,0,0,0,0,0,0,0,0,0
common-types/src/main/java/org/apache/falcon/entity/v0/SchemaHelper.java,47,0,1,0,0,0,0,0,0,0,0,0,0,0,0,0,0,0,0,0,0,0,0,0,0,0,0,0,0,0,0,0,0,0,0
common/src/main/java/org/apache/falcon/FalconException.java,13,0,0,0,0,0,0,0,0,0,0,0,0,0,0,0,0,0,0,0,0,0,0,0,0,0,0,0,0,0,0,0,0,0,0
common/src/main/java/org/apache/falcon/FalconRuntimException.java,13,0,0,0,0,0,0,0,0,0,0,0,0,0,0,0,0,0,0,0,0,0,0,0,0,0,0,0,0,0,0,0,0,0,0
common/src/main/java/org/apache/falcon/entity/CatalogStorage.java,440,0,0,0,0,0,0,0,0,0,0,0,0,0,0,0,0,0,0,0,0,0,0,0,0,0,0,0,0,0,0,0,0,0,0
common/src/main/java/org/apache/falcon/entity/ClusterHelper.java,206,0,0,0,0,0,0,0,0,0,0,0,0,0,0,0,0,0,0,0,0,0,0,0,0,0,0,0,0,0,0,0,0,0,0
common/src/main/java/org/apache/falcon/entity/ColoClusterRelation.java,57,0,0,0,0,0,0,0,0,0,0,0,0,0,0,0,0,0,0,0,0,0,0,0,0,0,0,0,0,0,0,0,0,0,0
common/src/main/java/org/apache/falcon/entity/DatasourceHelper.java,291,0,1,0,0,0,0,0,0,0,0,0,0,0,0,0,0,0,0,0,0,0,0,0,0,0,0,0,0,0,0,0,0,0,0
common/src/main/java/org/apache/falcon/entity/EntityNotRegisteredException.java,7,0,0,0,0,0,0,0,0,0,0,0,0,0,0,0,0,0,0,0,0,0,0,0,0,0,0,0,0,0,0,0,0,0,0
common/src/main/java/org/apache/falcon/entity/EntityUtil.java,1017,0,0,0,0,0,0,0,0,0,0,0,0,0,0,0,0,0,0,0,0,0,0,0,0,0,0,0,0,0,0,0,0,0,0
common/src/main/java/org/apache/falcon/entity/ExternalId.java,43,0,0,0,0,0,0,0,0,0,0,0,0,0,0,0,0,0,0,0,0,0,0,0,0,0,0,0,0,0,0,0,0,0,0
common/src/main/java/org/apache/falcon/entity/FeedHelper.java,854,0,0,0,0,0,0,0,0,0,0,0,0,0,0,0,0,0,0,0,0,0,0,0,0,0,0,0,0,0,0,0,0,0,0
common/src/main/java/org/apache/falcon/entity/FeedInstanceStatus.java,91,0,0,0,0,0,0,0,0,0,0,0,0,0,0,0,0,0,0,0,0,0,0,0,0,0,0,0,0,0,0,0,0,0,0
common/src/main/java/org/apache/falcon/entity/FileSystemStorage.java,418,0,0,0,0,0,0,0,0,0,0,0,0,0,0,0,0,0,0,0,0,0,0,0,0,0,0,0,0,0,0,0,0,0,0
common/src/main/java/org/apache/falcon/entity/HiveUtil.java,33,0,0,0,0,0,0,0,0,0,0,0,0,0,0,0,0,0,0,0,0,0,0,0,0,0,0,0,0,0,0,0,0,0,0
common/src/main/java/org/apache/falcon/entity/ProcessHelper.java,159,0,0,0,0,0,0,0,0,0,0,0,0,0,0,0,0,0,0,0,0,0,0,0,0,0,0,0,0,0,0,0,0,0,0
common/src/main/java/org/apache/falcon/entity/Storage.java,28,0,0,0,0,0,0,0,0,0,0,0,0,0,0,0,0,0,0,0,0,0,0,0,0,0,0,0,0,0,0,0,0,0,0
common/src/main/java/org/apache/falcon/entity/WorkflowNameBuilder.java,114,0,0,0,0,0,0,0,0,0,0,0,0,0,0,0,0,0,0,0,0,0,0,0,0,0,0,0,0,0,0,0,0,0,0
common/src/main/java/org/apache/falcon/metadata/EntityRelationshipGraphBuilder.java,438,0,0,0,0,0,0,0,0,0,0,0,0,0,0,0,0,0,0,0,0,0,0,0,0,0,0,0,0,0,0,0,0,0,0
common/src/main/java/org/apache/falcon/metadata/GraphUpdateUtils.java,79,0,0,0,0,0,0,0,0,0,0,0,0,0,0,0,0,0,0,0,0,0,0,0,0,0,0,0,0,0,0,0,0,0,0
common/src/main/java/org/apache/falcon/metadata/GraphUtils.java,87,0,0,0,0,0,0,0,0,0,0,0,0,0,0,0,0,0,0,0,0,0,0,0,0,0,0,0,0,0,0,0,0,0,0
common/src/main/java/org/apache/falcon/metadata/InstanceRelationshipGraphBuilder.java,307,0,0,0,0,0,0,0,0,0,0,0,0,0,0,0,0,0,0,0,0,0,0,0,0,0,0,0,0,0,0,0,0,0,0
common/src/main/java/org/apache/falcon/metadata/MetadataMappingService.java,349,0,0,0,0,0,0,0,0,0,0,0,0,0,0,0,0,0,0,0,0,0,0,0,0,0,0,0,0,0,0,0,0,0,0
common/src/main/java/org/apache/falcon/metadata/RelationshipGraphBuilder.java,153,0,0,0,0,0,0,0,0,0,0,0,0,0,0,0,0,0,0,0,0,0,0,0,0,0,0,0,0,0,0,0,0,0,0
common/src/main/java/org/apache/falcon/metadata/RelationshipLabel.java,24,0,0,0,0,0,0,0,0,0,0,0,0,0,0,0,0,0,0,0,0,0,0,0,0,0,0,0,0,0,0,0,0,0,0
common/src/main/java/org/apache/falcon/metadata/RelationshipProperty.java,31,0,0,0,0,0,0,0,0,0,0,0,0,0,0,0,0,0,0,0,0,0,0,0,0,0,0,0,0,0,0,0,0,0,0
common/src/main/java/org/apache/falcon/catalog/AbstractCatalogService.java,37,0,0,0,0,0,0,0,0,0,0,0,0,0,0,0,0,0,0,0,0,0,0,0,0,0,0,0,0,0,0,0,0,0,0
common/src/main/java/org/apache/falcon/catalog/CatalogPartition.java,81,0,0,0,0,0,0,0,0,0,0,0,0,0,0,0,0,0,0,0,0,0,0,0,0,0,0,0,0,0,0,0,0,0,0
common/src/main/java/org/apache/falcon/catalog/CatalogPartitionHandler.java,235,0,0,0,0,0,0,0,0,0,0,0,0,0,0,0,0,0,0,0,0,0,0,0,0,0,0,0,0,0,0,0,0,0,0
common/src/main/java/org/apache/falcon/catalog/CatalogServiceFactory.java,27,0,0,0,0,0,0,0,0,0,0,0,0,0,0,0,0,0,0,0,0,0,0,0,0,0,0,0,0,0,0,0,0,0,0
common/src/main/java/org/apache/falcon/catalog/HiveCatalogService.java,348,0,0,0,0,0,0,0,0,0,0,0,0,0,0,0,0,0,0,0,0,0,0,0,0,0,0,0,0,0,0,0,0,0,0
common/src/main/java/org/apache/falcon/cleanup/AbstractCleanupHandler.java,143,0,0,0,0,0,0,0,0,0,0,0,0,0,0,0,0,0,0,0,0,0,0,0,0,0,0,0,0,0,0,0,0,0,0
common/src/main/java/org/apache/falcon/cleanup/FeedCleanupHandler.java,22,0,0,0,0,0,0,0,0,0,0,0,0,0,0,0,0,0,0,0,0,0,0,0,0,0,0,0,0,0,0,0,0,0,0
common/src/main/java/org/apache/falcon/cleanup/ProcessCleanupHandler.java,22,0,0,0,0,0,0,0,0,0,0,0,0,0,0,0,0,0,0,0,0,0,0,0,0,0,0,0,0,0,0,0,0,0,0
common/src/main/java/org/apache/falcon/cliParser/CLIParser.java,81,0,0,0,0,0,0,0,0,0,0,0,0,0,0,0,0,0,0,0,0,0,0,0,0,0,0,0,0,0,0,0,0,0,0
common/src/main/java/org/apache/falcon/expression/ExpressionHelper.java,215,0,0,0,0,0,0,0,0,0,0,0,0,0,0,0,0,0,0,0,0,0,0,0,0,0,0,0,0,0,0,0,0,0,0
common/src/main/java/org/apache/falcon/group/FeedGroup.java,67,0,0,0,0,0,0,0,0,0,0,0,0,0,0,0,0,0,0,0,0,0,0,0,0,0,0,0,0,0,0,0,0,0,0
common/src/main/java/org/apache/falcon/group/FeedGroupMap.java,86,0,0,0,0,0,0,0,0,0,0,0,0,0,0,0,0,0,0,0,0,0,0,0,0,0,0,0,0,0,0,0,0,0,0
common/src/main/java/org/apache/falcon/hadoop/HadoopClientFactory.java,217,0,0,0,0,0,0,0,0,0,0,0,0,0,0,0,0,0,0,0,0,0,0,0,0,0,0,0,0,0,0,0,0,0,0
common/src/main/java/org/apache/falcon/lifecycle/AbstractPolicyBuilderFactory.java,5,0,0,0,0,0,0,0,0,0,0,0,0,0,0,0,0,0,0,0,0,0,0,0,0,0,0,0,0,0,0,0,0,0,0
common/src/main/java/org/apache/falcon/lifecycle/FeedLifecycleStage.java,11,0,0,0,0,0,0,0,0,0,0,0,0,0,0,0,0,0,0,0,0,0,0,0,0,0,0,0,0,0,0,0,0,0,0
common/src/main/java/org/apache/falcon/lifecycle/LifecyclePolicy.java,12,0,0,0,0,0,0,0,0,0,0,0,0,0,0,0,0,0,0,0,0,0,0,0,0,0,0,0,0,0,0,0,0,0,0
common/src/main/java/org/apache/falcon/lifecycle/PolicyBuilder.java,10,0,0,0,0,0,0,0,0,0,0,0,0,0,0,0,0,0,0,0,0,0,0,0,0,0,0,0,0,0,0,0,0,0,0
common/src/main/java/org/apache/falcon/metrics/MetricNotificationService.java,87,0,0,0,0,0,0,0,0,0,0,0,0,0,0,0,0,0,0,0,0,0,0,0,0,0,0,0,0,0,0,0,0,0,0
common/src/main/java/org/apache/falcon/persistence/BacklogMetricBean.java,75,0,0,0,0,0,0,0,0,0,0,0,0,0,0,0,0,0,0,0,1,0,0,0,0,0,0,0,0,0,0,0,0,0,0
common/src/main/java/org/apache/falcon/persistence/EntityBean.java,86,0,0,0,0,0,0,0,0,0,0,0,0,0,0,0,0,0,0,0,0,0,0,0,0,0,0,0,0,0,0,0,0,0,0
common/src/main/java/org/apache/falcon/persistence/EntitySLAAlertBean.java,104,0,0,0,0,0,0,0,0,0,0,0,0,0,0,0,0,0,0,0,0,0,0,0,0,0,0,0,0,0,0,0,0,0,0
common/src/main/java/org/apache/falcon/persistence/ExtensionBean.java,97,0,0,0,0,0,0,0,0,0,0,0,0,0,0,0,0,0,0,0,0,0,0,0,0,0,1,0,0,0,0,0,0,0,0
common/src/main/java/org/apache/falcon/persistence/ExtensionJobsBean.java,95,0,0,0,0,0,0,0,0,0,0,0,0,0,0,1,0,0,0,0,0,0,0,0,0,0,0,0,0,0,0,0,0,0,0
common/src/main/java/org/apache/falcon/persistence/InstanceBean.java,163,0,0,0,0,0,0,0,0,0,0,0,0,0,0,0,0,0,0,0,0,0,0,0,0,0,0,0,0,0,0,0,0,0,0
common/src/main/java/org/apache/falcon/persistence/MonitoredEntityBean.java,74,0,0,0,0,0,0,0,0,0,0,0,0,0,0,0,0,0,0,0,0,0,0,0,0,0,0,0,0,0,0,0,0,0,0
common/src/main/java/org/apache/falcon/persistence/PendingInstanceBean.java,82,0,0,0,1,0,0,0,0,0,0,0,0,0,0,0,0,0,0,0,0,0,0,0,0,0,0,0,0,0,0,0,0,0,0
common/src/main/java/org/apache/falcon/persistence/PersistenceConstants.java,58,0,0,0,1,0,0,0,0,0,0,0,0,0,0,1,0,0,0,0,0,0,0,0,0,0,1,0,0,0,0,0,0,0,0
common/src/main/java/org/apache/falcon/persistence/ProcessInstanceInfoBean.java,85,0,0,0,0,0,0,0,0,0,0,0,0,0,0,0,0,0,0,0,0,0,0,0,0,0,0,0,0,0,0,0,0,0,0
common/src/main/java/org/apache/falcon/persistence/ResultNotFoundException.java,7,0,0,0,0,0,0,0,0,0,0,0,0,0,0,0,0,0,0,0,0,0,0,0,0,0,0,0,0,0,0,0,0,0,0
common/src/main/java/org/apache/falcon/retention/EvictedInstanceSerDe.java,60,0,0,0,0,0,0,0,0,0,0,0,0,0,0,0,0,0,0,0,0,0,0,0,0,0,0,0,0,0,0,0,0,0,0
common/src/main/java/org/apache/falcon/retention/EvictionHelper.java,24,0,0,0,0,0,0,0,0,0,0,0,0,0,0,0,0,0,0,0,0,0,0,0,0,0,0,0,0,0,0,0,0,0,0
common/src/main/java/org/apache/falcon/security/AuthenticationInitializationService.java,108,0,0,0,0,0,0,0,0,0,0,0,0,0,0,0,0,0,0,0,0,0,0,0,0,0,0,0,0,0,0,0,0,0,0
common/src/main/java/org/apache/falcon/security/AuthorizationProvider.java,20,0,0,0,0,0,0,0,0,0,0,0,0,0,0,0,0,0,0,0,0,0,0,0,0,0,0,0,0,0,0,0,0,0,0
common/src/main/java/org/apache/falcon/security/CredentialProviderHelper.java,73,0,0,0,0,0,0,0,0,0,0,0,0,0,0,0,0,0,0,0,0,0,0,0,0,0,0,0,0,0,0,0,0,0,0
common/src/main/java/org/apache/falcon/security/CurrentUser.java,125,0,0,0,0,0,0,0,0,0,0,0,0,0,0,0,0,0,0,0,0,0,0,0,0,0,0,0,0,0,0,0,0,0,0
common/src/main/java/org/apache/falcon/security/DefaultAuthorizationProvider.java,182,0,0,0,0,0,0,0,0,0,0,0,0,0,0,0,0,0,0,0,0,0,0,0,0,0,0,0,0,0,0,0,0,0,0
common/src/main/java/org/apache/falcon/security/SecurityUtil.java,78,0,0,0,0,0,0,0,0,0,0,0,0,0,0,0,0,0,0,0,0,0,0,0,0,0,0,0,0,0,0,0,0,0,0
common/src/main/java/org/apache/falcon/service/ConfigurationChangeListener.java,9,0,0,0,0,0,0,0,0,0,0,0,0,0,0,0,0,0,0,0,0,0,0,0,0,0,0,0,0,0,0,0,0,0,0
common/src/main/java/org/apache/falcon/service/FalconJPAService.java,121,0,0,0,0,0,0,0,0,0,0,0,0,0,0,0,0,0,0,0,0,0,0,0,0,0,0,0,0,0,0,0,0,0,0
common/src/main/java/org/apache/falcon/service/FalconService.java,7,0,0,0,0,0,0,0,0,0,0,0,0,0,0,0,0,0,0,0,0,0,0,0,0,0,0,0,0,0,0,0,0,0,0
common/src/main/java/org/apache/falcon/service/GroupsService.java,23,0,0,0,0,0,0,0,0,0,0,0,0,0,0,0,0,0,0,0,0,0,0,0,0,0,0,0,0,0,0,0,0,0,0
common/src/main/java/org/apache/falcon/service/LifecyclePolicyMap.java,48,0,0,0,0,0,0,0,0,0,0,0,0,0,0,0,0,0,0,0,0,0,0,0,0,0,0,0,0,0,0,0,0,0,0
common/src/main/java/org/apache/falcon/service/LogCleanupService.java,61,0,0,0,0,0,0,0,0,0,0,0,0,0,0,0,0,0,0,0,0,0,0,0,0,0,0,0,0,0,0,0,0,0,0
common/src/main/java/org/apache/falcon/service/ProxyUserService.java,139,0,0,0,0,0,0,0,0,0,0,0,0,0,0,0,0,0,0,0,0,0,0,0,0,0,0,0,0,0,0,0,0,0,0
common/src/main/java/org/apache/falcon/service/ServiceInitializer.java,42,0,0,0,0,0,0,0,0,0,0,0,0,0,0,0,0,0,0,0,0,0,0,0,0,0,0,0,0,0,0,0,0,0,0
common/src/main/java/org/apache/falcon/service/Services.java,51,0,0,0,0,0,0,0,0,0,0,0,0,0,0,0,0,0,0,0,0,0,0,0,0,0,0,0,0,0,0,0,0,0,0
common/src/main/java/org/apache/falcon/tools/FalconStateStoreDBCLI.java,387,0,0,0,0,1,0,0,0,0,1,0,0,0,0,0,0,0,0,0,0,0,0,0,0,0,0,0,0,0,0,0,0,0,0
common/src/main/java/org/apache/falcon/update/UpdateHelper.java,137,0,0,0,0,0,0,0,0,0,0,0,0,0,0,0,0,0,0,0,0,0,0,0,0,0,0,0,0,0,0,0,0,0,0
common/src/main/java/org/apache/falcon/util/ApplicationProperties.java,156,0,0,0,0,0,0,0,0,0,0,0,0,0,0,0,0,0,0,0,0,0,0,0,0,0,0,0,0,0,0,0,0,0,0
common/src/main/java/org/apache/falcon/util/BuildProperties.java,27,0,0,0,0,0,0,0,0,0,0,0,0,0,0,0,0,0,0,0,0,0,0,0,0,0,0,0,0,0,0,0,0,0,0
common/src/main/java/org/apache/falcon/util/CalendarUnit.java,13,0,0,0,0,0,0,0,0,0,0,0,0,0,0,0,0,0,0,0,0,0,0,0,0,0,0,0,0,0,0,0,0,0,0
common/src/main/java/org/apache/falcon/util/DateUtil.java,135,0,0,0,0,0,0,0,0,0,0,0,0,0,0,0,0,0,0,0,0,0,0,0,0,0,0,0,0,0,0,0,0,0,0
common/src/main/java/org/apache/falcon/util/DeploymentProperties.java,26,0,0,0,0,0,0,0,0,0,0,0,0,0,0,0,0,0,0,0,0,0,0,0,0,0,0,0,0,0,0,0,0,0,0
common/src/main/java/org/apache/falcon/util/DeploymentUtil.java,61,0,0,0,0,0,0,0,0,0,0,0,0,0,0,0,0,0,0,0,0,0,0,0,0,0,0,0,0,0,0,0,0,0,0
common/src/main/java/org/apache/falcon/util/DistCPOptionsUtil.java,109,0,0,0,0,0,0,0,0,0,0,0,0,0,0,0,0,0,0,0,0,0,0,0,0,0,0,0,0,0,0,0,0,0,0
common/src/main/java/org/apache/falcon/util/FalconRadixUtils.java,183,0,0,0,0,0,0,0,0,0,0,0,0,0,0,0,0,0,0,0,0,0,0,0,0,0,0,0,0,0,0,0,0,0,0
common/src/main/java/org/apache/falcon/util/FSDRUtils.java,38,0,0,0,0,0,0,0,0,0,0,0,0,0,0,0,0,0,0,0,0,0,0,1,0,0,0,0,0,0,0,0,0,0,0
common/src/main/java/org/apache/falcon/util/HadoopQueueUtil.java,99,0,0,0,0,0,0,0,0,0,0,0,0,0,0,0,0,0,0,0,0,0,0,0,0,0,0,0,0,0,0,0,0,0,0
common/src/main/java/org/apache/falcon/util/HdfsClassLoader.java,114,0,0,0,0,0,0,0,0,0,0,0,0,0,0,0,0,0,0,0,0,0,0,0,0,0,0,0,0,0,0,0,0,0,0
common/src/main/java/org/apache/falcon/util/RadixNode.java,81,0,0,0,0,0,0,0,0,0,0,0,0,0,0,0,0,0,0,0,0,0,0,0,0,0,0,0,0,0,0,0,0,0,0
common/src/main/java/org/apache/falcon/util/RadixTree.java,285,0,0,0,0,0,0,0,0,0,0,0,0,0,0,0,0,0,0,0,0,0,0,0,0,0,0,0,0,0,0,0,0,0,0
common/src/main/java/org/apache/falcon/util/ReflectionUtils.java,38,0,0,0,0,0,0,0,0,0,0,0,0,0,0,0,0,0,0,0,0,0,0,0,0,0,0,0,0,0,0,0,0,0,0
common/src/main/java/org/apache/falcon/util/ReplicationDistCpOption.java,23,0,0,0,0,0,0,0,0,0,0,0,0,0,0,0,0,0,0,0,0,0,0,0,0,0,0,0,0,0,0,0,0,0,0
common/src/main/java/org/apache/falcon/util/RuntimeProperties.java,77,0,0,0,0,0,0,0,0,0,0,0,0,0,0,0,0,0,0,0,0,0,0,0,0,0,0,0,0,0,0,0,0,0,0
common/src/main/java/org/apache/falcon/util/StartupProperties.java,70,0,0,0,0,0,0,0,0,0,0,0,0,0,0,0,0,0,0,0,0,0,0,0,0,0,0,0,0,0,0,0,0,0,0
common/src/main/java/org/apache/falcon/util/StateStoreProperties.java,78,0,0,0,0,0,0,0,0,0,0,0,0,0,0,0,0,0,0,0,0,0,0,0,0,0,0,0,0,0,0,0,0,0,0
common/src/main/java/org/apache/falcon/workflow/WorkflowEngineFactory.java,72,0,0,0,0,0,0,0,0,0,0,0,0,0,0,0,0,0,0,0,0,0,0,0,0,0,0,0,0,0,0,0,0,0,0
common/src/main/java/org/apache/falcon/workflow/WorkflowExecutionArgs.java,76,0,0,0,0,0,0,0,0,0,0,0,0,0,0,0,0,0,0,0,0,0,0,0,0,0,0,0,0,0,0,0,0,0,0
common/src/main/java/org/apache/falcon/workflow/WorkflowExecutionContext.java,376,0,0,0,0,0,0,0,0,0,0,0,0,0,0,0,0,0,0,0,0,0,0,0,0,0,0,0,0,0,0,0,0,0,0
common/src/main/java/org/apache/falcon/workflow/WorkflowExecutionListener.java,9,0,0,0,0,0,0,0,0,0,0,0,0,0,0,0,0,0,0,0,0,0,0,0,0,0,0,0,0,0,0,0,0,0,0
common/src/main/java/org/apache/falcon/workflow/WorkflowJobEndNotificationService.java,244,0,0,0,0,0,0,0,0,0,0,0,0,0,0,0,0,0,0,0,0,0,0,0,0,0,0,0,0,0,0,0,0,0,0
common/src/main/java/org/apache/falcon/entity/v0/EntityGraph.java,209,0,0,0,0,0,0,0,0,0,0,0,0,0,0,0,0,0,0,0,0,0,0,0,0,0,0,0,0,0,0,0,0,0,0
common/src/main/java/org/apache/falcon/entity/v0/EntityIntegrityChecker.java,34,0,0,0,0,0,0,0,0,0,0,0,0,0,0,0,0,0,0,0,0,0,0,0,0,0,0,0,0,0,0,0,0,0,0
common/src/main/java/org/apache/falcon/entity/v0/UnschedulableEntityException.java,14,0,0,0,0,0,0,0,0,0,0,0,0,0,0,0,0,0,0,0,0,0,0,0,0,0,0,0,0,0,0,0,0,0,0
common/src/main/java/org/apache/falcon/entity/common/FeedDataPath.java,53,0,0,0,0,0,0,0,0,0,0,0,0,0,0,0,0,0,0,0,0,0,0,0,0,0,0,0,0,0,0,0,0,0,0
common/src/main/java/org/apache/falcon/entity/lock/MemoryLocks.java,35,0,0,0,0,0,0,0,0,0,0,0,0,0,0,0,0,0,0,0,0,0,0,0,0,0,0,0,0,0,0,0,0,0,0
common/src/main/java/org/apache/falcon/entity/parser/ClusterEntityParser.java,335,0,0,0,0,0,0,0,0,0,0,0,0,0,0,0,0,0,0,0,0,0,0,0,0,0,0,0,0,0,0,0,0,0,0
common/src/main/java/org/apache/falcon/entity/parser/CrossEntityValidations.java,110,0,0,0,0,0,0,0,0,0,0,0,0,0,0,0,0,0,0,0,0,0,0,0,0,0,0,0,0,0,0,0,0,0,0
common/src/main/java/org/apache/falcon/entity/parser/DatasourceEntityParser.java,98,0,0,0,0,0,0,0,0,0,0,0,0,0,0,0,0,0,0,0,0,0,0,0,0,0,0,0,0,0,0,0,0,0,0
common/src/main/java/org/apache/falcon/entity/parser/EntityParser.java,95,0,1,0,0,0,0,0,0,0,0,0,0,0,0,0,0,0,0,0,0,0,0,0,0,0,0,0,0,0,0,0,0,0,0
common/src/main/java/org/apache/falcon/entity/parser/EntityParserFactory.java,20,0,0,0,0,0,0,0,0,0,0,0,0,0,0,0,0,0,0,0,0,0,0,0,0,0,0,0,0,0,0,0,0,0,0
common/src/main/java/org/apache/falcon/entity/parser/FeedEntityParser.java,566,0,0,0,0,0,0,0,0,0,0,0,0,0,0,0,0,0,0,0,0,0,0,0,0,0,0,0,0,0,0,0,0,0,0
common/src/main/java/org/apache/falcon/entity/parser/ProcessEntityParser.java,330,0,0,0,0,1,1,0,0,0,0,0,0,0,0,0,0,0,0,0,0,0,0,0,0,0,0,0,0,0,0,0,0,0,0
common/src/main/java/org/apache/falcon/entity/parser/ValidationException.java,14,0,0,0,0,0,0,0,0,0,0,0,0,0,0,0,0,0,0,0,0,0,0,0,0,0,0,0,0,0,0,0,0,0,0
common/src/main/java/org/apache/falcon/entity/store/ConfigurationStore.java,374,0,1,0,0,0,0,0,0,0,0,1,0,0,0,0,0,0,0,0,0,0,0,0,0,0,0,0,0,0,0,0,0,0,0
common/src/main/java/org/apache/falcon/entity/store/EntityAlreadyExistsException.java,13,0,0,0,0,0,0,0,0,0,0,0,0,0,0,0,0,0,0,0,0,0,0,0,0,0,0,0,0,0,0,0,0,0,0
common/src/main/java/org/apache/falcon/entity/store/FeedLocationStore.java,89,0,0,0,0,0,0,0,0,0,0,0,0,0,0,0,0,0,0,0,0,0,0,0,0,0,0,0,0,0,0,0,0,0,0
common/src/main/java/org/apache/falcon/entity/store/FeedPathStore.java,14,0,0,0,0,0,0,0,0,0,0,0,0,0,0,0,0,0,0,0,0,0,0,0,0,0,0,0,0,0,0,0,0,0,0
common/src/main/java/org/apache/falcon/entity/store/StoreAccessException.java,13,0,0,0,0,0,0,0,0,0,0,0,0,0,0,0,0,0,0,0,0,0,0,0,0,0,0,0,0,0,0,0,0,0,0
common/src/main/java/org/apache/falcon/lifecycle/retention/AgeBasedDelete.java,91,0,0,0,0,0,0,0,0,0,0,0,0,0,0,0,0,0,0,0,0,0,0,0,0,0,0,0,0,0,0,0,0,0,0
common/src/main/java/org/apache/falcon/lifecycle/retention/RetentionPolicy.java,27,0,0,0,0,0,0,0,0,0,0,0,0,0,0,0,0,0,0,0,0,0,0,0,0,0,0,0,0,0,0,0,0,0,0
common/src/main/java/org/apache/falcon/workflow/engine/AbstractWorkflowEngine.java,62,0,0,0,0,0,0,0,0,0,0,0,0,0,0,0,0,0,0,0,0,0,0,0,0,0,0,0,0,0,0,0,0,0,0
common/src/main/java/org/apache/falcon/workflow/engine/WorkflowEngineActionListener.java,13,0,0,0,0,0,0,0,0,0,0,0,0,0,0,0,0,0,0,0,0,0,0,0,0,0,0,0,0,0,0,0,0,0,0
common/src/main/java/org/apache/falcon/workflow/util/OozieActionConfigurationHelper.java,47,0,0,0,0,0,0,0,0,0,0,0,0,0,0,0,0,0,0,0,0,0,0,0,0,0,0,0,0,0,0,0,0,0,0
common/src/main/java/org/apache/falcon/workflow/util/OozieConstants.java,6,0,0,0,0,0,0,0,0,0,0,0,0,0,0,0,0,0,0,0,0,0,0,0,0,0,0,0,0,0,0,0,0,0,0
extensions/src/main/java/org/apache/falcon/extensions/AbstractExtension.java,41,0,0,0,0,0,0,0,0,0,0,0,0,0,0,0,0,0,0,0,0,0,0,0,0,0,0,0,0,0,0,0,0,0,0
extensions/src/main/java/org/apache/falcon/extensions/Extension.java,95,0,0,0,0,1,0,0,0,0,0,0,0,0,0,0,0,1,0,0,0,0,0,0,0,0,0,0,0,0,0,0,0,0,0
extensions/src/main/java/org/apache/falcon/extensions/ExtensionBuilder.java,14,0,0,0,0,0,0,0,0,0,0,0,0,0,0,0,0,0,0,0,0,0,0,0,0,0,0,0,0,0,0,0,0,0,0
extensions/src/main/java/org/apache/falcon/extensions/ExtensionFactory.java,20,0,0,0,0,0,0,0,0,0,0,0,0,0,0,0,0,0,0,0,0,0,0,0,0,0,0,0,0,0,0,0,0,0,0
extensions/src/main/java/org/apache/falcon/extensions/ExtensionProperties.java,55,0,0,0,0,0,0,0,0,0,0,0,0,0,0,0,0,0,0,0,0,0,0,0,0,0,0,0,0,0,0,0,0,0,0
extensions/src/main/java/org/apache/falcon/extensions/ExtensionService.java,21,0,0,0,0,0,0,0,0,0,0,0,0,0,0,0,0,0,0,0,0,0,0,0,0,0,0,0,0,0,0,0,0,0,0
extensions/src/main/java/org/apache/falcon/extensions/jdbc/ExtensionMetaStore.java,231,0,0,0,0,0,0,0,0,0,0,0,0,0,0,1,0,0,0,0,0,0,0,0,0,0,1,0,0,0,0,0,0,0,0
extensions/src/main/java/org/apache/falcon/extensions/store/ExtensionStore.java,325,0,0,0,0,0,0,0,0,1,0,0,0,0,1,1,0,0,0,0,0,0,0,0,0,1,1,0,0,0,0,0,0,0,0
extensions/src/main/java/org/apache/falcon/extensions/util/ExtensionProcessBuilderUtils.java,234,0,1,0,0,0,0,0,0,0,0,0,0,0,0,0,0,0,0,0,0,0,0,0,0,0,0,0,0,0,0,0,0,0,0
extensions/src/main/java/org/apache/falcon/extensions/mirroring/hdfs/HdfsMirroringExtension.java,159,0,0,0,0,0,0,0,0,0,0,0,0,0,0,0,0,0,0,0,0,0,0,1,0,0,0,0,0,0,0,0,0,0,0
extensions/src/main/java/org/apache/falcon/extensions/mirroring/hdfs/HdfsMirroringExtensionProperties.java,37,0,0,0,0,0,0,0,0,0,0,0,0,0,0,0,0,0,0,0,0,0,0,1,0,0,0,0,0,0,0,0,0,0,0
extensions/src/main/java/org/apache/falcon/extensions/mirroring/hdfsSnapshot/HdfsSnapshotMirroringExtension.java,186,0,0,0,0,0,0,0,0,0,0,0,0,0,0,0,0,0,0,0,0,0,0,0,0,0,0,0,0,0,0,0,0,0,0
extensions/src/main/java/org/apache/falcon/extensions/mirroring/hdfsSnapshot/HdfsSnapshotMirrorProperties.java,50,0,0,0,0,0,0,0,0,0,0,0,0,0,0,0,0,0,0,0,0,0,0,0,0,0,0,0,0,0,0,0,0,0,0
extensions/src/main/java/org/apache/falcon/extensions/mirroring/hive/HiveMirroringExtension.java,205,0,0,0,0,0,0,0,0,0,0,0,0,0,0,0,0,0,0,0,0,0,0,0,0,0,0,0,0,0,0,0,0,0,0
extensions/src/main/java/org/apache/falcon/extensions/mirroring/hive/HiveMirroringExtensionProperties.java,62,0,0,0,0,0,0,0,0,0,0,0,0,0,0,0,0,0,0,0,0,0,0,0,0,0,0,0,0,0,0,0,0,0,0
prism/src/main/java/org/apache/falcon/FalconServer.java,117,0,0,0,0,0,0,0,0,0,0,0,0,0,0,0,0,0,0,0,0,0,0,0,0,0,0,0,0,0,0,0,0,0,0
prism/src/main/java/org/apache/falcon/FalconWebException.java,44,0,0,0,0,0,0,0,0,0,0,0,0,0,0,0,0,0,0,0,0,0,0,0,0,0,0,0,0,0,0,0,0,0,0
prism/src/main/java/org/apache/falcon/resource/AbstractEntityManager.java,1164,0,0,0,0,0,0,0,0,0,0,0,0,0,0,0,0,0,0,0,0,0,0,0,0,0,0,0,0,0,0,0,0,0,0
prism/src/main/java/org/apache/falcon/resource/AbstractExtensionManager.java,282,0,0,0,0,1,0,0,0,0,0,0,0,0,0,1,1,0,0,0,0,0,0,0,0,1,1,1,0,1,1,1,0,0,0
prism/src/main/java/org/apache/falcon/resource/AbstractInstanceManager.java,891,0,0,0,0,0,0,0,0,0,0,0,0,0,0,0,0,0,0,0,0,0,0,0,0,0,0,0,0,0,0,0,0,0,0
prism/src/main/java/org/apache/falcon/resource/AbstractSchedulableEntityManager.java,297,0,0,0,0,0,0,0,0,0,0,0,0,0,0,0,0,0,0,0,0,0,0,0,0,0,0,0,0,0,0,0,0,0,0
prism/src/main/java/org/apache/falcon/security/ClientCertificateFilter.java,64,0,0,0,0,0,0,0,0,0,0,0,0,0,0,0,0,0,0,0,0,0,0,0,0,0,0,0,0,0,0,0,0,0,0
prism/src/main/java/org/apache/falcon/security/FalconAuditFilter.java,67,0,0,0,0,0,0,0,0,0,0,0,0,0,0,0,0,0,0,0,0,0,0,0,0,0,0,0,0,0,0,0,0,0,0
prism/src/main/java/org/apache/falcon/security/FalconAuthenticationFilter.java,121,0,0,0,0,0,0,0,0,0,0,0,0,0,0,0,0,0,0,0,0,0,0,0,0,0,0,0,0,0,0,0,0,0,0
prism/src/main/java/org/apache/falcon/security/FalconAuthorizationFilter.java,168,0,0,0,0,0,0,0,0,0,0,0,0,0,0,0,0,0,0,0,0,0,0,0,0,0,0,0,0,0,0,0,0,0,0
prism/src/main/java/org/apache/falcon/security/FalconCSRFFilter.java,48,0,0,0,0,0,0,0,0,0,0,0,0,0,0,0,0,0,0,0,0,0,0,0,0,0,0,0,0,0,0,0,0,0,0
prism/src/main/java/org/apache/falcon/security/HostnameFilter.java,48,0,0,0,0,0,0,0,0,0,0,0,0,0,0,0,0,0,0,0,0,0,0,0,0,0,0,0,0,0,0,0,0,0,0
prism/src/main/java/org/apache/falcon/security/RemoteUserInHeaderBasedAuthenticationHandler.java,20,0,0,0,0,0,0,0,0,0,0,0,0,0,0,0,0,0,0,0,0,0,0,0,0,0,0,0,0,0,0,0,0,0,0
prism/src/main/java/org/apache/falcon/security/RestCsrfPreventionFilter.java,135,0,0,0,0,0,0,0,0,0,0,0,0,0,0,0,0,0,0,0,0,0,0,0,0,0,0,0,0,0,0,0,0,0,0
prism/src/main/java/org/apache/falcon/service/BacklogMetricEmitterService.java,376,0,0,0,1,0,0,0,0,0,0,0,0,0,0,0,0,0,0,0,1,1,0,0,0,0,0,0,0,0,0,0,0,0,0
prism/src/main/java/org/apache/falcon/service/EntitySLAAlertService.java,116,0,0,0,1,0,0,0,0,0,0,0,0,0,0,0,0,0,0,0,0,0,0,0,0,0,0,0,0,0,0,0,0,0,0
prism/src/main/java/org/apache/falcon/service/EntitySLAListener.java,8,0,0,0,0,0,0,0,0,0,0,0,0,0,0,0,0,0,0,0,0,0,0,0,0,0,0,0,0,0,0,0,0,0,0
prism/src/main/java/org/apache/falcon/service/EntitySLAMonitoringService.java,568,0,0,0,1,0,0,0,0,0,0,0,0,0,0,0,0,0,0,0,1,0,0,0,0,0,0,0,0,0,0,0,0,0,0
prism/src/main/java/org/apache/falcon/service/ProcessSubscriberService.java,46,0,0,0,0,0,0,0,0,0,0,0,0,0,0,0,0,0,0,0,0,0,0,0,0,0,0,0,0,0,0,0,0,0,0
prism/src/main/java/org/apache/falcon/util/EmbeddedServer.java,41,0,0,0,0,0,0,0,0,0,0,0,0,0,0,0,0,0,0,0,0,0,0,0,0,0,0,0,0,0,0,0,0,0,0
prism/src/main/java/org/apache/falcon/util/MetricInfo.java,44,0,0,0,0,0,0,0,0,0,0,0,0,0,0,0,0,0,0,0,0,0,0,0,0,0,0,0,0,0,0,0,0,0,0
prism/src/main/java/org/apache/falcon/util/NotificationUtil.java,46,0,0,0,0,0,0,0,0,0,0,0,0,0,0,0,0,0,0,0,0,0,0,0,0,0,0,0,0,0,0,0,0,0,0
prism/src/main/java/org/apache/falcon/util/SecureEmbeddedServer.java,31,0,0,0,0,0,0,0,0,0,0,0,0,0,0,0,0,0,0,0,0,0,0,0,0,0,0,0,0,0,0,0,0,0,0
prism/src/main/java/org/apache/falcon/util/Servlets.java,37,0,0,0,0,0,0,0,0,0,0,0,0,0,0,0,0,0,0,0,0,0,0,0,0,0,0,0,0,0,0,0,0,0,0
prism/src/main/java/org/apache/falcon/plugin/ChainableMonitoringPlugin.java,111,0,0,0,0,0,0,0,0,0,0,0,0,0,0,0,0,0,0,0,0,0,0,0,0,0,0,0,0,0,0,0,0,0,0
prism/src/main/java/org/apache/falcon/plugin/EmailNotification.java,124,0,0,0,0,0,0,0,0,0,0,0,0,0,0,0,0,0,0,0,0,0,0,0,0,0,0,0,0,0,0,0,0,0,0
prism/src/main/java/org/apache/falcon/plugin/EmailNotificationPlugin.java,46,0,0,0,0,0,0,0,0,0,0,0,0,0,0,0,0,0,0,0,0,0,0,0,0,0,0,0,0,0,0,0,0,0,0
prism/src/main/java/org/apache/falcon/plugin/GraphiteNotificationPlugin.java,59,0,0,0,0,0,0,0,0,0,0,0,0,0,0,0,0,0,0,0,0,0,0,0,0,0,0,0,0,0,0,0,0,0,0
prism/src/main/java/org/apache/falcon/plugin/NotificationHandler.java,14,0,0,0,0,0,0,0,0,0,0,0,0,0,0,0,0,0,0,0,0,0,0,0,0,0,0,0,0,0,0,0,0,0,0
prism/src/main/java/org/apache/falcon/plugin/ProcessExecutionStatsPlugin.java,49,0,0,0,0,0,0,0,0,0,0,0,0,0,0,0,0,0,0,0,0,0,0,0,0,0,0,0,0,0,0,0,0,0,0
prism/src/main/java/org/apache/falcon/handler/SLAMonitoringHandler.java,59,0,0,0,0,0,0,0,0,0,0,0,0,0,0,0,0,0,0,0,0,0,0,0,0,0,0,0,0,0,0,0,0,0,0
prism/src/main/java/org/apache/falcon/jdbc/BacklogMetricStore.java,100,0,0,0,0,0,0,0,0,0,0,0,0,0,0,0,0,0,0,0,1,0,0,0,0,0,0,0,0,0,0,0,0,0,0
prism/src/main/java/org/apache/falcon/jdbc/MonitoringJdbcStateStore.java,265,0,0,0,1,0,0,0,0,0,0,0,0,0,0,0,0,0,0,0,0,0,0,0,0,0,0,0,0,0,0,0,0,0,0
prism/src/main/java/org/apache/falcon/listener/ContextStartupListener.java,63,0,0,0,0,0,0,0,0,0,0,0,0,0,0,0,0,0,0,0,0,0,0,0,0,0,0,0,0,0,0,0,0,0,0
prism/src/main/java/org/apache/falcon/resource/admin/AdminResource.java,175,0,0,0,0,0,0,0,0,0,0,0,0,0,0,0,0,0,0,0,0,0,0,0,0,0,0,0,0,0,0,0,0,0,0
prism/src/main/java/org/apache/falcon/resource/channel/AbstractChannel.java,25,0,0,0,0,0,0,0,0,0,0,0,0,0,0,0,0,0,0,0,0,0,0,0,0,0,0,0,0,0,0,0,0,0,0
prism/src/main/java/org/apache/falcon/resource/channel/Channel.java,6,0,0,0,0,0,0,0,0,0,0,0,0,0,0,0,0,0,0,0,0,0,0,0,0,0,0,0,0,0,0,0,0,0,0
prism/src/main/java/org/apache/falcon/resource/channel/ChannelFactory.java,31,0,0,0,0,0,0,0,0,0,0,0,0,0,0,0,0,0,0,0,0,0,0,0,0,0,0,0,0,0,0,0,0,0,0
prism/src/main/java/org/apache/falcon/resource/channel/HTTPChannel.java,196,0,0,0,0,0,0,0,0,0,0,0,0,0,0,0,0,0,0,0,0,0,0,0,0,0,0,0,0,0,0,0,0,0,0
prism/src/main/java/org/apache/falcon/resource/channel/IPCChannel.java,40,0,0,0,0,0,0,0,0,0,0,0,0,0,0,0,0,0,0,0,0,0,0,0,0,0,0,0,0,0,0,0,0,0,0
prism/src/main/java/org/apache/falcon/resource/channel/MethodKey.java,51,0,0,0,0,0,0,0,0,0,0,0,0,0,0,0,0,0,0,0,0,0,0,0,0,0,0,0,0,0,0,0,0,0,0
prism/src/main/java/org/apache/falcon/resource/channel/NullServletRequest.java,235,0,0,0,0,0,0,0,0,0,0,0,0,0,0,0,0,0,0,0,0,0,0,0,0,0,0,0,0,0,0,0,0,0,0
prism/src/main/java/org/apache/falcon/resource/channel/SecureHTTPChannel.java,34,0,0,0,0,0,0,0,0,0,0,0,0,0,0,0,0,0,0,0,0,0,0,0,0,0,0,0,0,0,0,0,0,0,0
prism/src/main/java/org/apache/falcon/resource/metadata/AbstractMetadataResource.java,39,0,0,0,0,0,0,0,0,0,0,0,0,0,0,0,0,0,0,0,0,0,0,0,0,0,0,0,0,0,0,0,0,0,0
prism/src/main/java/org/apache/falcon/resource/metadata/LineageMetadataResource.java,452,0,0,0,0,0,0,0,0,0,0,0,0,0,0,0,0,0,0,0,0,0,0,0,0,0,0,0,0,0,0,0,0,0,0
prism/src/main/java/org/apache/falcon/resource/metadata/MetadataDiscoveryResource.java,259,0,0,0,0,0,0,0,0,0,0,0,0,0,0,0,0,0,0,0,0,0,0,0,0,0,0,0,0,0,0,0,0,0,0
prism/src/main/java/org/apache/falcon/resource/provider/JAXBContextResolver.java,47,0,0,0,0,0,0,0,0,0,0,0,0,0,0,0,0,0,0,0,0,0,0,0,0,0,0,0,0,0,0,0,0,0,0
prism/src/main/java/org/apache/falcon/resource/proxy/BufferedRequest.java,273,0,0,0,0,0,0,0,0,0,0,0,0,0,0,0,0,0,0,0,0,0,0,0,0,0,0,0,0,0,0,0,0,0,0
prism/src/main/java/org/apache/falcon/resource/proxy/EntityProxy.java,56,0,0,0,0,0,0,0,0,0,0,0,0,0,0,0,0,0,0,0,0,0,0,0,0,0,0,0,0,0,0,0,0,0,0
prism/src/main/java/org/apache/falcon/resource/proxy/EntityProxyUtil.java,183,0,0,0,0,0,0,0,0,0,0,0,0,0,0,0,0,0,0,0,0,0,0,0,0,0,0,0,0,0,0,0,0,0,0
prism/src/main/java/org/apache/falcon/resource/proxy/ExtensionManagerProxy.java,661,1,0,0,0,1,0,0,1,0,0,0,0,0,0,1,1,1,1,1,0,0,0,0,0,1,1,0,0,1,0,0,1,1,1
prism/src/main/java/org/apache/falcon/resource/proxy/HttpServletRequestInputStreamWrapper.java,15,0,0,0,0,0,0,0,0,0,0,0,0,0,0,0,0,0,0,0,0,0,0,0,0,0,0,0,0,0,0,0,0,0,0
prism/src/main/java/org/apache/falcon/resource/proxy/InstanceManagerProxy.java,407,0,0,0,0,0,0,0,0,0,0,0,0,0,0,0,0,0,0,0,0,0,0,0,0,0,0,0,0,0,0,0,0,0,0
prism/src/main/java/org/apache/falcon/resource/proxy/SchedulableEntityManagerProxy.java,458,0,0,0,0,0,0,0,0,0,0,0,0,0,0,0,0,0,0,0,0,0,0,0,0,0,0,0,0,0,0,0,0,0,0
test-tools/hadoop-webapp/src/main/java/org/apache/falcon/JobTrackerService.java,5,0,0,0,0,0,0,0,0,0,0,0,0,0,0,0,0,0,0,0,0,0,0,0,0,0,0,0,0,0,0,0,0,0,0
test-tools/hadoop-webapp/src/main/java/org/apache/falcon/listener/HadoopStartupListener.java,109,0,0,0,0,0,0,0,0,0,0,0,0,0,0,0,0,0,0,0,0,0,0,0,0,0,0,0,0,0,0,0,0,0,0
test-tools/hadoop-webapp/src/versioned-src/v2/java/org/apache/hadoop/mapred/LocalRunnerV2.java,180,0,0,0,0,0,0,0,0,0,0,0,0,0,0,0,0,0,0,0,0,0,0,0,0,0,0,0,0,0,0,0,0,0,0
unit/src/main/java/org/apache/falcon/unit/FalconUnit.java,189,0,0,0,0,0,0,0,0,0,0,0,0,0,0,0,0,0,0,0,0,0,0,0,0,0,0,0,0,0,0,0,0,0,0
unit/src/main/java/org/apache/falcon/unit/FalconUnitClient.java,558,0,0,0,0,1,0,0,0,1,0,0,0,0,0,1,0,0,1,0,0,0,0,1,0,0,1,0,0,0,0,0,0,0,0
unit/src/main/java/org/apache/falcon/unit/FalconUnitHelper.java,52,0,0,0,0,0,0,0,0,0,0,0,0,0,0,0,0,0,0,0,0,0,0,0,0,0,0,0,0,0,0,0,0,0,0
unit/src/main/java/org/apache/falcon/unit/LocalExtensionManager.java,176,0,0,0,0,1,0,0,0,0,0,0,0,0,0,1,1,0,1,0,0,0,0,0,0,0,1,0,0,0,0,0,0,0,0
unit/src/main/java/org/apache/falcon/unit/LocalFalconClientProtocolProvider.java,33,0,0,0,0,0,0,0,0,0,0,0,0,0,0,0,0,0,0,0,0,0,0,0,0,0,0,0,0,0,0,0,0,0,0
unit/src/main/java/org/apache/falcon/unit/LocalFalconRPCClientFactory.java,189,0,0,0,0,0,0,0,0,0,0,0,0,0,0,0,0,0,0,0,0,0,0,0,0,0,0,0,0,0,0,0,0,0,0
unit/src/main/java/org/apache/falcon/unit/LocalInstanceManager.java,58,0,0,0,0,0,0,0,0,0,0,0,0,0,0,0,0,0,0,0,0,0,0,0,0,0,0,0,0,0,0,0,0,0,0
unit/src/main/java/org/apache/falcon/unit/LocalSchedulableEntityManager.java,75,0,0,0,0,0,0,0,0,0,0,0,0,0,0,0,0,0,0,0,0,0,0,0,0,0,0,0,0,0,0,0,0,0,0
addons/adf/src/main/java/org/apache/falcon/adfservice/ADFHiveJob.java,88,0,0,0,0,0,0,0,0,0,0,0,0,0,0,0,0,0,0,0,0,0,0,0,0,0,0,0,0,0,0,0,0,0,0
addons/adf/src/main/java/org/apache/falcon/adfservice/ADFJob.java,436,0,0,0,0,0,0,0,0,0,0,0,0,0,0,0,0,0,0,0,0,0,0,0,0,0,0,0,0,0,0,0,0,0,0
addons/adf/src/main/java/org/apache/falcon/adfservice/ADFJobFactory.java,19,0,0,0,0,0,0,0,0,0,0,0,0,0,0,0,0,0,0,0,0,0,0,0,0,0,0,0,0,0,0,0,0,0,0
addons/adf/src/main/java/org/apache/falcon/adfservice/ADFPigJob.java,40,0,0,0,0,0,0,0,0,0,0,0,0,0,0,0,0,0,0,0,0,0,0,0,0,0,0,0,0,0,0,0,0,0,0
addons/adf/src/main/java/org/apache/falcon/adfservice/ADFProviderService.java,295,0,0,0,0,0,0,0,0,0,0,0,0,0,0,0,0,0,0,0,0,0,0,0,0,0,0,0,0,0,0,0,0,0,0
addons/adf/src/main/java/org/apache/falcon/adfservice/ADFReplicationJob.java,39,0,0,0,0,0,0,0,0,0,0,0,0,0,0,0,0,0,0,0,0,0,0,0,0,0,0,0,0,0,0,0,0,0,0
addons/adf/src/main/java/org/apache/falcon/adfservice/ADFScheduledExecutor.java,39,0,0,0,0,0,0,0,0,0,0,0,0,0,0,0,0,0,0,0,0,0,0,0,0,0,0,0,0,0,0,0,0,0,0
addons/adf/src/main/java/org/apache/falcon/adfservice/DataFeed.java,72,0,0,0,0,0,0,0,0,0,0,0,0,0,0,0,0,0,0,0,0,0,0,0,0,0,0,0,0,0,0,0,0,0,0
addons/adf/src/main/java/org/apache/falcon/adfservice/Feed.java,14,0,0,0,0,0,0,0,0,0,0,0,0,0,0,0,0,0,0,0,0,0,0,0,0,0,0,0,0,0,0,0,0,0,0
addons/adf/src/main/java/org/apache/falcon/adfservice/Process.java,104,0,0,0,0,0,0,0,0,0,0,0,0,0,0,0,0,0,0,0,0,0,0,0,0,0,0,0,0,0,0,0,0,0,0
addons/adf/src/main/java/org/apache/falcon/adfservice/TableFeed.java,83,0,0,0,0,0,0,0,0,0,0,0,0,0,0,0,0,0,0,0,0,0,0,0,0,0,0,0,0,0,0,0,0,0,0
addons/adf/src/main/java/org/apache/falcon/adfservice/util/ADFJsonConstants.java,48,0,0,0,0,0,0,0,0,0,0,0,0,0,0,0,0,0,0,0,0,0,0,0,0,0,0,0,0,0,0,0,0,0,0
addons/adf/src/main/java/org/apache/falcon/adfservice/util/FSUtils.java,74,0,0,0,0,0,0,0,0,0,0,0,0,0,0,0,0,0,0,0,0,0,0,0,0,0,0,0,0,0,0,0,0,0,0
addons/designer/actions/src/main/java/org/apache/falcon/designer/action/configuration/EmailActionConfiguration.java,41,0,0,0,0,0,0,0,0,0,0,0,0,0,0,0,0,0,0,0,0,0,0,0,0,0,0,0,0,0,0,0,0,0,0
addons/designer/actions/src/main/java/org/apache/falcon/designer/primitive/action/EmailAction.java,52,0,0,0,0,0,0,0,0,0,0,0,0,0,0,0,0,0,0,0,0,0,0,0,0,0,0,0,0,0,0,0,0,0,0
addons/designer/core/src/main/java/org/apache/falcon/designer/primitive/Action.java,31,0,0,0,0,0,0,0,0,0,0,0,0,0,0,0,0,0,0,0,0,0,0,0,0,0,0,0,0,0,0,0,0,0,0
addons/designer/core/src/main/java/org/apache/falcon/designer/primitive/Code.java,3,0,0,0,0,0,0,0,0,0,0,0,0,0,0,0,0,0,0,0,0,0,0,0,0,0,0,0,0,0,0,0,0,0,0
addons/designer/core/src/main/java/org/apache/falcon/designer/primitive/CompilationException.java,25,0,0,0,0,0,0,0,0,0,0,0,0,0,0,0,0,0,0,0,0,0,0,0,0,0,0,0,0,0,0,0,0,0,0
addons/designer/core/src/main/java/org/apache/falcon/designer/primitive/Message.java,31,0,0,0,0,0,0,0,0,0,0,0,0,0,0,0,0,0,0,0,0,0,0,0,0,0,0,0,0,0,0,0,0,0,0
addons/designer/core/src/main/java/org/apache/falcon/designer/primitive/Primitive.java,88,0,0,0,0,0,0,0,0,0,0,0,0,0,0,0,0,0,0,0,0,0,0,0,0,0,0,0,0,0,0,0,0,0,0
addons/designer/core/src/main/java/org/apache/falcon/designer/primitive/Transform.java,30,0,0,0,0,0,0,0,0,0,0,0,0,0,0,0,0,0,0,0,0,0,0,0,0,0,0,0,0,0,0,0,0,0,0
addons/designer/core/src/main/java/org/apache/falcon/designer/configuration/ActionConfiguration.java,8,0,0,0,0,0,0,0,0,0,0,0,0,0,0,0,0,0,0,0,0,0,0,0,0,0,0,0,0,0,0,0,0,0,0
addons/designer/core/src/main/java/org/apache/falcon/designer/configuration/Configuration.java,41,0,0,0,0,0,0,0,0,0,0,0,0,0,0,0,0,0,0,0,0,0,0,0,0,0,0,0,0,0,0,0,0,0,0
addons/designer/core/src/main/java/org/apache/falcon/designer/configuration/FlowConfig.java,36,0,0,0,0,0,0,0,0,0,0,0,0,0,0,0,0,0,0,0,0,0,0,0,0,0,0,0,0,0,0,0,0,0,0
addons/designer/core/src/main/java/org/apache/falcon/designer/configuration/SerdeException.java,15,0,0,0,0,0,0,0,0,0,0,0,0,0,0,0,0,0,0,0,0,0,0,0,0,0,0,0,0,0,0,0,0,0,0
addons/designer/core/src/main/java/org/apache/falcon/designer/configuration/TransformConfiguration.java,8,0,0,0,0,0,0,0,0,0,0,0,0,0,0,0,0,0,0,0,0,0,0,0,0,0,0,0,0,0,0,0,0,0,0
addons/designer/core/src/main/java/org/apache/falcon/designer/schema/RelationalData.java,19,0,0,0,0,0,0,0,0,0,0,0,0,0,0,0,0,0,0,0,0,0,0,0,0,0,0,0,0,0,0,0,0,0,0
addons/designer/core/src/main/java/org/apache/falcon/designer/schema/RelationalSchema.java,26,0,0,0,0,0,0,0,0,0,0,0,0,0,0,0,0,0,0,0,0,0,0,0,0,0,0,0,0,0,0,0,0,0,0
addons/designer/core/src/main/java/org/apache/falcon/designer/source/DataSource.java,3,0,0,0,0,0,0,0,0,0,0,0,0,0,0,0,0,0,0,0,0,0,0,0,0,0,0,0,0,0,0,0,0,0,0
addons/designer/core/src/main/java/org/apache/falcon/designer/storage/Storage.java,11,0,0,0,0,0,0,0,0,0,0,0,0,0,0,0,0,0,0,0,0,0,0,0,0,0,0,0,0,0,0,0,0,0,0
addons/designer/core/src/main/java/org/apache/falcon/designer/storage/StorageException.java,15,0,0,0,0,0,0,0,0,0,0,0,0,0,0,0,0,0,0,0,0,0,0,0,0,0,0,0,0,0,0,0,0,0,0
addons/designer/core/src/main/java/org/apache/falcon/designer/storage/Storeable.java,7,0,0,0,0,0,0,0,0,0,0,0,0,0,0,0,0,0,0,0,0,0,0,0,0,0,0,0,0,0,0,0,0,0,0
addons/designer/core/src/main/java/org/apache/falcon/designer/storage/Version.java,38,0,0,0,0,0,0,0,0,0,0,0,0,0,0,0,0,0,0,0,0,0,0,0,0,0,0,0,0,0,0,0,0,0,0
addons/designer/core/src/main/java/org/apache/falcon/designer/storage/VersionedStorage.java,21,0,0,0,0,0,0,0,0,0,0,0,0,0,0,0,0,0,0,0,0,0,0,0,0,0,0,0,0,0,0,0,0,0,0
addons/designer/core/src/main/java/org/apache/falcon/designer/storage/impl/HDFSStorage.java,63,0,0,0,0,0,0,0,0,0,0,0,0,0,0,0,0,0,0,0,0,0,0,0,0,0,0,0,0,0,0,0,0,0,0
addons/designer/flows/src/main/java/org/apache/falcon/designer/primitive/Flow.java,44,0,0,0,0,0,0,0,0,0,0,0,0,0,0,0,0,0,0,0,0,0,0,0,0,0,0,0,0,0,0,0,0,0,0
addons/hdfs-snapshot-mirroring/src/main/java/org/apache/falcon/snapshots/replication/HdfsSnapshotReplicator.java,254,0,0,0,0,0,0,0,0,0,0,0,0,0,0,0,0,0,0,0,0,0,0,0,0,0,0,0,0,0,0,0,0,0,0
addons/hdfs-snapshot-mirroring/src/main/java/org/apache/falcon/snapshots/retention/HdfsSnapshotEvictor.java,161,0,0,0,0,0,0,0,0,0,0,0,0,0,0,0,0,0,0,0,0,0,0,0,0,0,0,0,0,0,0,0,0,0,0
addons/hdfs-snapshot-mirroring/src/main/java/org/apache/falcon/snapshots/util/HdfsSnapshotUtil.java,42,0,0,0,0,0,0,0,0,0,0,0,0,0,0,0,0,0,0,0,0,0,0,0,0,0,0,0,0,0,0,0,0,0,0
addons/hivedr/src/main/java/org/apache/falcon/hive/DefaultPartitioner.java,248,0,0,0,0,0,0,0,0,0,0,0,0,0,0,0,0,0,0,0,0,0,0,0,0,0,0,0,0,0,0,0,0,0,0
addons/hivedr/src/main/java/org/apache/falcon/hive/EventSourcer.java,4,0,0,0,0,0,0,0,0,0,0,0,0,0,0,0,0,0,0,0,0,0,0,0,0,0,0,0,0,0,0,0,0,0,0
addons/hivedr/src/main/java/org/apache/falcon/hive/HiveDRArgs.java,71,0,0,0,0,0,0,0,0,0,0,0,0,0,0,0,0,0,0,0,0,0,0,0,0,0,0,0,0,0,0,0,0,0,0
addons/hivedr/src/main/java/org/apache/falcon/hive/HiveDROptions.java,138,0,0,0,0,0,0,0,0,0,0,0,0,0,0,0,0,0,0,0,0,0,0,0,0,0,0,0,0,0,0,0,0,0,0
addons/hivedr/src/main/java/org/apache/falcon/hive/HiveDRTool.java,322,0,0,0,0,0,0,0,0,0,0,0,0,0,0,0,0,0,0,0,0,0,0,0,0,0,0,0,0,0,0,0,0,0,0
addons/hivedr/src/main/java/org/apache/falcon/hive/LastReplicatedEvents.java,146,0,0,0,0,0,0,0,0,0,0,0,0,0,0,0,0,0,0,0,0,0,0,0,0,0,0,0,0,0,0,0,0,0,0
addons/hivedr/src/main/java/org/apache/falcon/hive/MetaStoreEventSourcer.java,158,0,0,0,0,0,0,0,0,0,0,0,0,0,0,0,0,0,0,0,0,0,0,0,0,0,0,0,0,0,0,0,0,0,0
addons/hivedr/src/main/java/org/apache/falcon/hive/Partitioner.java,9,0,0,0,0,0,0,0,0,0,0,0,0,0,0,0,0,0,0,0,0,0,0,0,0,0,0,0,0,0,0,0,0,0,0
addons/hivedr/src/main/java/org/apache/falcon/hive/ReplicationEventMetadata.java,9,0,0,0,0,0,0,0,0,0,0,0,0,0,0,0,0,0,0,0,0,0,0,0,0,0,0,0,0,0,0,0,0,0,0
addons/hivedr/src/main/java/org/apache/falcon/hive/exception/HiveReplicationException.java,13,0,0,0,0,0,0,0,0,0,0,0,0,0,0,0,0,0,0,0,0,0,0,0,0,0,0,0,0,0,0,0,0,0,0
addons/hivedr/src/main/java/org/apache/falcon/hive/mapreduce/CopyCommitter.java,27,0,0,0,0,0,0,0,0,0,0,0,0,0,0,0,0,0,0,0,0,0,0,0,0,0,0,0,0,0,0,0,0,0,0
addons/hivedr/src/main/java/org/apache/falcon/hive/mapreduce/CopyMapper.java,84,0,0,0,0,0,0,0,0,0,0,0,0,0,0,0,0,0,0,0,0,0,0,1,0,0,0,0,0,0,0,0,0,0,0
addons/hivedr/src/main/java/org/apache/falcon/hive/mapreduce/CopyReducer.java,69,0,0,0,0,0,0,0,0,0,0,0,0,0,0,0,0,0,0,0,0,0,0,1,0,0,0,0,0,0,0,0,0,0,0
addons/hivedr/src/main/java/org/apache/falcon/hive/util/DBReplicationStatus.java,153,0,0,0,0,0,0,0,0,0,0,0,0,0,0,0,0,0,0,0,0,0,0,0,0,0,0,0,0,0,0,0,0,0,0
addons/hivedr/src/main/java/org/apache/falcon/hive/util/DelimiterUtils.java,7,0,0,0,0,0,0,0,0,0,0,0,0,0,0,0,0,0,0,0,0,0,0,0,0,0,0,0,0,0,0,0,0,0,0
addons/hivedr/src/main/java/org/apache/falcon/hive/util/DRStatusStore.java,30,0,0,0,0,0,0,0,0,0,0,0,0,0,0,0,0,0,0,0,0,0,0,0,0,0,0,0,0,0,0,0,0,0,0
addons/hivedr/src/main/java/org/apache/falcon/hive/util/EventSourcerUtils.java,138,0,0,0,0,0,0,0,0,0,0,0,0,0,0,0,0,0,0,0,0,0,0,0,0,0,0,0,0,0,0,0,0,0,0
addons/hivedr/src/main/java/org/apache/falcon/hive/util/EventUtils.java,356,0,0,0,0,0,0,0,0,0,0,0,0,0,0,0,0,0,0,0,0,0,0,0,0,0,0,0,0,0,0,0,0,0,0
addons/hivedr/src/main/java/org/apache/falcon/hive/util/FileUtils.java,40,0,0,0,0,0,0,0,0,0,0,0,0,0,0,0,0,0,0,0,0,0,0,0,0,0,0,0,0,0,0,0,0,0,0
addons/hivedr/src/main/java/org/apache/falcon/hive/util/HiveDRStatusStore.java,255,0,0,0,0,0,0,0,0,0,0,0,0,0,0,0,0,0,0,0,0,0,0,0,0,0,0,0,0,0,0,0,0,0,0
addons/hivedr/src/main/java/org/apache/falcon/hive/util/HiveDRUtils.java,81,0,0,0,0,0,0,0,0,0,0,0,0,0,0,0,0,0,0,0,0,0,0,0,0,0,0,0,0,0,0,0,0,0,0
addons/hivedr/src/main/java/org/apache/falcon/hive/util/HiveMetastoreUtils.java,59,0,0,0,0,0,0,0,0,0,0,0,0,0,0,0,0,0,0,0,0,0,0,0,0,0,0,0,0,0,0,0,0,0,0
addons/hivedr/src/main/java/org/apache/falcon/hive/util/ReplicationStatus.java,164,0,0,0,0,0,0,0,0,0,0,0,0,0,0,0,0,0,0,0,0,0,0,0,0,0,0,0,0,0,0,0,0,0,0
cli/src/main/java/org/apache/falcon/cli/FalconAdminCLI.java,93,0,0,0,0,0,0,0,0,0,0,0,0,0,0,0,0,0,0,0,0,0,0,0,0,0,0,0,0,0,0,0,0,0,0
cli/src/main/java/org/apache/falcon/cli/FalconCLI.java,159,0,0,0,0,0,0,0,0,0,0,0,0,0,0,0,0,0,0,0,0,0,0,0,0,0,0,0,0,0,0,0,0,0,0
cli/src/main/java/org/apache/falcon/cli/FalconEntityCLI.java,348,0,0,0,0,0,0,0,0,0,0,0,0,0,0,0,0,0,0,0,0,0,0,0,0,0,0,0,0,0,0,0,0,0,0
cli/src/main/java/org/apache/falcon/cli/FalconExtensionCLI.java,249,0,0,1,0,0,0,0,0,0,0,0,0,0,0,1,0,0,0,0,0,0,0,0,0,1,1,0,0,1,0,0,1,1,1
cli/src/main/java/org/apache/falcon/cli/FalconInstanceCLI.java,313,0,0,0,0,0,0,0,0,0,0,0,0,0,0,0,0,0,0,0,0,0,0,0,0,0,0,0,0,0,0,0,0,0,0
cli/src/main/java/org/apache/falcon/cli/FalconMetadataCLI.java,186,0,0,0,0,0,0,0,0,0,0,0,0,0,0,0,0,0,0,0,0,0,0,0,0,0,0,0,0,0,0,0,0,0,0
webapp/src/main/java/org/apache/falcon/resource/ConfigSyncService.java,78,0,0,0,0,0,0,0,0,0,0,0,0,0,0,0,0,0,0,0,0,0,0,0,0,0,0,0,0,0,0,0,0,0,0
webapp/src/main/java/org/apache/falcon/resource/ExtensionManager.java,234,0,0,0,0,0,0,1,1,0,0,0,0,0,0,0,0,0,0,0,0,0,0,0,0,0,0,0,1,0,0,0,0,0,0
webapp/src/main/java/org/apache/falcon/resource/InstanceManager.java,301,0,0,0,0,0,0,0,0,0,0,0,0,0,0,0,0,0,0,0,0,0,0,0,0,0,0,0,0,0,0,0,0,0,0
webapp/src/main/java/org/apache/falcon/resource/SchedulableEntityManager.java,284,0,0,0,0,0,0,0,0,0,0,0,0,0,0,0,0,0,0,0,0,0,0,0,0,0,0,0,0,0,0,0,0,0,0
shell/src/main/java/org/apache/falcon/shell/commands/BaseFalconCommands.java,117,0,0,0,0,0,0,0,0,0,0,0,0,0,0,0,0,0,0,0,0,0,0,0,0,0,0,0,0,0,0,0,0,0,0
shell/src/main/java/org/apache/falcon/shell/commands/FalconAdminCommands.java,37,0,0,0,0,0,0,0,0,0,0,0,0,0,0,0,0,0,0,0,0,0,0,0,0,0,0,0,0,0,0,0,0,0,0
shell/src/main/java/org/apache/falcon/shell/commands/FalconConnectionCommands.java,30,0,0,0,0,0,0,0,0,0,0,0,0,0,0,0,0,0,0,0,0,0,0,0,0,0,0,0,0,0,0,0,0,0,0
shell/src/main/java/org/apache/falcon/shell/commands/FalconEntityCommands.java,274,0,0,0,0,0,0,0,0,0,0,0,0,0,0,0,0,0,0,0,0,0,0,0,0,0,0,0,0,0,0,0,0,0,0
shell/src/main/java/org/apache/falcon/shell/commands/FalconInstanceCommands.java,317,0,0,0,0,0,0,0,0,0,0,0,0,0,0,0,0,0,0,0,0,0,0,0,0,0,0,0,0,0,0,0,0,0,0
shell/src/main/java/org/apache/falcon/shell/commands/FalconMetadataCommands.java,132,0,0,0,0,0,0,0,0,0,0,0,0,0,0,0,0,0,0,0,0,0,0,0,0,0,0,0,0,0,0,0,0,0,0
shell/src/main/java/org/apache/falcon/shell/commands/FalconProfileCommands.java,56,0,0,0,0,0,0,0,0,0,0,0,0,0,0,0,0,0,0,0,0,0,0,0,0,0,0,0,0,0,0,0,0,0,0
shell/src/main/java/org/apache/falcon/shell/skel/FalconBanner.java,35,0,0,0,0,0,0,0,0,0,0,0,0,0,0,0,0,0,0,0,0,0,0,0,0,0,0,0,0,0,0,0,0,0,0
shell/src/main/java/org/apache/falcon/shell/skel/FalconHistoryFileProvider.java,16,0,0,0,0,0,0,0,0,0,0,0,0,0,0,0,0,0,0,0,0,0,0,0,0,0,0,0,0,0,0,0,0,0,0
shell/src/main/java/org/apache/falcon/shell/skel/FalconPromptProvider.java,17,0,0,0,0,0,0,0,0,0,0,0,0,0,0,0,0,0,0,0,0,0,0,0,0,0,0,0,0,0,0,0,0,0,0
hadoop-dependencies/src/main/java/org/apache/falcon/hadoop/FileSystemExtension.java,4,0,0,0,0,0,0,0,0,0,0,0,0,0,0,0,0,0,0,0,0,0,0,0,0,0,0,0,0,0,0,0,0,0,0
hadoop-dependencies/src/main/java/org/apache/falcon/hadoop/JailedFileSystem.java,171,0,0,0,0,0,0,0,0,0,0,0,0,0,0,0,0,0,0,0,0,0,0,0,0,0,0,0,0,0,0,0,0,0,0
hadoop-dependencies/src/versioned-src/v2/java/org/apache/hadoop/mapred/ClassicClientProtocolProvider.java,42,0,0,0,0,0,0,0,0,0,0,0,0,0,0,0,0,0,0,0,0,0,0,0,0,0,0,0,0,0,0,0,0,0,0
lifecycle/src/main/java/org/apache/falcon/lifecycle/engine/oozie/OoziePolicyBuilderFactory.java,32,0,0,0,0,0,0,0,0,0,0,0,0,0,0,0,0,0,0,0,0,0,0,0,0,0,0,0,0,0,0,0,0,0,0
lifecycle/src/main/java/org/apache/falcon/lifecycle/engine/oozie/retention/AgeBasedCoordinatorBuilder.java,83,0,0,0,0,0,0,0,0,0,0,0,0,0,0,0,0,0,0,0,0,0,0,0,0,0,0,0,0,0,0,0,0,0,0
lifecycle/src/main/java/org/apache/falcon/lifecycle/engine/oozie/retention/AgeBasedDeleteBuilder.java,27,0,0,0,0,0,0,0,0,0,0,0,0,0,0,0,0,0,0,0,0,0,0,0,0,0,0,0,0,0,0,0,0,0,0
lifecycle/src/main/java/org/apache/falcon/lifecycle/engine/oozie/retention/AgeBasedWorkflowBuilder.java,112,0,0,0,0,0,0,0,0,0,0,0,0,0,0,0,0,0,0,0,0,0,0,0,0,0,0,0,0,0,0,0,0,0,0
lifecycle/src/main/java/org/apache/falcon/lifecycle/engine/oozie/utils/OozieBuilderUtils.java,416,0,0,0,0,0,0,0,0,0,0,0,0,0,0,0,0,0,0,0,0,0,0,0,0,0,0,0,0,0,0,0,0,0,0
retention/src/main/java/org/apache/falcon/retention/FeedEvictor.java,82,0,0,0,0,0,0,0,0,0,0,0,0,0,0,0,0,0,0,0,0,0,0,0,0,0,0,0,0,0,0,0,0,0,0
falcon-regression/merlin-core/src/main/java/org/apache/falcon/security/FalconAuthorizationToken.java,74,0,0,0,0,0,0,0,0,0,0,0,0,0,0,0,0,0,0,0,0,0,0,0,0,0,0,0,0,0,0,0,0,0,0
falcon-regression/merlin-core/src/main/java/org/apache/falcon/request/BaseRequest.java,168,0,0,0,0,0,0,0,0,0,0,0,0,0,0,0,0,0,0,0,0,0,0,0,0,0,0,0,0,0,0,0,0,0,0
falcon-regression/merlin-core/src/main/java/org/apache/falcon/request/RequestKeys.java,14,0,0,0,0,0,0,0,0,0,0,0,0,0,0,0,0,0,0,0,0,0,0,0,0,0,0,0,0,0,0,0,0,0,0
falcon-regression/merlin-core/src/main/java/org/apache/falcon/regression/Entities/ClusterMerlin.java,260,0,0,0,0,0,0,0,0,0,0,0,0,0,0,0,0,0,0,0,0,0,0,0,0,0,0,0,0,0,0,0,0,0,0
falcon-regression/merlin-core/src/main/java/org/apache/falcon/regression/Entities/FeedMerlin.java,379,0,0,0,0,0,0,0,0,0,0,0,0,0,0,0,0,0,0,0,0,0,0,0,0,0,0,0,0,0,0,0,0,0,0
falcon-regression/merlin-core/src/main/java/org/apache/falcon/regression/Entities/ProcessMerlin.java,511,0,0,0,0,0,0,0,0,0,0,0,0,0,0,0,0,0,0,0,0,0,0,0,0,0,0,0,0,0,0,0,0,0,0
falcon-regression/merlin-core/src/main/java/org/apache/falcon/regression/Entities/TestEntityUtil.java,33,0,0,0,0,0,0,0,0,0,0,0,0,0,0,0,0,0,0,0,0,0,0,0,0,0,0,0,0,0,0,0,0,0,0
falcon-regression/merlin-core/src/main/java/org/apache/falcon/regression/core/bundle/Bundle.java,663,0,0,0,0,0,0,0,0,0,0,0,0,0,0,0,0,0,0,0,0,0,0,0,0,0,0,0,0,0,0,0,0,0,0
falcon-regression/merlin-core/src/main/java/org/apache/falcon/regression/core/enumsAndConstants/FreqType.java,89,0,0,0,0,0,0,0,0,0,0,0,0,0,0,0,0,0,0,0,0,0,0,0,0,0,0,0,0,0,0,0,0,0,0
falcon-regression/merlin-core/src/main/java/org/apache/falcon/regression/core/enumsAndConstants/MerlinConstants.java,73,0,0,0,0,0,0,0,0,0,0,0,0,0,0,0,0,0,0,0,0,0,0,0,0,0,0,0,0,0,0,0,0,0,0
falcon-regression/merlin-core/src/main/java/org/apache/falcon/regression/core/enumsAndConstants/ResponseErrors.java,18,0,0,0,0,0,0,0,0,0,0,0,0,0,0,0,0,0,0,0,0,0,0,0,0,0,0,0,0,0,0,0,0,0,0
falcon-regression/merlin-core/src/main/java/org/apache/falcon/regression/core/enumsAndConstants/RetentionUnit.java,38,0,0,0,0,0,0,0,0,0,0,0,0,0,0,0,0,0,0,0,0,0,0,0,0,0,0,0,0,0,0,0,0,0,0
falcon-regression/merlin-core/src/main/java/org/apache/falcon/regression/core/helpers/ColoHelper.java,28,0,0,0,0,0,0,0,0,0,0,0,0,0,0,0,0,0,0,0,0,0,0,0,0,0,0,0,0,0,0,0,0,0,0
falcon-regression/merlin-core/src/main/java/org/apache/falcon/regression/core/helpers/FalconClientBuilder.java,109,0,0,0,0,0,0,0,0,0,0,0,0,0,0,0,0,0,0,0,0,0,0,0,0,0,0,0,0,0,0,0,0,0,0
falcon-regression/merlin-core/src/main/java/org/apache/falcon/regression/core/helpers/LineageHelper.java,174,0,0,0,0,0,0,0,0,0,0,0,0,0,0,0,0,0,0,0,0,0,0,0,0,0,0,0,0,0,0,0,0,0,0
falcon-regression/merlin-core/src/main/java/org/apache/falcon/regression/core/response/ServiceResponse.java,81,0,0,0,0,0,0,0,0,0,0,0,0,0,0,0,0,0,0,0,0,0,0,0,0,0,0,0,0,0,0,0,0,0,0
falcon-regression/merlin-core/src/main/java/org/apache/falcon/regression/core/supportClasses/Brother.java,87,0,0,0,0,0,0,0,0,0,0,0,0,0,0,0,0,0,0,0,0,0,0,0,0,0,0,0,0,0,0,0,0,0,0
falcon-regression/merlin-core/src/main/java/org/apache/falcon/regression/core/supportClasses/ExecResult.java,39,0,0,0,0,0,0,0,0,0,0,0,0,0,0,0,0,0,0,0,0,0,0,0,0,0,0,0,0,0,0,0,0,0,0
falcon-regression/merlin-core/src/main/java/org/apache/falcon/regression/core/supportClasses/HadoopFileEditor.java,75,0,0,0,0,0,0,0,0,0,0,0,0,0,0,0,0,0,0,0,0,0,0,0,0,0,0,0,0,0,0,0,0,0,0
falcon-regression/merlin-core/src/main/java/org/apache/falcon/regression/core/supportClasses/JmsMessageConsumer.java,60,0,0,0,0,0,0,0,0,0,0,0,0,0,0,0,0,0,0,0,0,0,0,0,0,0,0,0,0,0,0,0,0,0,0
falcon-regression/merlin-core/src/main/java/org/apache/falcon/regression/core/supportClasses/NotifyingAssert.java,43,0,0,0,0,0,0,0,0,0,0,0,0,0,0,0,0,0,0,0,0,0,0,0,0,0,0,0,0,0,0,0,0,0,0
falcon-regression/merlin-core/src/main/java/org/apache/falcon/regression/core/util/AssertUtil.java,275,0,0,0,0,0,0,0,0,0,0,0,0,0,0,0,0,0,0,0,0,0,0,0,0,0,0,0,0,0,0,0,0,0,0
falcon-regression/merlin-core/src/main/java/org/apache/falcon/regression/core/util/BundleUtil.java,172,0,0,0,0,0,0,0,0,0,0,0,0,0,0,0,0,0,0,0,0,0,0,0,0,0,0,0,0,0,0,0,0,0,0
falcon-regression/merlin-core/src/main/java/org/apache/falcon/regression/core/util/CleanupUtil.java,76,0,0,0,0,0,0,0,0,0,0,0,0,0,0,0,0,0,0,0,0,0,0,0,0,0,0,0,0,0,0,0,0,0,0
falcon-regression/merlin-core/src/main/java/org/apache/falcon/regression/core/util/Config.java,50,0,0,0,0,0,0,0,0,0,0,0,0,0,0,0,0,0,0,0,0,0,0,0,0,0,0,0,0,0,0,0,0,0,0
falcon-regression/merlin-core/src/main/java/org/apache/falcon/regression/core/util/EntityLineageUtil.java,93,0,0,0,0,0,0,0,0,0,0,0,0,0,0,0,0,0,0,0,0,0,0,0,0,0,0,0,0,0,0,0,0,0,0
falcon-regression/merlin-core/src/main/java/org/apache/falcon/regression/core/util/ExecUtil.java,162,0,0,0,0,0,0,0,0,0,0,0,0,0,0,0,0,0,0,0,0,0,0,0,0,0,0,0,0,0,0,0,0,0,0
falcon-regression/merlin-core/src/main/java/org/apache/falcon/regression/core/util/FileUtil.java,18,0,0,0,0,0,0,0,0,0,0,0,0,0,0,0,0,0,0,0,0,0,0,0,0,0,0,0,0,0,0,0,0,0,0
falcon-regression/merlin-core/src/main/java/org/apache/falcon/regression/core/util/Generator.java,23,0,0,0,0,0,0,0,0,0,0,0,0,0,0,0,0,0,0,0,0,0,0,0,0,0,0,0,0,0,0,0,0,0,0
falcon-regression/merlin-core/src/main/java/org/apache/falcon/regression/core/util/GraphAssert.java,104,0,0,0,0,0,0,0,0,0,0,0,0,0,0,0,0,0,0,0,0,0,0,0,0,0,0,0,0,0,0,0,0,0,0
falcon-regression/merlin-core/src/main/java/org/apache/falcon/regression/core/util/HadoopUtil.java,336,0,0,0,0,0,0,0,0,0,0,0,0,0,0,0,0,0,0,0,0,0,0,0,0,0,0,0,0,0,0,0,0,0,0
falcon-regression/merlin-core/src/main/java/org/apache/falcon/regression/core/util/HCatUtil.java,51,0,0,0,0,0,0,0,0,0,0,0,0,0,0,0,0,0,0,0,0,0,0,0,0,0,0,0,0,0,0,0,0,0,0
falcon-regression/merlin-core/src/main/java/org/apache/falcon/regression/core/util/HiveAssert.java,188,0,0,0,0,0,0,0,0,0,0,0,0,0,0,0,0,0,0,0,0,0,0,0,0,0,0,0,0,0,0,0,0,0,0
falcon-regression/merlin-core/src/main/java/org/apache/falcon/regression/core/util/HiveUtil.java,105,0,0,0,0,0,0,0,0,0,0,0,0,0,0,0,0,0,0,0,0,0,0,0,0,0,0,0,0,0,0,0,0,0,0
falcon-regression/merlin-core/src/main/java/org/apache/falcon/regression/core/util/InstanceUtil.java,610,0,0,0,0,0,0,0,0,0,0,0,0,0,0,0,0,0,0,0,0,0,0,0,0,0,0,0,0,0,0,0,0,0,0
falcon-regression/merlin-core/src/main/java/org/apache/falcon/regression/core/util/KerberosHelper.java,23,0,0,0,0,0,0,0,0,0,0,0,0,0,0,0,0,0,0,0,0,0,0,0,0,0,0,0,0,0,0,0,0,0,0
falcon-regression/merlin-core/src/main/java/org/apache/falcon/regression/core/util/LogUtil.java,268,0,0,0,0,0,0,0,0,0,0,0,0,0,0,0,0,0,0,0,0,0,0,0,0,0,0,0,0,0,0,0,0,0,0
falcon-regression/merlin-core/src/main/java/org/apache/falcon/regression/core/util/MatrixUtil.java,46,0,0,0,0,0,0,0,0,0,0,0,0,0,0,0,0,0,0,0,0,0,0,0,0,0,0,0,0,0,0,0,0,0,0
falcon-regression/merlin-core/src/main/java/org/apache/falcon/regression/core/util/NativeInstanceUtil.java,93,0,0,0,0,0,0,0,0,0,0,0,0,0,0,0,0,0,0,0,0,0,0,0,0,0,0,0,0,0,0,0,0,0,0
falcon-regression/merlin-core/src/main/java/org/apache/falcon/regression/core/util/OozieUtil.java,660,0,0,0,0,0,0,0,0,0,0,0,0,0,0,0,0,0,0,0,0,0,0,0,0,0,0,0,0,0,0,0,0,0,0
falcon-regression/merlin-core/src/main/java/org/apache/falcon/regression/core/util/OSUtil.java,27,0,0,0,0,0,0,0,0,0,0,0,0,0,0,0,0,0,0,0,0,0,0,0,0,0,0,0,0,0,0,0,0,0,0
falcon-regression/merlin-core/src/main/java/org/apache/falcon/regression/core/util/TimeUtil.java,217,0,0,0,0,0,0,0,0,0,0,0,0,0,0,0,0,0,0,0,0,0,0,0,0,0,0,0,0,0,0,0,0,0,0
falcon-regression/merlin-core/src/main/java/org/apache/falcon/regression/core/util/UIAssert.java,26,0,0,0,0,0,0,0,0,0,0,0,0,0,0,0,0,0,0,0,0,0,0,0,0,0,0,0,0,0,0,0,0,0,0
falcon-regression/merlin-core/src/main/java/org/apache/falcon/regression/core/util/UiUtil.java,67,0,0,0,0,0,0,0,0,0,0,0,0,0,0,0,0,0,0,0,0,0,0,0,0,0,0,0,0,0,0,0,0,0,0
falcon-regression/merlin-core/src/main/java/org/apache/falcon/regression/core/util/Util.java,396,0,0,0,0,0,0,0,0,0,0,0,0,0,0,0,0,0,0,0,0,0,0,0,0,0,0,0,0,0,0,0,0,0,0
falcon-regression/merlin-core/src/main/java/org/apache/falcon/regression/core/util/XmlUtil.java,20,0,0,0,0,0,0,0,0,0,0,0,0,0,0,0,0,0,0,0,0,0,0,0,0,0,0,0,0,0,0,0,0,0,0
falcon-regression/merlin-core/src/main/java/org/apache/falcon/regression/core/helpers/entity/AbstractEntityHelper.java,556,0,0,0,0,0,0,0,0,0,0,0,0,0,0,0,0,0,0,0,0,0,0,0,0,0,0,0,0,0,0,0,0,0,0
falcon-regression/merlin-core/src/main/java/org/apache/falcon/regression/core/helpers/entity/ClusterEntityHelper.java,77,0,0,0,0,0,0,0,0,0,0,0,0,0,0,0,0,0,0,0,0,0,0,0,0,0,0,0,0,0,0,0,0,0,0
falcon-regression/merlin-core/src/main/java/org/apache/falcon/regression/core/helpers/entity/EntityHelperFactory.java,18,0,0,0,0,0,0,0,0,0,0,0,0,0,0,0,0,0,0,0,0,0,0,0,0,0,0,0,0,0,0,0,0,0,0
falcon-regression/merlin-core/src/main/java/org/apache/falcon/regression/core/helpers/entity/FeedEntityHelper.java,18,0,0,0,0,0,0,0,0,0,0,0,0,0,0,0,0,0,0,0,0,0,0,0,0,0,0,0,0,0,0,0,0,0,0
falcon-regression/merlin-core/src/main/java/org/apache/falcon/regression/core/helpers/entity/ProcessEntityHelper.java,13,0,0,0,0,0,0,0,0,0,0,0,0,0,0,0,0,0,0,0,0,0,0,0,0,0,0,0,0,0,0,0,0,0,0
falcon-regression/merlin-core/src/main/java/org/apache/falcon/regression/core/response/lineage/Direction.java,22,0,0,0,0,0,0,0,0,0,0,0,0,0,0,0,0,0,0,0,0,0,0,0,0,0,0,0,0,0,0,0,0,0,0
falcon-regression/merlin-core/src/main/java/org/apache/falcon/regression/core/response/lineage/Edge.java,62,0,0,0,0,0,0,0,0,0,0,0,0,0,0,0,0,0,0,0,0,0,0,0,0,0,0,0,0,0,0,0,0,0,0
falcon-regression/merlin-core/src/main/java/org/apache/falcon/regression/core/response/lineage/EdgeResult.java,11,0,0,0,0,0,0,0,0,0,0,0,0,0,0,0,0,0,0,0,0,0,0,0,0,0,0,0,0,0,0,0,0,0,0
falcon-regression/merlin-core/src/main/java/org/apache/falcon/regression/core/response/lineage/EdgesResult.java,25,0,0,0,0,0,0,0,0,0,0,0,0,0,0,0,0,0,0,0,0,0,0,0,0,0,0,0,0,0,0,0,0,0,0
falcon-regression/merlin-core/src/main/java/org/apache/falcon/regression/core/response/lineage/GraphEntity.java,9,0,0,0,0,0,0,0,0,0,0,0,0,0,0,0,0,0,0,0,0,0,0,0,0,0,0,0,0,0,0,0,0,0,0
falcon-regression/merlin-core/src/main/java/org/apache/falcon/regression/core/response/lineage/GraphResult.java,9,0,0,0,0,0,0,0,0,0,0,0,0,0,0,0,0,0,0,0,0,0,0,0,0,0,0,0,0,0,0,0,0,0,0
falcon-regression/merlin-core/src/main/java/org/apache/falcon/regression/core/response/lineage/NODE_TYPE.java,6,0,0,0,0,0,0,0,0,0,0,0,0,0,0,0,0,0,0,0,0,0,0,0,0,0,0,0,0,0,0,0,0,0,0
falcon-regression/merlin-core/src/main/java/org/apache/falcon/regression/core/response/lineage/Vertex.java,127,0,0,0,0,0,0,0,0,0,0,0,0,0,0,0,0,0,0,0,0,0,0,0,0,0,0,0,0,0,0,0,0,0,0
falcon-regression/merlin-core/src/main/java/org/apache/falcon/regression/core/response/lineage/VertexIdsResult.java,12,0,0,0,0,0,0,0,0,0,0,0,0,0,0,0,0,0,0,0,0,0,0,0,0,0,0,0,0,0,0,0,0,0,0
falcon-regression/merlin-core/src/main/java/org/apache/falcon/regression/core/response/lineage/VertexResult.java,7,0,0,0,0,0,0,0,0,0,0,0,0,0,0,0,0,0,0,0,0,0,0,0,0,0,0,0,0,0,0,0,0,0,0
falcon-regression/merlin-core/src/main/java/org/apache/falcon/regression/core/response/lineage/VerticesResult.java,38,0,0,0,0,0,0,0,0,0,0,0,0,0,0,0,0,0,0,0,0,0,0,0,0,0,0,0,0,0,0,0,0,0,0
falcon-regression/merlin/src/main/java/org/apache/falcon/regression/testHelper/BaseTestClass.java,98,0,0,0,0,0,0,0,0,0,0,0,0,0,0,0,0,0,0,0,0,0,0,0,0,0,0,0,0,0,0,0,0,0,0
falcon-regression/merlin/src/main/java/org/apache/falcon/regression/testHelper/BaseUITestClass.java,36,0,0,0,0,0,0,0,0,0,0,0,0,0,0,0,0,0,0,0,0,0,0,0,0,0,0,0,0,0,0,0,0,0,0
falcon-regression/merlin/src/main/java/org/apache/falcon/regression/ui/pages/EntitiesPage.java,69,0,0,0,0,0,0,0,0,0,0,0,0,0,0,0,0,0,0,0,0,0,0,0,0,0,0,0,0,0,0,0,0,0,0
falcon-regression/merlin/src/main/java/org/apache/falcon/regression/ui/pages/EntityPage.java,34,0,0,0,0,0,0,0,0,0,0,0,0,0,0,0,0,0,0,0,0,0,0,0,0,0,0,0,0,0,0,0,0,0,0
falcon-regression/merlin/src/main/java/org/apache/falcon/regression/ui/pages/Page.java,89,0,0,0,0,0,0,0,0,0,0,0,0,0,0,0,0,0,0,0,0,0,0,0,0,0,0,0,0,0,0,0,0,0,0
falcon-regression/merlin/src/main/java/org/apache/falcon/regression/ui/pages/ProcessPage.java,243,0,0,0,0,0,0,0,0,0,0,0,0,0,0,0,0,0,0,0,0,0,0,0,0,0,0,0,0,0,0,0,0,0,0
falcon-regression/merlin/src/main/java/org/apache/falcon/regression/ui/search/AbstractSearchPage.java,196,0,0,0,0,0,0,0,0,0,0,0,0,0,0,0,0,0,0,0,0,0,0,0,0,0,0,0,0,0,0,0,0,0,0
falcon-regression/merlin/src/main/java/org/apache/falcon/regression/ui/search/ClusterWizardPage.java,404,0,0,0,0,0,0,0,0,0,0,0,0,0,0,0,0,0,0,0,0,0,0,0,0,0,0,0,0,0,0,0,0,0,0
falcon-regression/merlin/src/main/java/org/apache/falcon/regression/ui/search/EntityPage.java,562,0,0,0,0,0,0,0,0,0,0,0,0,0,0,0,0,0,0,0,0,0,0,0,0,0,0,0,0,0,0,0,0,0,0
falcon-regression/merlin/src/main/java/org/apache/falcon/regression/ui/search/EntityWizardPage.java,47,0,0,0,0,0,0,0,0,0,0,0,0,0,0,0,0,0,0,0,0,0,0,0,0,0,0,0,0,0,0,0,0,0,0
falcon-regression/merlin/src/main/java/org/apache/falcon/regression/ui/search/FeedWizardPage.java,537,0,0,0,0,0,0,0,0,0,0,0,0,0,0,0,0,0,0,0,0,0,0,0,0,0,0,0,0,0,0,0,0,0,0
falcon-regression/merlin/src/main/java/org/apache/falcon/regression/ui/search/InstancePage.java,71,0,0,0,0,0,0,0,0,0,0,0,0,0,0,0,0,0,0,0,0,0,0,0,0,0,0,0,0,0,0,0,0,0,0
falcon-regression/merlin/src/main/java/org/apache/falcon/regression/ui/search/LoginPage.java,70,0,0,0,0,0,0,0,0,0,0,0,0,0,0,0,0,0,0,0,0,0,0,0,0,0,0,0,0,0,0,0,0,0,0
falcon-regression/merlin/src/main/java/org/apache/falcon/regression/ui/search/PageHeader.java,216,0,0,0,0,0,0,0,0,0,0,0,0,0,0,0,0,0,0,0,0,0,0,0,0,0,0,0,0,0,0,0,0,0,0
falcon-regression/merlin/src/main/java/org/apache/falcon/regression/ui/search/ProcessWizardPage.java,747,0,0,0,0,0,0,0,0,0,0,0,0,0,0,0,0,0,0,0,0,0,0,0,0,0,0,0,0,0,0,0,0,0,0
falcon-regression/merlin/src/main/java/org/apache/falcon/regression/ui/search/SearchPage.java,352,0,0,0,0,0,0,0,0,0,0,0,0,0,0,0,0,0,0,0,0,0,0,0,0,0,0,0,0,0,0,0,0,0,0
oozie/src/main/java/org/apache/falcon/service/FalconPathFilter.java,6,0,0,0,0,0,0,0,0,0,0,0,0,0,0,0,0,0,0,0,0,0,0,0,0,0,0,0,0,0,0,0,0,0,0
oozie/src/main/java/org/apache/falcon/service/LogMoverService.java,81,0,0,0,0,0,0,0,0,0,0,0,0,0,0,0,0,0,0,0,0,0,0,0,0,0,0,0,0,0,0,0,0,0,0
oozie/src/main/java/org/apache/falcon/service/SharedLibraryHostingService.java,234,0,0,0,0,0,0,0,0,0,0,0,1,0,0,0,0,0,0,0,0,0,0,0,0,0,0,0,0,0,0,0,0,0,0
oozie/src/main/java/org/apache/falcon/util/OozieUtils.java,122,0,0,0,0,0,0,0,0,0,0,0,0,0,0,0,0,0,0,0,0,0,0,0,0,0,0,0,0,0,0,0,0,0,0
oozie/src/main/java/org/apache/falcon/workflow/FalconPostProcessing.java,42,0,0,0,0,0,0,0,0,0,0,0,0,0,0,0,0,0,0,0,0,0,0,0,0,0,0,0,0,0,0,0,0,0,0
oozie/src/main/java/org/apache/falcon/workflow/LateDataHandler.java,187,0,0,0,0,0,0,0,0,0,0,0,0,0,0,0,0,0,0,0,0,0,0,0,0,0,0,0,0,0,0,0,0,0,0
oozie/src/main/java/org/apache/falcon/logging/DefaultTaskLogRetriever.java,38,0,0,0,0,0,0,0,0,0,0,0,0,0,0,0,0,0,0,0,0,0,0,0,0,0,0,0,0,0,0,0,0,0,0
oozie/src/main/java/org/apache/falcon/logging/JobLogMover.java,180,0,0,0,0,0,0,0,0,0,0,0,0,0,0,0,0,0,0,0,0,0,0,0,0,0,0,0,0,0,0,0,0,0,0
oozie/src/main/java/org/apache/falcon/logging/LogProvider.java,130,0,0,0,0,0,0,0,0,0,0,0,0,0,0,0,0,0,0,0,0,0,0,0,0,0,0,0,0,0,0,0,0,0,0
oozie/src/main/java/org/apache/falcon/logging/TaskLogRetrieverYarn.java,59,0,0,0,0,0,0,0,0,0,0,0,0,0,0,0,0,0,0,0,0,0,0,0,0,0,0,0,0,0,0,0,0,0,0
oozie/src/main/java/org/apache/falcon/logging/TaskLogURLRetriever.java,7,0,0,0,0,0,0,0,0,0,0,0,0,0,0,0,0,0,0,0,0,0,0,0,0,0,0,0,0,0,0,0,0,0,0
oozie/src/main/java/org/apache/falcon/oozie/DatabaseExportWorkflowBuilder.java,158,0,0,0,0,0,0,0,0,0,0,0,0,0,0,0,0,0,0,0,0,0,0,0,0,0,0,0,0,0,0,0,0,0,0
oozie/src/main/java/org/apache/falcon/oozie/DatabaseImportWorkflowBuilder.java,143,0,0,0,0,0,0,0,0,0,0,0,0,0,0,0,0,0,0,0,0,0,0,0,0,0,0,0,0,0,0,0,0,0,0
oozie/src/main/java/org/apache/falcon/oozie/ExportWorkflowBuilder.java,54,0,0,0,0,0,0,0,0,0,0,0,0,0,0,0,0,0,0,0,0,0,0,0,0,0,0,0,0,0,0,0,0,0,0
oozie/src/main/java/org/apache/falcon/oozie/FeedExportCoordinatorBuilder.java,121,0,0,0,0,0,0,0,0,0,0,0,0,0,0,0,0,0,0,0,0,0,0,0,0,0,0,0,0,0,0,0,0,0,0
oozie/src/main/java/org/apache/falcon/oozie/FeedImportCoordinatorBuilder.java,120,0,0,0,0,0,0,0,0,0,0,0,0,0,0,0,0,0,0,0,0,0,0,0,0,0,0,0,0,0,0,0,0,0,0
oozie/src/main/java/org/apache/falcon/oozie/ImportExportCommon.java,103,0,0,0,0,0,0,0,0,0,0,0,0,0,0,0,0,0,0,0,0,0,0,0,0,0,0,0,0,0,0,0,0,0,0
oozie/src/main/java/org/apache/falcon/oozie/ImportWorkflowBuilder.java,54,0,0,0,0,0,0,0,0,0,0,0,0,0,0,0,0,0,0,0,0,0,0,0,0,0,0,0,0,0,0,0,0,0,0
oozie/src/main/java/org/apache/falcon/oozie/OozieBundleBuilder.java,127,0,0,0,0,0,0,0,0,0,0,0,0,0,0,0,0,0,0,0,0,0,0,0,0,0,0,0,0,0,0,0,0,0,0
oozie/src/main/java/org/apache/falcon/oozie/OozieCoordinatorBuilder.java,100,0,0,0,0,0,0,0,0,0,0,0,0,0,0,0,0,0,0,0,0,0,0,0,0,0,0,0,0,0,0,0,0,0,0
oozie/src/main/java/org/apache/falcon/oozie/OozieEntityBuilder.java,226,0,0,0,0,0,0,0,0,0,0,0,0,0,0,0,0,0,0,0,0,0,0,0,0,0,0,0,0,0,0,0,0,0,0
oozie/src/main/java/org/apache/falcon/oozie/OozieOrchestrationWorkflowBuilder.java,414,0,0,0,0,0,0,0,0,0,0,0,0,0,0,0,0,0,0,0,0,0,0,0,0,0,0,0,0,0,0,0,0,0,0
oozie/src/main/java/org/apache/oozie/client/LocalOozieClientBundle.java,160,0,0,0,0,0,0,0,0,0,0,0,0,0,0,0,0,0,0,0,0,0,0,0,0,0,0,0,0,0,0,0,0,0,0
oozie/src/main/java/org/apache/oozie/client/LocalOozieClientCoordProxy.java,37,0,0,0,0,0,0,0,0,0,0,0,0,0,0,0,0,0,0,0,0,0,0,0,0,0,0,0,0,0,0,0,0,0,0
oozie/src/main/java/org/apache/oozie/client/LocalProxyOozieClient.java,170,0,0,0,0,0,0,0,0,0,0,0,0,0,0,0,0,0,0,0,0,0,0,0,0,0,0,0,0,0,0,0,0,0,0
oozie/src/main/java/org/apache/oozie/client/ProxyOozieClient.java,507,0,0,0,0,0,0,0,0,0,0,0,0,0,0,0,0,0,0,0,0,0,0,0,0,0,0,0,0,0,0,0,0,0,0
oozie/src/main/java/org/apache/falcon/workflow/engine/NullBundleJob.java,87,0,0,0,0,0,0,0,0,0,0,0,0,0,0,0,0,0,0,0,0,0,0,0,0,0,0,0,0,0,0,0,0,0,0
oozie/src/main/java/org/apache/falcon/workflow/engine/OozieClientFactory.java,47,0,0,0,0,0,0,0,0,0,0,0,0,0,0,0,0,0,0,0,0,0,0,0,0,0,0,0,0,0,0,0,0,0,0
oozie/src/main/java/org/apache/falcon/workflow/engine/OozieHouseKeepingService.java,53,0,0,0,0,0,0,0,0,0,0,0,0,0,0,0,0,0,0,0,0,0,0,0,0,0,0,0,0,0,0,0,0,0,0
oozie/src/main/java/org/apache/falcon/workflow/engine/OozieWorkflowEngine.java,1566,0,0,0,0,1,0,0,0,0,0,0,0,1,0,0,0,0,0,0,0,0,0,0,0,0,0,0,0,0,0,0,0,0,0
oozie/src/main/java/org/apache/falcon/oozie/feed/FeedBundleBuilder.java,64,0,0,0,0,0,0,0,0,0,0,0,0,0,0,0,0,0,0,0,0,0,0,0,0,0,0,0,0,0,0,0,0,0,0
oozie/src/main/java/org/apache/falcon/oozie/feed/FeedReplicationCoordinatorBuilder.java,330,0,0,0,0,0,0,0,0,0,0,0,0,0,0,0,0,0,0,0,0,0,0,0,0,0,0,0,0,0,0,0,0,0,0
oozie/src/main/java/org/apache/falcon/oozie/feed/FeedReplicationWorkflowBuilder.java,109,0,0,0,0,0,0,0,0,0,0,0,0,0,0,0,0,0,0,0,0,0,0,0,0,0,0,0,0,0,0,0,0,0,0
oozie/src/main/java/org/apache/falcon/oozie/feed/FeedRetentionCoordinatorBuilder.java,73,0,0,0,0,0,0,0,0,0,0,0,0,0,0,0,0,0,0,0,0,0,0,0,0,0,0,0,0,0,0,0,0,0,0
oozie/src/main/java/org/apache/falcon/oozie/feed/FeedRetentionWorkflowBuilder.java,89,0,0,0,0,0,0,0,0,0,0,0,0,0,0,0,0,0,0,0,0,0,0,0,0,0,0,0,0,0,0,0,0,0,0
oozie/src/main/java/org/apache/falcon/oozie/feed/FSReplicationWorkflowBuilder.java,46,0,0,0,0,0,0,0,0,0,0,0,0,0,0,0,0,0,0,0,0,0,0,0,0,0,0,0,0,0,0,0,0,0,0
oozie/src/main/java/org/apache/falcon/oozie/feed/HCatReplicationWorkflowBuilder.java,142,0,0,0,0,0,0,0,0,0,0,0,0,0,0,0,0,0,0,0,0,0,0,0,0,0,0,0,0,0,0,0,0,0,0
oozie/src/main/java/org/apache/falcon/oozie/process/HiveProcessWorkflowBuilder.java,60,0,0,0,0,0,0,0,0,0,0,0,0,0,0,0,0,0,0,0,0,0,0,0,0,0,0,0,0,0,0,0,0,0,0
oozie/src/main/java/org/apache/falcon/oozie/process/NativeOozieProcessWorkflowBuilder.java,188,0,0,0,0,0,0,0,0,0,0,0,0,0,0,0,0,0,0,0,0,0,0,0,0,0,0,0,0,0,0,0,0,0,0
oozie/src/main/java/org/apache/falcon/oozie/process/OozieProcessWorkflowBuilder.java,17,0,0,0,0,0,0,0,0,0,0,0,0,0,0,0,0,0,0,0,0,0,0,0,0,0,0,0,0,0,0,0,0,0,0
oozie/src/main/java/org/apache/falcon/oozie/process/PigProcessWorkflowBuilder.java,49,0,0,0,0,0,0,0,0,0,0,0,0,0,0,0,0,0,0,0,0,0,0,0,0,0,0,0,0,0,0,0,0,0,0
oozie/src/main/java/org/apache/falcon/oozie/process/ProcessBundleBuilder.java,80,0,0,0,0,0,0,0,0,0,0,0,0,0,0,0,0,0,0,0,0,0,0,0,0,0,0,0,0,0,0,0,0,0,0
oozie/src/main/java/org/apache/falcon/oozie/process/ProcessExecutionCoordinatorBuilder.java,273,0,0,0,0,0,0,0,0,0,0,0,0,0,0,0,0,0,0,0,0,0,0,0,0,0,0,0,0,0,0,0,0,0,0
oozie/src/main/java/org/apache/falcon/oozie/process/ProcessExecutionWorkflowBuilder.java,205,0,0,0,0,0,0,0,0,0,0,0,0,0,0,0,0,0,0,0,0,0,0,0,0,0,0,0,0,0,0,0,0,0,0
oozie/src/main/java/org/apache/falcon/oozie/process/SparkProcessWorkflowBuilder.java,148,0,0,0,0,0,0,0,0,0,0,0,0,0,0,0,0,0,0,0,0,0,0,0,0,0,0,0,0,0,0,0,0,0,0
scheduler/src/main/java/org/apache/falcon/exception/DAGEngineException.java,13,0,0,0,0,0,0,0,0,0,0,0,0,0,0,0,0,0,0,0,0,0,0,0,0,0,0,0,0,0,0,0,0,0,0
scheduler/src/main/java/org/apache/falcon/exception/InvalidStateTransitionException.java,13,0,0,0,0,0,0,0,0,0,0,0,0,0,0,0,0,0,0,0,0,0,0,0,0,0,0,0,0,0,0,0,0,0,0
scheduler/src/main/java/org/apache/falcon/exception/NotificationServiceException.java,13,0,0,0,0,0,0,0,0,0,0,0,0,0,0,0,0,0,0,0,0,0,0,0,0,0,0,0,0,0,0,0,0,0,0
scheduler/src/main/java/org/apache/falcon/exception/StateStoreException.java,13,0,0,0,0,0,0,0,0,0,0,0,0,0,0,0,0,0,0,0,0,0,0,0,0,0,0,0,0,0,0,0,0,0,0
scheduler/src/main/java/org/apache/falcon/execution/EntityExecutor.java,33,0,0,0,0,0,0,0,0,0,0,0,0,0,0,0,0,0,0,0,0,0,0,0,0,0,0,0,0,0,0,0,0,0,0
scheduler/src/main/java/org/apache/falcon/execution/ExecutionInstance.java,79,0,0,0,0,0,0,0,0,0,0,0,0,0,0,0,0,0,0,0,0,0,0,0,0,0,0,0,0,0,0,0,0,0,0
scheduler/src/main/java/org/apache/falcon/execution/FalconExecutionService.java,162,0,0,0,0,0,0,0,0,0,0,0,0,0,0,0,0,0,0,0,0,0,0,0,0,0,0,0,0,0,0,0,0,0,0
scheduler/src/main/java/org/apache/falcon/execution/NotificationHandler.java,16,0,0,0,0,0,0,0,0,0,0,0,0,0,0,0,0,0,0,0,0,0,0,0,0,0,0,0,0,0,0,0,0,0,0
scheduler/src/main/java/org/apache/falcon/execution/ProcessExecutionInstance.java,287,0,0,0,0,0,0,0,0,0,0,0,0,0,0,0,0,0,0,0,0,0,0,0,0,0,0,0,0,0,0,0,0,0,0
scheduler/src/main/java/org/apache/falcon/execution/ProcessExecutor.java,470,0,0,0,0,0,0,0,0,0,0,0,0,0,0,0,0,0,0,0,0,0,0,0,0,0,0,0,0,0,0,0,0,0,0
scheduler/src/main/java/org/apache/falcon/execution/SchedulerUtil.java,49,0,0,0,0,0,0,0,0,0,0,0,0,0,0,0,0,0,0,0,0,0,0,0,0,0,0,0,0,0,0,0,0,0,0
scheduler/src/main/java/org/apache/falcon/predicate/Predicate.java,164,0,0,0,0,0,0,0,0,0,0,0,0,0,0,0,0,0,0,0,0,0,0,0,0,0,0,0,0,0,0,0,0,0,0
scheduler/src/main/java/org/apache/falcon/state/EntityClusterID.java,22,0,0,0,0,0,0,0,0,0,0,0,0,0,0,0,0,0,0,0,0,0,0,0,0,0,0,0,0,0,0,0,0,0,0
scheduler/src/main/java/org/apache/falcon/state/EntityID.java,24,0,0,0,0,0,0,0,0,0,0,0,0,0,0,0,0,0,0,0,0,0,0,0,0,0,0,0,0,0,0,0,0,0,0
scheduler/src/main/java/org/apache/falcon/state/EntityState.java,128,0,0,0,0,0,0,0,0,0,0,0,0,0,0,0,0,0,0,0,0,0,0,0,0,0,0,0,0,0,0,0,0,0,0
scheduler/src/main/java/org/apache/falcon/state/EntityStateChangeHandler.java,10,0,0,0,0,0,0,0,0,0,0,0,0,0,0,0,0,0,0,0,0,0,0,0,0,0,0,0,0,0,0,0,0,0,0
scheduler/src/main/java/org/apache/falcon/state/ID.java,41,0,0,0,0,0,0,0,0,0,0,0,0,0,0,0,0,0,0,0,0,0,0,0,0,0,0,0,0,0,0,0,0,0,0
scheduler/src/main/java/org/apache/falcon/state/InstanceID.java,57,0,0,0,0,0,0,0,0,0,0,0,0,0,0,0,0,0,0,0,0,0,0,0,0,0,0,0,0,0,0,0,0,0,0
scheduler/src/main/java/org/apache/falcon/state/InstanceState.java,236,0,0,0,0,0,0,0,0,0,0,0,0,0,0,0,0,0,0,0,0,0,0,0,0,0,0,0,0,0,0,0,0,0,0
scheduler/src/main/java/org/apache/falcon/state/InstanceStateChangeHandler.java,15,0,0,0,0,0,0,0,0,0,0,0,0,0,0,0,0,0,0,0,0,0,0,0,0,0,0,0,0,0,0,0,0,0,0
scheduler/src/main/java/org/apache/falcon/state/StateMachine.java,5,0,0,0,0,0,0,0,0,0,0,0,0,0,0,0,0,0,0,0,0,0,0,0,0,0,0,0,0,0,0,0,0,0,0
scheduler/src/main/java/org/apache/falcon/state/StateService.java,151,0,0,0,0,0,0,0,0,0,0,0,0,0,0,0,0,0,0,0,0,0,0,0,0,0,0,0,0,0,0,0,0,0,0
scheduler/src/main/java/org/apache/falcon/workflow/engine/DAGEngine.java,21,0,0,0,0,0,0,0,0,0,0,0,0,0,0,0,0,0,0,0,0,0,0,0,0,0,0,0,0,0,0,0,0,0,0
scheduler/src/main/java/org/apache/falcon/workflow/engine/DAGEngineFactory.java,27,0,0,0,0,0,0,0,0,0,0,0,0,0,0,0,0,0,0,0,0,0,0,0,0,0,0,0,0,0,0,0,0,0,0
scheduler/src/main/java/org/apache/falcon/workflow/engine/FalconWorkflowEngine.java,486,0,0,0,0,0,0,0,0,0,0,0,0,0,0,0,0,0,0,0,0,0,0,0,0,0,0,0,0,0,0,0,0,0,0
scheduler/src/main/java/org/apache/falcon/workflow/engine/OozieDAGEngine.java,383,0,0,0,0,0,0,0,0,0,0,0,0,0,0,0,0,0,0,0,0,0,0,0,0,0,0,0,0,0,0,0,0,0,0
scheduler/src/main/java/org/apache/falcon/notification/service/FalconNotificationService.java,23,0,0,0,0,0,0,0,0,0,0,0,0,0,0,0,0,0,0,0,0,0,0,0,0,0,0,0,0,0,0,0,0,0,0
scheduler/src/main/java/org/apache/falcon/notification/service/NotificationServicesRegistry.java,64,0,0,0,0,0,0,0,0,0,0,0,0,0,0,0,0,0,0,0,0,0,0,0,0,0,0,0,0,0,0,0,0,0,0
scheduler/src/main/java/org/apache/falcon/state/store/AbstractStateStore.java,64,0,0,0,0,0,0,0,0,0,0,0,0,0,0,0,0,0,0,0,0,0,0,0,0,0,0,0,0,0,0,0,0,0,0
scheduler/src/main/java/org/apache/falcon/state/store/EntityStateStore.java,17,0,0,0,0,0,0,0,0,0,0,0,0,0,0,0,0,0,0,0,0,0,0,0,0,0,0,0,0,0,0,0,0,0,0
scheduler/src/main/java/org/apache/falcon/state/store/InMemoryStateStore.java,230,0,0,0,0,0,0,0,0,0,0,0,0,0,0,0,0,0,0,0,0,0,0,0,0,0,0,0,0,0,0,0,0,0,0
scheduler/src/main/java/org/apache/falcon/state/store/InstanceStateStore.java,31,0,0,0,0,0,0,0,0,0,0,0,0,0,0,0,0,0,0,0,0,0,0,0,0,0,0,0,0,0,0,0,0,0,0
scheduler/src/main/java/org/apache/falcon/state/store/StateStore.java,6,0,0,0,0,0,0,0,0,0,0,0,0,0,0,0,0,0,0,0,0,0,0,0,0,0,0,0,0,0,0,0,0,0,0
scheduler/src/main/java/org/apache/falcon/notification/service/event/DataEvent.java,35,0,0,0,0,0,0,0,0,0,0,0,0,0,0,0,0,0,0,0,0,0,0,0,0,0,0,0,0,0,0,0,0,0,0
scheduler/src/main/java/org/apache/falcon/notification/service/event/Event.java,9,0,0,0,0,0,0,0,0,0,0,0,0,0,0,0,0,0,0,0,0,0,0,0,0,0,0,0,0,0,0,0,0,0,0
scheduler/src/main/java/org/apache/falcon/notification/service/event/EventType.java,8,0,0,0,0,0,0,0,0,0,0,0,0,0,0,0,0,0,0,0,0,0,0,0,0,0,0,0,0,0,0,0,0,0,0
scheduler/src/main/java/org/apache/falcon/notification/service/event/JobCompletedEvent.java,25,0,0,0,0,0,0,0,0,0,0,0,0,0,0,0,0,0,0,0,0,0,0,0,0,0,0,0,0,0,0,0,0,0,0
scheduler/src/main/java/org/apache/falcon/notification/service/event/JobScheduledEvent.java,37,0,0,0,0,0,0,0,0,0,0,0,0,0,0,0,0,0,0,0,0,0,0,0,0,0,0,0,0,0,0,0,0,0,0
scheduler/src/main/java/org/apache/falcon/notification/service/event/RerunEvent.java,20,0,0,0,0,0,0,0,0,0,0,0,0,0,0,0,0,0,0,0,0,0,0,0,0,0,0,0,0,0,0,0,0,0,0
scheduler/src/main/java/org/apache/falcon/notification/service/event/TimeElapsedEvent.java,29,0,0,0,0,0,0,0,0,0,0,0,0,0,0,0,0,0,0,0,0,0,0,0,0,0,0,0,0,0,0,0,0,0,0
scheduler/src/main/java/org/apache/falcon/notification/service/impl/AlarmService.java,236,0,0,0,0,0,0,0,0,0,0,0,0,0,0,0,0,0,0,0,0,0,0,0,0,0,0,0,0,0,0,0,0,0,0
scheduler/src/main/java/org/apache/falcon/notification/service/impl/DataAvailabilityService.java,224,0,0,0,0,0,0,0,0,0,0,0,0,0,0,0,0,0,0,0,0,0,0,0,0,0,0,0,0,0,0,0,0,0,0
scheduler/src/main/java/org/apache/falcon/notification/service/impl/JobCompletionService.java,161,0,0,0,0,0,0,0,0,0,0,0,0,0,0,0,0,0,0,0,0,0,0,0,0,0,0,0,0,0,0,0,0,0,0
scheduler/src/main/java/org/apache/falcon/notification/service/impl/SchedulerService.java,341,0,0,0,0,0,0,0,0,0,0,0,0,0,0,0,0,0,0,0,0,0,0,0,0,0,0,0,0,0,0,0,0,0,0
scheduler/src/main/java/org/apache/falcon/notification/service/request/AlarmRequest.java,35,0,0,0,0,0,0,0,0,0,0,0,0,0,0,0,0,0,0,0,0,0,0,0,0,0,0,0,0,0,0,0,0,0,0
scheduler/src/main/java/org/apache/falcon/notification/service/request/DataNotificationRequest.java,118,0,0,0,0,0,0,0,0,0,0,0,0,0,0,0,0,0,0,0,0,0,0,0,0,0,0,0,0,0,0,0,0,0,0
scheduler/src/main/java/org/apache/falcon/notification/service/request/JobCompletionNotificationRequest.java,22,0,0,0,0,0,0,0,0,0,0,0,0,0,0,0,0,0,0,0,0,0,0,0,0,0,0,0,0,0,0,0,0,0,0
scheduler/src/main/java/org/apache/falcon/notification/service/request/JobScheduleNotificationRequest.java,24,0,0,0,0,0,0,0,0,0,0,0,0,0,0,0,0,0,0,0,0,0,0,0,0,0,0,0,0,0,0,0,0,0,0
scheduler/src/main/java/org/apache/falcon/notification/service/request/NotificationRequest.java,18,0,0,0,0,0,0,0,0,0,0,0,0,0,0,0,0,0,0,0,0,0,0,0,0,0,0,0,0,0,0,0,0,0,0
scheduler/src/main/java/org/apache/falcon/state/store/jdbc/BeanMapperUtil.java,267,0,0,0,0,0,0,0,0,0,0,0,0,0,0,0,0,0,0,0,0,0,0,0,0,0,0,0,0,0,0,0,0,0,0
scheduler/src/main/java/org/apache/falcon/state/store/jdbc/JDBCStateStore.java,434,0,0,0,0,0,0,0,0,0,0,0,0,0,0,0,0,0,0,0,0,0,0,0,0,0,0,0,0,0,0,0,0,0,0
metrics/src/main/java/org/apache/falcon/util/EmailNotificationProps.java,29,0,0,0,0,0,0,0,0,0,0,0,0,0,0,0,0,0,0,0,0,0,0,0,0,0,0,0,0,0,0,0,0,0,0
metrics/src/main/java/org/apache/falcon/util/NotificationType.java,19,0,0,0,0,0,0,0,0,0,0,0,0,0,0,0,0,0,0,0,0,0,0,0,0,0,0,0,0,0,0,0,0,0,0
metrics/src/main/java/org/apache/falcon/util/ResourcesReflectionUtil.java,93,0,0,0,0,0,0,0,0,0,0,0,0,0,0,0,0,0,0,0,0,0,0,0,0,0,0,0,0,0,0,0,0,0,0
metrics/src/main/java/org/apache/falcon/aspect/AbstractFalconAspect.java,96,0,0,0,0,0,0,0,0,0,0,0,0,0,0,0,0,0,0,0,0,0,0,0,0,0,0,0,0,0,0,0,0,0,0
metrics/src/main/java/org/apache/falcon/aspect/AlertMessage.java,28,0,0,0,0,0,0,0,0,0,0,0,0,0,0,0,0,0,0,0,0,0,0,0,0,0,0,0,0,0,0,0,0,0,0
metrics/src/main/java/org/apache/falcon/aspect/AuditMessage.java,43,0,0,0,0,0,0,0,0,0,0,0,0,0,0,0,0,0,0,0,0,0,0,0,0,0,0,0,0,0,0,0,0,0,0
metrics/src/main/java/org/apache/falcon/aspect/GenericAlert.java,96,0,0,0,0,0,0,0,0,0,0,0,0,0,0,0,0,0,0,0,0,0,0,0,0,0,0,0,0,0,0,0,0,0,0
metrics/src/main/java/org/apache/falcon/aspect/ResourceMessage.java,35,0,0,0,0,0,0,0,0,0,0,0,0,0,0,0,0,0,0,0,0,0,0,0,0,0,0,0,0,0,0,0,0,0,0
metrics/src/main/java/org/apache/falcon/job/FSReplicationCounters.java,17,0,0,0,0,0,0,0,0,0,0,0,0,0,0,0,0,0,0,0,0,0,0,0,0,0,0,0,0,0,0,0,0,0,0
metrics/src/main/java/org/apache/falcon/job/HiveReplicationCounters.java,33,0,0,0,0,0,0,0,0,0,0,0,0,0,0,0,0,0,0,0,0,0,0,0,0,0,0,0,0,0,0,0,0,0,0
metrics/src/main/java/org/apache/falcon/job/JobCounters.java,62,0,0,0,0,0,0,0,0,0,0,0,0,0,0,0,0,0,0,0,0,0,0,0,0,0,0,0,0,0,0,0,0,0,0
metrics/src/main/java/org/apache/falcon/job/JobCountersHandler.java,17,0,0,0,0,0,0,0,0,0,0,0,0,0,0,0,0,0,0,0,0,0,0,0,0,0,0,0,0,0,0,0,0,0,0
metrics/src/main/java/org/apache/falcon/job/JobType.java,5,0,0,0,0,0,0,0,0,0,0,0,0,0,0,0,0,0,0,0,0,0,0,0,0,0,0,0,0,0,0,0,0,0,0
metrics/src/main/java/org/apache/falcon/job/ReplicationJobCountersList.java,32,0,0,0,0,0,0,0,0,0,0,0,0,0,0,0,0,0,0,0,0,0,0,0,0,0,0,0,0,0,0,0,0,0,0
metrics/src/main/java/org/apache/falcon/monitors/Alert.java,10,0,0,0,0,0,0,0,0,0,0,0,0,0,0,0,0,0,0,0,0,0,0,0,0,0,0,0,0,0,0,0,0,0,0
metrics/src/main/java/org/apache/falcon/monitors/Auditable.java,10,0,0,0,0,0,0,0,0,0,0,0,0,0,0,0,0,0,0,0,0,0,0,0,0,0,0,0,0,0,0,0,0,0,0
metrics/src/main/java/org/apache/falcon/monitors/Dimension.java,10,0,0,0,0,0,0,0,0,0,0,0,0,0,0,0,0,0,0,0,0,0,0,0,0,0,0,0,0,0,0,0,0,0,0
metrics/src/main/java/org/apache/falcon/monitors/Monitored.java,10,0,0,0,0,0,0,0,0,0,0,0,0,0,0,0,0,0,0,0,0,0,0,0,0,0,0,0,0,0,0,0,0,0,0
metrics/src/main/java/org/apache/falcon/monitors/TimeTaken.java,9,0,0,0,0,0,0,0,0,0,0,0,0,0,0,0,0,0,0,0,0,0,0,0,0,0,0,0,0,0,0,0,0,0,0
metrics/src/main/java/org/apache/falcon/plugin/AlertingPlugin.java,5,0,0,0,0,0,0,0,0,0,0,0,0,0,0,0,0,0,0,0,0,0,0,0,0,0,0,0,0,0,0,0,0,0,0
metrics/src/main/java/org/apache/falcon/plugin/AuditingPlugin.java,5,0,0,0,0,0,0,0,0,0,0,0,0,0,0,0,0,0,0,0,0,0,0,0,0,0,0,0,0,0,0,0,0,0,0
metrics/src/main/java/org/apache/falcon/plugin/DefaultMonitoringPlugin.java,23,0,0,0,0,0,0,0,0,0,0,0,0,0,0,0,0,0,0,0,0,0,0,0,0,0,0,0,0,0,0,0,0,0,0
metrics/src/main/java/org/apache/falcon/plugin/MonitoringPlugin.java,5,0,0,0,0,0,0,0,0,0,0,0,0,0,0,0,0,0,0,0,0,0,0,0,0,0,0,0,0,0,0,0,0,0,0
metrics/src/main/java/org/apache/falcon/plugin/NotificationPlugin.java,6,0,0,0,0,0,0,0,0,0,0,0,0,0,0,0,0,0,0,0,0,0,0,0,0,0,0,0,0,0,0,0,0,0,0
examples/src/main/java/org/apache/falcon/example/spark/SparkPI.java,39,0,0,0,0,0,0,0,0,0,0,0,0,0,0,0,0,0,0,0,0,0,0,0,0,0,0,0,0,0,0,0,0,0,0
examples/src/main/java/org/apache/falcon/example/spark/SparkSQLProcessTable.java,22,0,0,0,0,0,0,0,0,0,0,0,0,0,0,0,0,0,0,0,0,0,0,0,0,0,0,0,0,0,0,0,0,0,0
examples/src/main/java/org/apache/falcon/example/spark/SparkWordCount.java,45,0,0,0,0,0,0,0,0,0,0,0,0,0,0,0,0,0,0,0,0,0,0,0,0,0,0,0,0,0,0,0,0,0,0
messaging/src/main/java/org/apache/falcon/messaging/JMSMessageConsumer.java,253,0,0,0,0,0,0,0,0,0,0,0,0,0,0,0,0,0,0,0,0,0,0,0,0,0,0,0,0,0,0,0,0,0,0
messaging/src/main/java/org/apache/falcon/messaging/JMSMessageProducer.java,200,0,0,0,0,0,0,0,0,0,0,0,0,0,0,0,0,0,0,0,0,0,0,0,0,0,0,0,0,0,0,0,0,0,0
messaging/src/main/java/org/apache/falcon/messaging/util/MessagingUtil.java,63,0,0,0,0,0,0,0,0,0,0,0,0,0,0,0,0,0,0,0,0,0,0,0,0,0,0,0,0,0,0,0,0,0,0
replication/src/main/java/org/apache/falcon/replication/CustomReplicator.java,28,0,0,0,0,0,0,0,0,0,0,0,0,0,0,0,0,0,0,0,0,0,0,0,0,0,0,0,0,0,0,0,0,0,0
replication/src/main/java/org/apache/falcon/replication/FeedReplicator.java,235,0,0,0,0,0,0,0,0,0,0,0,0,0,0,0,0,0,0,0,0,0,0,0,0,0,0,0,0,0,0,0,0,0,0
replication/src/main/java/org/apache/falcon/replication/FilteredCopyListing.java,116,0,0,0,0,0,0,0,0,0,0,0,0,0,0,0,0,0,0,0,0,0,0,0,0,0,0,0,0,0,0,0,0,0,0
rerun/src/main/java/org/apache/falcon/rerun/event/LaterunEvent.java,17,0,0,0,0,0,0,0,0,0,0,0,0,0,0,0,0,0,0,0,0,0,0,0,0,0,0,0,0,0,0,0,0,0,0
rerun/src/main/java/org/apache/falcon/rerun/event/RerunEvent.java,87,0,0,0,0,0,0,0,0,0,0,0,0,0,0,0,0,0,0,0,0,0,0,0,0,0,0,0,0,0,0,0,0,0,0
rerun/src/main/java/org/apache/falcon/rerun/event/RerunEventFactory.java,41,0,0,0,0,0,0,0,0,0,0,0,0,0,0,0,0,0,0,0,0,0,0,0,0,0,0,0,0,0,0,0,0,0,0
rerun/src/main/java/org/apache/falcon/rerun/event/RetryEvent.java,31,0,0,0,0,0,0,0,0,0,0,0,0,0,0,0,0,0,0,0,0,0,0,0,0,0,0,0,0,0,0,0,0,0,0
rerun/src/main/java/org/apache/falcon/rerun/handler/AbstractRerunConsumer.java,67,0,0,0,0,0,0,0,0,0,0,0,0,0,0,0,0,0,0,0,0,0,0,0,0,0,0,0,0,0,0,0,0,0,0
rerun/src/main/java/org/apache/falcon/rerun/handler/AbstractRerunHandler.java,50,0,0,0,0,0,0,0,0,0,0,0,0,0,0,0,0,0,0,0,0,0,0,0,0,0,0,0,0,0,0,0,0,0,0
rerun/src/main/java/org/apache/falcon/rerun/handler/LateRerunConsumer.java,117,0,0,0,0,0,0,0,0,0,0,0,0,0,0,0,0,0,0,0,0,0,0,0,0,0,0,0,0,0,0,0,0,0,0
rerun/src/main/java/org/apache/falcon/rerun/handler/LateRerunHandler.java,209,0,0,0,0,0,0,0,0,0,0,0,0,0,0,0,0,0,0,0,0,0,0,0,0,0,0,0,0,0,0,0,0,0,0
rerun/src/main/java/org/apache/falcon/rerun/handler/RerunHandlerFactory.java,23,0,0,0,0,0,0,0,0,0,0,0,0,0,0,0,0,0,0,0,0,0,0,0,0,0,0,0,0,0,0,0,0,0,0
rerun/src/main/java/org/apache/falcon/rerun/handler/RetryConsumer.java,71,0,0,0,0,0,0,0,0,0,0,0,0,0,0,0,0,0,0,0,0,0,0,0,0,0,0,0,0,0,0,0,0,0,0
rerun/src/main/java/org/apache/falcon/rerun/handler/RetryHandler.java,101,0,0,0,0,0,0,0,0,0,0,0,0,0,0,0,0,0,0,0,0,0,0,0,0,0,0,0,0,0,0,0,0,0,0
rerun/src/main/java/org/apache/falcon/rerun/policy/AbstractRerunPolicy.java,17,0,0,0,0,0,0,0,0,0,0,0,0,0,0,0,0,0,0,0,0,0,0,0,0,0,0,0,0,0,0,0,0,0,0
rerun/src/main/java/org/apache/falcon/rerun/policy/ExpBackoffPolicy.java,30,0,0,0,0,0,0,0,0,0,0,0,0,0,0,0,0,0,0,0,0,0,0,0,0,0,0,0,0,0,0,0,0,0,0
rerun/src/main/java/org/apache/falcon/rerun/policy/FinalPolicy.java,14,0,0,0,0,0,0,0,0,0,0,0,0,0,0,0,0,0,0,0,0,0,0,0,0,0,0,0,0,0,0,0,0,0,0
rerun/src/main/java/org/apache/falcon/rerun/policy/PeriodicPolicy.java,7,0,0,0,0,0,0,0,0,0,0,0,0,0,0,0,0,0,0,0,0,0,0,0,0,0,0,0,0,0,0,0,0,0,0
rerun/src/main/java/org/apache/falcon/rerun/policy/RerunPolicyFactory.java,18,0,0,0,0,0,0,0,0,0,0,0,0,0,0,0,0,0,0,0,0,0,0,0,0,0,0,0,0,0,0,0,0,0,0
rerun/src/main/java/org/apache/falcon/rerun/queue/ActiveMQueue.java,102,0,0,0,0,0,0,0,0,0,0,0,0,0,0,0,0,0,0,0,0,0,0,0,0,0,0,0,0,0,0,0,0,0,0
rerun/src/main/java/org/apache/falcon/rerun/queue/DelayedQueue.java,15,0,0,0,0,0,0,0,0,0,0,0,0,0,0,0,0,0,0,0,0,0,0,0,0,0,0,0,0,0,0,0,0,0,0
rerun/src/main/java/org/apache/falcon/rerun/queue/InMemoryQueue.java,122,0,0,0,0,0,0,0,0,0,0,0,0,0,0,0,0,0,0,0,0,0,0,0,0,0,0,0,0,0,0,0,0,0,0
rerun/src/main/java/org/apache/falcon/rerun/service/LateRunService.java,47,0,0,0,0,0,0,0,0,0,0,0,0,0,0,0,0,0,0,0,0,0,0,0,0,0,0,0,0,0,0,0,0,0,0
rerun/src/main/java/org/apache/falcon/rerun/service/RetryService.java,48,0,0,0,0,0,0,0,0,0,0,0,0,0,0,0,0,0,0,0,0,0,0,0,0,0,0,0,0,0,0,0,0,0,0
test-util/src/main/java/org/apache/falcon/cluster/util/EmbeddedCluster.java,109,0,0,0,0,0,0,0,0,0,0,0,0,0,0,0,0,0,0,0,0,0,0,0,0,0,0,0,0,0,0,0,0,0,0
test-util/src/main/java/org/apache/falcon/cluster/util/EntityBuilderTestUtil.java,133,0,0,0,0,0,0,0,0,0,0,0,0,0,0,0,0,0,0,0,0,0,0,0,0,0,0,0,0,0,0,0,0,0,0
test-util/src/main/java/org/apache/falcon/cluster/util/MiniHdfsClusterUtil.java,22,0,0,0,0,0,0,0,0,0,0,0,0,0,0,0,0,0,0,0,0,0,0,0,0,0,0,0,0,0,0,0,0,0,0
test-util/src/main/java/org/apache/falcon/cluster/util/StandAloneCluster.java,29,0,0,0,0,0,0,0,0,0,0,0,0,0,0,0,0,0,0,0,0,0,0,0,0,0,0,0,0,0,0,0,0,0,0
oozie-el-extensions/src/main/java/org/apache/oozie/extensions/OozieELExtensions.java,389,0,0,0,0,0,0,0,0,0,0,0,0,0,0,0,0,0,0,0,0,0,0,0,0,0,0,0,0,0,0,0,0,0,0
titan/src/main/java/com/thinkaurelius/titan/diskstorage/hbase/AdminMask.java,21,0,0,0,0,0,0,0,0,0,0,0,0,0,0,0,0,0,0,0,0,0,0,0,0,0,0,0,0,0,0,0,0,0,0
titan/src/main/java/com/thinkaurelius/titan/diskstorage/hbase/ConnectionMask.java,8,0,0,0,0,0,0,0,0,0,0,0,0,0,0,0,0,0,0,0,0,0,0,0,0,0,0,0,0,0,0,0,0,0,0
titan/src/main/java/com/thinkaurelius/titan/diskstorage/hbase/HBaseAdmin0_98.java,111,0,0,0,0,0,0,0,0,0,0,0,0,0,0,0,0,0,0,0,0,0,0,0,0,0,0,0,0,0,0,0,0,0,0
titan/src/main/java/com/thinkaurelius/titan/diskstorage/hbase/HBaseAdmin1_0.java,97,0,0,0,0,0,0,0,0,0,0,0,0,0,0,0,0,0,0,0,0,0,0,0,0,0,0,0,0,0,0,0,0,0,0
titan/src/main/java/com/thinkaurelius/titan/diskstorage/hbase/HBaseCompat.java,13,0,0,0,0,0,0,0,0,0,0,0,0,0,0,0,0,0,0,0,0,0,0,0,0,0,0,0,0,0,0,0,0,0,0
titan/src/main/java/com/thinkaurelius/titan/diskstorage/hbase/HBaseCompat0_98.java,35,0,0,0,0,0,0,0,0,0,0,0,0,0,0,0,0,0,0,0,0,0,0,0,0,0,0,0,0,0,0,0,0,0,0
titan/src/main/java/com/thinkaurelius/titan/diskstorage/hbase/HBaseCompat1_0.java,35,0,0,0,0,0,0,0,0,0,0,0,0,0,0,0,0,0,0,0,0,0,0,0,0,0,0,0,0,0,0,0,0,0,0
titan/src/main/java/com/thinkaurelius/titan/diskstorage/hbase/HBaseCompat1_1.java,35,0,0,0,0,0,0,0,0,0,0,0,0,0,0,0,0,0,0,0,0,0,0,0,0,0,0,0,0,0,0,0,0,0,0
titan/src/main/java/com/thinkaurelius/titan/diskstorage/hbase/HBaseCompatLoader.java,52,0,0,0,0,0,0,0,0,0,0,0,0,0,0,0,0,0,0,0,0,0,0,0,0,0,0,0,0,0,0,0,0,0,0
titan/src/main/java/com/thinkaurelius/titan/diskstorage/hbase/HBaseKeyColumnValueStore.java,293,0,0,0,0,0,0,0,0,0,0,0,0,0,0,0,0,0,0,0,0,0,0,0,0,0,0,0,0,0,0,0,0,0,0
titan/src/main/java/com/thinkaurelius/titan/diskstorage/hbase/HBaseStoreManager.java,581,0,0,0,0,0,0,0,0,0,0,0,0,0,0,0,0,0,0,0,0,0,0,0,0,0,0,0,0,0,0,0,0,0,0
titan/src/main/java/com/thinkaurelius/titan/diskstorage/hbase/HBaseTransaction.java,42,0,0,0,0,0,0,0,0,0,0,0,0,0,0,0,0,0,0,0,0,0,0,0,0,0,0,0,0,0,0,0,0,0,0
titan/src/main/java/com/thinkaurelius/titan/diskstorage/hbase/HConnection0_98.java,27,0,0,0,0,0,0,0,0,0,0,0,0,0,0,0,0,0,0,0,0,0,0,0,0,0,0,0,0,0,0,0,0,0,0
titan/src/main/java/com/thinkaurelius/titan/diskstorage/hbase/HConnection1_0.java,28,0,0,0,0,0,0,0,0,0,0,0,0,0,0,0,0,0,0,0,0,0,0,0,0,0,0,0,0,0,0,0,0,0,0
titan/src/main/java/com/thinkaurelius/titan/diskstorage/hbase/HTable0_98.java,38,0,0,0,0,0,0,0,0,0,0,0,0,0,0,0,0,0,0,0,0,0,0,0,0,0,0,0,0,0,0,0,0,0,0
titan/src/main/java/com/thinkaurelius/titan/diskstorage/hbase/HTable1_0.java,37,0,0,0,0,0,0,0,0,0,0,0,0,0,0,0,0,0,0,0,0,0,0,0,0,0,0,0,0,0,0,0,0,0,0
titan/src/main/java/com/thinkaurelius/titan/diskstorage/hbase/TableMask.java,15,0,0,0,0,0,0,0,0,0,0,0,0,0,0,0,0,0,0,0,0,0,0,0,0,0,0,0,0,0,0,0,0,0,0
titan/src/main/java/com/thinkaurelius/titan/diskstorage/locking/LocalLockMediator.java,191,0,0,0,0,0,0,0,0,0,0,0,0,0,0,0,0,0,0,0,0,0,0,0,0,0,0,0,0,0,0,0,0,0,0
