,LLOC,ab7ce2f6ec40e865f00efcd86e344f95db733acb,fda9f73f94080815ec643d7320c32a905c65db61,fa03d461d1e0b2a4e096b7c9a0e6ed0cf4cc0aa5,712f514f4215356c3453247e65d3a0c0a9018dbf,9feb51fcf63e2700b6f3171ba3c0533cc26d6bf4,cc5cb1cf7d0c6fcb1f1695ba63863231d4f8e613,45e4ba325f7d8b17b366a412dca7c26970834924,4fe97b13f8b4d70fa8eff2953a06f329bdf3c7ac,358bac68c089a12ff346c8665cd860f5fe6a38e9,86c8473bff9759995d539859809f4f456ba6b4aa,53db0052691c71951e8e54caefafb9a2ed677063,cb50d1940f53027fb76da03201ee5dc8cb5c81c2,bc458a5b045a9d3c08a9f82950dd77c69f80859e
ws-security-stax/src/main/java/org/apache/wss4j/stax/impl/securityToken/OutboundUsernameSecurityToken.java,51,0,0,0,0,0,0,0,0,0,0,0,0,0
ws-security-stax/src/main/java/org/apache/wss4j/stax/securityEvent/HttpsTokenSecurityEvent.java,28,0,0,0,0,0,0,0,0,0,0,0,0,0
ws-security-stax/src/main/java/org/apache/wss4j/stax/impl/WSSecurityStreamReader.java,32,0,0,0,0,0,0,0,0,0,0,0,0,0
ws-security-policy-stax/src/main/java/org/apache/wss4j/policy/stax/OperationPolicy.java,52,0,0,0,0,0,0,0,0,0,0,0,0,0
ws-security-common/src/main/java/org/apache/wss4j/common/crypto/ThreadLocalSecurityProvider.java,146,0,0,0,0,0,0,0,0,0,0,0,0,0
ws-security-policy-stax/src/main/java/org/apache/wss4j/policy/stax/assertionStates/EncryptedPartsAssertionState.java,98,0,0,0,0,0,0,0,0,0,0,0,0,0
policy/src/main/java/org/apache/wss4j/policy/AssertionState.java,57,0,0,0,0,0,0,0,0,0,0,0,0,0
ws-security-policy-stax/src/main/java/org/apache/wss4j/policy/stax/assertionStates/RequiredElementsAssertionState.java,83,0,0,0,0,0,0,0,0,0,0,0,0,0
ws-security-policy-stax/src/main/java/org/apache/wss4j/policy/stax/assertionStates/RequiredPartsAssertionState.java,78,0,0,0,0,0,0,0,0,0,0,0,0,0
ws-security-policy-stax/src/main/java/org/apache/wss4j/policy/stax/assertionStates/SignedElementsAssertionState.java,75,0,0,0,0,0,0,0,0,0,0,0,0,0
ws-security-policy-stax/src/main/java/org/apache/wss4j/policy/stax/assertionStates/SignedPartsAssertionState.java,112,0,0,0,0,0,0,0,0,0,0,0,0,0
ws-security-policy-stax/src/test/java/org/apache/wss4j/policy/stax/test/AsymmetricBindingIntegrationTest.java,2613,0,0,0,0,0,0,0,0,0,0,0,0,0
ws-security-dom/src/main/java/org/apache/wss4j/dom/message/WSSecDKSign.java,238,0,1,0,0,0,0,0,0,0,0,0,0,0
ws-security-dom/src/main/java/org/apache/wss4j/dom/message/WSSecEncryptedKey.java,644,0,1,0,0,0,0,0,0,0,0,0,0,0
ws-security-dom/src/main/java/org/apache/wss4j/dom/processor/EncryptedKeyProcessor.java,513,0,1,0,0,0,0,0,0,0,0,0,0,0
ws-security-dom/src/main/java/org/apache/wss4j/dom/processor/SAMLTokenProcessor.java,219,0,1,0,0,0,0,0,0,0,0,0,0,0
ws-security-policy-stax/src/test/java/org/apache/wss4j/policy/stax/test/TransportBindingIntegrationTest.java,1371,0,0,0,0,0,0,0,0,0,0,0,0,0
ws-security-dom/src/main/java/org/apache/wss4j/dom/processor/SignatureProcessor.java,585,0,1,0,0,0,0,0,0,0,0,0,0,0
ws-security-policy-stax/src/main/java/org/apache/wss4j/policy/stax/enforcer/PolicyInputProcessor.java,196,0,0,0,0,0,0,0,0,0,0,0,0,0
ws-security-dom/src/main/java/org/apache/wss4j/dom/str/STRParser.java,8,0,0,0,0,0,0,0,0,0,0,0,0,0
ws-security-dom/src/main/java/org/apache/wss4j/dom/str/STRParserResult.java,52,0,0,0,0,0,0,0,0,0,0,0,0,0
ws-security-stax/src/test/java/org/apache/wss4j/stax/test/utils/XMLSecEventAllocator.java,44,0,0,0,0,0,0,0,0,0,0,0,0,0
ws-security-common/src/main/java/org/apache/wss4j/common/crypto/CryptoBase.java,230,0,0,0,0,0,0,1,0,0,0,0,0,0
ws-security-common/src/main/java/org/apache/wss4j/common/crypto/MerlinAKI.java,173,0,0,0,0,0,0,1,0,0,0,0,0,0
ws-security-stax/src/main/java/org/apache/wss4j/stax/securityEvent/RelTokenSecurityEvent.java,15,0,0,0,0,0,0,0,0,0,0,0,0,0
ws-security-stax/src/main/java/org/apache/wss4j/stax/securityEvent/SecurityContextTokenSecurityEvent.java,22,0,0,0,0,0,0,0,0,0,0,0,0,0
ws-security-common/src/test/java/org/apache/wss4j/common/crypto/NameConstraintsTest.java,253,0,0,0,0,0,0,1,0,0,0,0,0,0
ws-security-stax/src/main/java/org/apache/wss4j/stax/securityToken/HttpsSecurityToken.java,4,0,0,0,0,0,0,0,0,0,0,0,0,0
ws-security-stax/src/main/java/org/apache/wss4j/stax/validate/SecurityContextTokenValidatorImpl.java,55,0,0,0,0,0,0,0,0,0,0,0,0,0
ws-security-stax/src/main/java/org/apache/wss4j/stax/impl/securityToken/EncryptedKeySha1SecurityTokenImpl.java,55,0,0,0,0,0,0,0,0,0,0,0,0,0
ws-security-stax/src/main/java/org/apache/wss4j/stax/impl/securityToken/HttpsSecurityTokenImpl.java,67,0,0,0,0,0,0,0,0,0,0,0,0,0
ws-security-stax/src/main/java/org/apache/wss4j/stax/impl/securityToken/SecurityTokenReferenceImpl.java,70,0,0,0,0,0,0,0,0,0,0,0,0,0
ws-security-stax/src/main/java/org/apache/wss4j/stax/impl/securityToken/UsernameSecurityTokenImpl.java,140,0,0,0,0,0,0,0,0,0,0,0,0,0
ws-security-stax/src/main/java/org/apache/wss4j/stax/impl/processor/input/OperationInputProcessor.java,44,0,0,0,0,0,0,0,0,0,0,0,0,0
ws-security-stax/src/main/java/org/apache/wss4j/stax/impl/processor/output/EncryptEndingOutputProcessor.java,83,0,0,0,0,0,0,0,0,0,0,0,0,0
ws-security-stax/src/main/java/org/apache/wss4j/stax/impl/processor/output/OutputProcessorUtils.java,35,0,0,0,0,0,0,0,0,0,0,0,0,0
ws-security-stax/src/main/java/org/apache/wss4j/stax/impl/processor/output/ReferenceListOutputProcessor.java,27,0,0,0,0,0,0,0,0,0,0,0,0,0
ws-security-stax/src/main/java/org/apache/wss4j/stax/impl/SecurityHeaderOrder.java,22,0,0,0,0,0,0,0,0,0,0,0,0,0
ws-security-stax/src/test/java/org/apache/wss4j/stax/test/FaultTest.java,81,0,0,0,0,0,0,0,0,0,0,0,0,0
ws-security-stax/src/test/java/org/apache/wss4j/stax/test/PasswordTypeTest.java,123,0,0,0,0,0,0,0,0,0,0,0,0,0
ws-security-stax/src/test/java/org/apache/wss4j/stax/test/SignatureCertConstaintsTest.java,141,0,0,0,0,0,0,0,0,0,0,0,0,0
ws-security-stax/src/main/java/org/apache/wss4j/stax/impl/securityToken/KerberosServiceSecurityTokenImpl.java,146,0,0,0,0,0,0,0,0,0,0,0,0,0
ws-security-policy-stax/src/test/java/org/apache/wss4j/policy/stax/test/AlgorithmSuiteTest.java,234,0,0,0,0,0,0,0,0,0,0,0,0,0
ws-security-policy-stax/src/test/java/org/apache/wss4j/policy/stax/test/AsymmetricBindingTest.java,359,0,0,0,0,0,0,0,0,0,0,0,0,0
ws-security-policy-stax/src/test/java/org/apache/wss4j/policy/stax/test/ContentEncryptedElementsTest.java,72,0,0,0,0,0,0,0,0,0,0,0,0,0
ws-security-policy-stax/src/test/java/org/apache/wss4j/policy/stax/test/DerivedKeyTests.java,417,0,0,0,0,0,0,0,0,0,0,0,0,0
ws-security-policy-stax/src/test/java/org/apache/wss4j/policy/stax/test/EncryptedElementsTest.java,72,0,0,0,0,0,0,0,0,0,0,0,0,0
ws-security-policy-stax/src/test/java/org/apache/wss4j/policy/stax/test/EncryptedPartsTest.java,189,0,0,0,0,0,0,0,0,0,0,0,0,0
ws-security-policy-stax/src/test/java/org/apache/wss4j/policy/stax/test/HttpsTokenTest.java,90,0,0,0,0,0,0,0,0,0,0,0,0,0
ws-security-policy-stax/src/test/java/org/apache/wss4j/policy/stax/test/IssuedTokenTest.java,478,0,0,0,0,0,0,0,0,0,0,0,0,0
ws-security-policy-stax/src/test/java/org/apache/wss4j/policy/stax/test/KerberosTokenTest.java,160,0,0,0,0,0,0,0,0,0,0,0,0,0
ws-security-policy-stax/src/test/java/org/apache/wss4j/policy/stax/test/KeyValueTokenTest.java,146,0,0,0,0,0,0,0,0,0,0,0,0,0
ws-security-policy-stax/src/test/java/org/apache/wss4j/policy/stax/test/ProtectionOrderTest.java,202,0,0,0,0,0,0,0,0,0,0,0,0,0
ws-security-policy-stax/src/test/java/org/apache/wss4j/policy/stax/test/RelTokenTest.java,80,0,0,0,0,0,0,0,0,0,0,0,0,0
ws-security-policy-stax/src/test/java/org/apache/wss4j/policy/stax/test/RequiredElementsTest.java,56,0,0,0,0,0,0,0,0,0,0,0,0,0
ws-security-policy-stax/src/test/java/org/apache/wss4j/policy/stax/test/RequiredPartsTest.java,59,0,0,0,0,0,0,0,0,0,0,0,0,0
ws-security-policy-stax/src/test/java/org/apache/wss4j/policy/stax/test/SamlTokenTest.java,179,0,0,0,0,0,0,0,0,0,0,0,0,0
ws-security-policy-stax/src/test/java/org/apache/wss4j/policy/stax/test/SecureConversationTokenTest.java,157,0,0,0,0,0,0,0,0,0,0,0,0,0
ws-security-policy-stax/src/test/java/org/apache/wss4j/policy/stax/test/SecurityContextTokenTest.java,157,0,0,0,0,0,0,0,0,0,0,0,0,0
ws-security-policy-stax/src/test/java/org/apache/wss4j/policy/stax/test/SignedElementsTest.java,74,0,0,0,0,0,0,0,0,0,0,0,0,0
ws-security-policy-stax/src/test/java/org/apache/wss4j/policy/stax/test/SignedPartsTest.java,201,0,0,0,0,0,0,0,0,0,0,0,0,0
ws-security-common/src/main/java/org/apache/wss4j/common/crypto/CryptoFactory.java,154,0,0,0,0,0,0,0,0,0,0,0,1,0
ws-security-policy-stax/src/test/java/org/apache/wss4j/policy/stax/test/SpnegoContextTokenTest.java,80,0,0,0,0,0,0,0,0,0,0,0,0,0
ws-security-policy-stax/src/test/java/org/apache/wss4j/policy/stax/test/SymmetricBindingTest.java,289,0,0,0,0,0,0,0,0,0,0,0,0,0
ws-security-policy-stax/src/test/java/org/apache/wss4j/policy/stax/test/TokenProtectionTest.java,583,0,0,0,0,0,0,0,0,0,0,0,0,0
ws-security-common/src/main/java/org/apache/wss4j/common/crypto/Merlin.java,1031,0,0,0,0,0,0,1,0,0,0,0,1,0
ws-security-policy-stax/src/test/java/org/apache/wss4j/policy/stax/test/TransportBindingTest.java,191,0,0,0,0,0,0,0,0,0,0,0,0,0
ws-security-policy-stax/src/test/java/org/apache/wss4j/policy/stax/test/VulnerabliltyVectorsTest.java,108,0,0,0,0,0,0,0,0,0,0,0,0,0
ws-security-policy-stax/src/test/java/org/apache/wss4j/policy/stax/test/X509TokenTest.java,151,0,0,0,0,0,0,0,0,0,0,0,0,0
ws-security-web/src/main/java/org/apache/wss4j/web/WssServletContextListener.java,15,0,0,0,0,0,0,0,0,0,1,0,0,0
ws-security-common/src/main/java/org/apache/wss4j/common/util/Loader.java,196,0,0,0,0,0,0,0,0,0,0,0,1,0
ws-security-common/src/main/java/org/apache/wss4j/common/principal/PublicKeyPrincipal.java,6,0,0,0,0,0,0,0,0,0,0,0,0,0
ws-security-common/src/main/java/org/apache/wss4j/common/principal/PublicKeyPrincipalImpl.java,20,0,0,0,0,0,0,0,0,0,0,0,0,0
ws-security-dom/src/test/java/org/apache/wss4j/dom/message/SignatureTest.java,725,0,0,0,0,0,0,0,0,0,0,0,1,0
policy/src/test/java/org/apache/wss4j/policy/tests/AlgorithmSuiteTest.java,69,0,0,0,0,0,0,0,0,0,0,0,0,0
policy/src/test/java/org/apache/wss4j/policy/tests/AsymmetricBindingTest.java,85,0,0,0,0,0,0,0,0,0,0,0,0,0
policy/src/test/java/org/apache/wss4j/policy/tests/ContentEncryptedElementsTest.java,62,0,0,0,0,0,0,0,0,0,0,0,0,0
policy/src/test/java/org/apache/wss4j/policy/tests/EncryptedElementsTest.java,62,0,0,0,0,0,0,0,0,0,0,0,0,0
policy/src/test/java/org/apache/wss4j/policy/tests/EncryptedPartsTest.java,123,0,0,0,0,0,0,0,0,0,0,0,0,0
policy/src/test/java/org/apache/wss4j/policy/tests/HttpsTokenTest.java,60,0,0,0,0,0,0,0,0,0,0,0,0,0
policy/src/test/java/org/apache/wss4j/policy/tests/InitiatorTokenTest.java,62,0,0,0,0,0,0,0,0,0,0,0,0,0
policy/src/test/java/org/apache/wss4j/policy/tests/IssuedTokenTest.java,64,0,0,0,0,0,0,0,0,0,0,0,0,0
policy/src/test/java/org/apache/wss4j/policy/tests/KerberosTokenTest.java,60,0,0,0,0,0,0,0,0,0,0,0,0,0
policy/src/test/java/org/apache/wss4j/policy/tests/KeyValueTokenTest.java,60,0,0,0,0,0,0,0,0,0,0,0,0,0
policy/src/test/java/org/apache/wss4j/policy/tests/LayoutTest.java,58,0,0,0,0,0,0,0,0,0,0,0,0,0
policy/src/test/java/org/apache/wss4j/policy/tests/PolicyNormalizationTest.java,28,0,0,0,0,0,0,0,0,0,0,0,0,0
policy/src/test/java/org/apache/wss4j/policy/tests/RecipientTokenTest.java,62,0,0,0,0,0,0,0,0,0,0,0,0,0
policy/src/test/java/org/apache/wss4j/policy/tests/RelTokenTest.java,62,0,0,0,0,0,0,0,0,0,0,0,0,0
policy/src/test/java/org/apache/wss4j/policy/tests/RequiredElementsTest.java,62,0,0,0,0,0,0,0,0,0,0,0,0,0
policy/src/test/java/org/apache/wss4j/policy/tests/RequiredPartsTest.java,60,0,0,0,0,0,0,0,0,0,0,0,0,0
policy/src/test/java/org/apache/wss4j/policy/tests/SamlTokenTest.java,64,0,0,0,0,0,0,0,0,0,0,0,0,0
policy/src/test/java/org/apache/wss4j/policy/tests/SecureConversationTokenTest.java,66,0,0,0,0,0,0,0,0,0,0,0,0,0
policy/src/test/java/org/apache/wss4j/policy/tests/SecurityContextTokenTest.java,62,0,0,0,0,0,0,0,0,0,0,0,0,0
policy/src/test/java/org/apache/wss4j/policy/tests/SignedElementsTest.java,115,0,0,0,0,0,0,0,0,0,0,0,0,0
policy/src/test/java/org/apache/wss4j/policy/tests/SignedPartsTest.java,119,0,0,0,0,0,0,0,0,0,0,0,0,0
policy/src/test/java/org/apache/wss4j/policy/tests/SpnegoContextTokenTest.java,64,0,0,0,0,0,0,0,0,0,0,0,0,0
policy/src/test/java/org/apache/wss4j/policy/tests/SupportingTokensTest.java,70,0,0,0,0,0,0,0,0,0,0,0,0,0
policy/src/test/java/org/apache/wss4j/policy/tests/SymmetricBindingTest.java,77,0,0,0,0,0,0,0,0,0,0,0,0,0
policy/src/test/java/org/apache/wss4j/policy/tests/TransportBindingTest.java,66,0,0,0,0,0,0,0,0,0,0,0,0,0
policy/src/test/java/org/apache/wss4j/policy/tests/Trust10Test.java,68,0,0,0,0,0,0,0,0,0,0,0,0,0
policy/src/test/java/org/apache/wss4j/policy/tests/Trust13Test.java,144,0,0,0,0,0,0,0,0,0,0,0,0,0
policy/src/test/java/org/apache/wss4j/policy/tests/UsernameTokenTest.java,119,0,0,0,0,0,0,0,0,0,0,0,0,0
policy/src/test/java/org/apache/wss4j/policy/tests/Wss10Test.java,66,0,0,0,0,0,0,0,0,0,0,0,0,0
policy/src/test/java/org/apache/wss4j/policy/tests/Wss11Test.java,72,0,0,0,0,0,0,0,0,0,0,0,0,0
policy/src/test/java/org/apache/wss4j/policy/tests/X509TokenTest.java,68,0,0,0,0,0,0,0,0,0,0,0,0,0
ws-security-policy-stax/src/test/java/org/apache/wss4j/policy/stax/test/WSP13SpecTest.java,175,0,0,0,0,0,0,0,0,0,0,0,0,0
ws-security-common/src/main/java/org/apache/wss4j/common/derivedKey/DerivedKeyUtils.java,26,0,0,0,0,0,0,0,0,0,0,0,0,0
ws-security-stax/src/main/java/org/apache/wss4j/stax/ext/WSInboundSecurityContext.java,9,0,0,0,0,0,0,0,0,0,0,0,0,0
ws-security-stax/src/main/java/org/apache/wss4j/stax/securityEvent/DerivedKeyTokenSecurityEvent.java,8,0,0,0,0,0,0,0,0,0,0,0,0,0
ws-security-stax/src/main/java/org/apache/wss4j/stax/securityEvent/EncryptedKeyTokenSecurityEvent.java,8,0,0,0,0,0,0,0,0,0,0,0,0,0
ws-security-stax/src/main/java/org/apache/wss4j/stax/securityEvent/EncryptedPartSecurityEvent.java,12,0,0,0,0,0,0,0,0,0,0,0,0,0
ws-security-stax/src/main/java/org/apache/wss4j/stax/securityEvent/IssuedTokenSecurityEvent.java,10,0,0,0,0,0,0,0,0,0,0,0,0,0
ws-security-stax/src/main/java/org/apache/wss4j/stax/securityEvent/KerberosTokenSecurityEvent.java,36,0,0,0,0,0,0,0,0,0,0,0,0,0
ws-security-stax/src/main/java/org/apache/wss4j/stax/securityEvent/KeyValueTokenSecurityEvent.java,8,0,0,0,0,0,0,0,0,0,0,0,0,0
ws-security-stax/src/main/java/org/apache/wss4j/stax/securityEvent/SamlTokenSecurityEvent.java,17,0,0,0,0,0,0,0,0,0,0,0,0,0
ws-security-stax/src/main/java/org/apache/wss4j/stax/securityEvent/SignedPartSecurityEvent.java,12,0,0,0,0,0,0,0,0,0,0,0,0,0
ws-security-stax/src/main/java/org/apache/wss4j/stax/securityEvent/UsernameTokenSecurityEvent.java,19,0,0,0,0,0,0,0,0,0,0,0,0,0
ws-security-stax/src/main/java/org/apache/wss4j/stax/securityEvent/X509TokenSecurityEvent.java,8,0,0,0,0,0,0,0,0,0,0,0,0,0
ws-security-stax/src/main/java/org/apache/wss4j/stax/securityToken/DsaKeyValueSecurityToken.java,3,0,0,0,0,0,0,0,0,0,0,0,0,0
ws-security-stax/src/main/java/org/apache/wss4j/stax/securityToken/ECKeyValueSecurityToken.java,3,0,0,0,0,0,0,0,0,0,0,0,0,0
ws-security-stax/src/main/java/org/apache/wss4j/stax/securityToken/KerberosServiceSecurityToken.java,5,0,0,0,0,0,0,0,0,0,0,0,0,0
ws-security-stax/src/main/java/org/apache/wss4j/stax/securityToken/KeyValueSecurityToken.java,3,0,0,0,0,0,0,0,0,0,0,0,0,0
ws-security-stax/src/main/java/org/apache/wss4j/stax/securityToken/RsaKeyValueSecurityToken.java,3,0,0,0,0,0,0,0,0,0,0,0,0,0
ws-security-stax/src/main/java/org/apache/wss4j/stax/securityToken/SecureConversationSecurityToken.java,4,0,0,0,0,0,0,0,0,0,0,0,0,0
ws-security-stax/src/main/java/org/apache/wss4j/stax/securityToken/SecurityTokenReference.java,7,0,0,0,0,0,0,0,0,0,0,0,0,0
ws-security-stax/src/main/java/org/apache/wss4j/stax/securityToken/SubjectAndPrincipalSecurityToken.java,9,0,0,0,0,0,0,0,0,0,0,0,0,0
ws-security-stax/src/main/java/org/apache/wss4j/stax/securityToken/X509SecurityToken.java,3,0,0,0,0,0,0,0,0,0,0,0,0,0
ws-security-stax/src/main/java/org/apache/wss4j/stax/validate/BinarySecurityTokenValidator.java,8,0,0,0,0,0,0,0,0,0,0,0,0,0
ws-security-stax/src/main/java/org/apache/wss4j/stax/validate/SamlTokenValidator.java,10,0,0,0,0,0,0,0,0,0,0,0,0,0
ws-security-stax/src/main/java/org/apache/wss4j/stax/validate/SecurityContextTokenValidator.java,8,0,0,0,0,0,0,0,0,0,0,0,0,0
ws-security-stax/src/main/java/org/apache/wss4j/stax/validate/SignatureTokenValidator.java,9,0,0,0,0,0,0,0,0,0,0,0,0,0
ws-security-stax/src/main/java/org/apache/wss4j/stax/validate/SignatureTokenValidatorImpl.java,17,0,0,0,0,0,0,0,0,0,0,0,0,0
ws-security-stax/src/main/java/org/apache/wss4j/stax/validate/TokenContext.java,31,0,0,0,0,0,0,0,0,0,0,0,0,0
ws-security-stax/src/main/java/org/apache/wss4j/stax/validate/UsernameTokenValidator.java,9,0,0,0,0,0,0,0,0,0,0,0,0,0
ws-security-common/src/main/java/org/apache/wss4j/common/derivedKey/P_SHA1.java,43,0,0,0,0,0,0,0,0,0,0,0,0,0
ws-security-stax/src/main/java/org/apache/wss4j/stax/impl/processor/input/ReferenceListInputHandler.java,20,0,0,0,0,0,0,0,0,0,0,0,0,0
ws-security-common/src/test/java/org/apache/wss4j/common/crypto/PasswordEncryptorTest.java,13,0,0,0,0,0,0,0,0,0,0,0,0,0
ws-security-common/src/test/java/org/apache/wss4j/common/attachment/CRLFOutputStreamTest.java,96,0,0,0,0,0,0,0,0,0,0,0,0,0
ws-security-dom/src/main/java/org/apache/wss4j/dom/SOAP12Constants.java,27,0,0,0,0,0,0,0,0,0,0,0,0,0
ws-security-dom/src/main/java/org/apache/wss4j/dom/WSConstants.java,83,0,0,0,0,0,0,0,0,0,0,0,0,0
ws-security-common/src/main/java/org/apache/wss4j/common/saml/SamlAssertionWrapper.java,765,0,0,0,0,0,0,0,0,0,0,0,0,1
ws-security-dom/src/test/java/org/apache/wss4j/dom/handler/CallbackRefTest.java,83,0,0,0,0,0,0,0,0,0,0,0,0,0
ws-security-dom/src/test/java/org/apache/wss4j/dom/handler/ResultsOrderTest.java,204,0,0,0,0,0,0,0,0,0,0,0,0,0
ws-security-dom/src/test/java/org/apache/wss4j/dom/handler/SignatureUTAliasTest.java,99,0,0,0,0,0,0,0,0,0,0,0,0,0
ws-security-dom/src/test/java/org/apache/wss4j/dom/handler/WSHandlerGetPasswordTest.java,103,0,0,0,0,0,0,0,0,0,0,0,0,0
ws-security-dom/src/test/java/org/apache/wss4j/dom/misc/SecurityHeaderTest.java,91,0,0,0,0,0,0,0,0,0,0,0,0,0
ws-security-dom/src/test/java/org/apache/wss4j/dom/message/token/SecurityTokenReferenceTest.java,197,0,0,0,0,0,0,0,0,0,0,0,0,0
ws-security-stax/src/test/java/org/apache/wss4j/stax/test/MultipleActionTest.java,96,0,0,0,0,0,0,0,0,0,0,0,0,0
ws-security-stax/src/test/java/org/apache/wss4j/stax/test/OutputChainTest.java,106,0,0,0,0,0,0,0,0,0,0,0,0,0
ws-security-stax/src/test/java/org/apache/wss4j/stax/test/PasswordEncryptorTest.java,117,0,0,0,0,0,0,0,0,0,0,0,0,0
ws-security-stax/src/test/java/org/apache/wss4j/stax/test/utils/XmlReaderToWriter.java,90,0,0,0,0,0,0,0,0,0,0,0,0,0
ws-security-common/src/main/java/org/apache/wss4j/common/util/AttachmentUtils.java,486,0,0,0,0,0,0,0,0,0,0,0,0,0
ws-security-common/src/main/java/org/apache/wss4j/common/util/XMLUtils.java,312,0,0,0,0,0,0,0,0,0,0,0,0,0
ws-security-dom/src/main/java/org/apache/wss4j/dom/processor/UsernameTokenProcessor.java,123,0,0,0,0,0,0,0,0,0,0,0,0,0
ws-security-stax/src/main/java/org/apache/wss4j/stax/utils/WSSUtils.java,583,0,0,0,0,0,0,0,0,0,0,0,0,0
ws-security-stax/src/main/java/org/apache/wss4j/stax/validate/BinarySecurityTokenValidatorImpl.java,86,0,0,0,0,0,0,0,0,0,0,0,0,0
ws-security-stax/src/main/java/org/apache/wss4j/stax/validate/JAASUsernameTokenValidatorImpl.java,92,0,0,0,0,0,0,0,0,0,0,0,0,0
ws-security-stax/src/main/java/org/apache/wss4j/stax/validate/UsernameTokenValidatorImpl.java,170,0,0,0,0,0,0,0,0,0,0,0,0,0
ws-security-stax/src/main/java/org/apache/wss4j/stax/impl/securityToken/SecurityTokenFactoryImpl.java,440,0,0,0,0,0,0,0,0,0,0,0,0,0
ws-security-stax/src/main/java/org/apache/wss4j/stax/impl/processor/input/SAMLTokenInputHandler.java,613,0,0,0,0,0,0,0,0,0,0,0,0,0
ws-security-stax/src/main/java/org/apache/wss4j/stax/impl/processor/output/BinarySecurityTokenOutputProcessor.java,159,0,0,0,0,0,0,0,0,0,0,0,0,0
ws-security-stax/src/main/java/org/apache/wss4j/stax/impl/processor/output/DerivedKeyTokenOutputProcessor.java,282,0,0,0,0,0,0,0,0,0,0,0,0,0
ws-security-stax/src/main/java/org/apache/wss4j/stax/impl/processor/output/EncryptedKeyOutputProcessor.java,328,0,0,0,0,0,0,0,0,0,0,0,0,0
ws-security-stax/src/main/java/org/apache/wss4j/stax/impl/processor/output/SignatureConfirmationOutputProcessor.java,59,0,0,0,0,0,0,0,0,0,0,0,0,0
ws-security-stax/src/main/java/org/apache/wss4j/stax/impl/processor/output/UsernameTokenOutputProcessor.java,192,0,0,0,0,0,0,0,0,0,0,0,0,0
ws-security-common/src/main/java/org/apache/wss4j/common/crypto/Crypto.java,41,0,0,0,0,0,0,0,0,0,0,0,0,0
ws-security-stax/src/main/java/org/apache/wss4j/stax/setup/OutboundWSSec.java,574,0,0,0,0,0,0,0,0,0,0,0,0,0
performance/src/test/java/org/apache/wss4j/performance/PerformanceMemoryTest.java,364,0,0,0,0,0,0,0,0,0,0,0,0,0
policy/src/main/java/org/apache/wss4j/policy/model/NSStack.java,176,0,0,0,0,0,0,0,0,0,0,0,0,0
ws-security-common/src/main/java/org/apache/wss4j/common/saml/SAMLUtil.java,182,0,0,0,0,0,0,0,0,0,0,0,0,0
ws-security-common/src/main/java/org/apache/wss4j/common/util/NSStack.java,166,0,0,0,0,0,0,0,0,0,0,0,0,0
ws-security-stax/src/main/java/org/apache/wss4j/stax/impl/processor/input/SecurityHeaderInputProcessor.java,202,0,0,0,0,0,0,0,0,0,0,0,0,0
ws-security-stax/src/main/java/org/apache/wss4j/stax/impl/processor/output/SecurityHeaderReorderProcessor.java,133,0,0,0,0,0,0,0,0,0,0,0,0,0
ws-security-common/src/main/java/org/apache/wss4j/common/crypto/AlgorithmSuite.java,118,0,0,0,0,0,0,0,0,0,0,0,0,0
ws-security-common/src/main/java/org/apache/wss4j/common/ext/Attachment.java,37,0,0,0,0,0,0,0,0,0,0,0,0,0
policy/src/main/java/org/apache/wss4j/policy/builders/HttpsTokenBuilder.java,59,0,0,0,0,0,0,0,0,0,0,0,0,0
policy/src/main/java/org/apache/wss4j/policy/builders/KerberosTokenBuilder.java,50,0,0,0,0,0,0,0,0,0,0,0,0,0
policy/src/main/java/org/apache/wss4j/policy/builders/KeyValueTokenBuilder.java,45,0,0,0,0,0,0,0,0,0,0,0,0,0
policy/src/main/java/org/apache/wss4j/policy/builders/SamlTokenBuilder.java,50,0,0,0,0,0,0,0,0,0,0,0,0,0
policy/src/main/java/org/apache/wss4j/policy/builders/SecureConversationTokenBuilder.java,47,0,0,0,0,0,0,0,0,0,0,0,0,0
policy/src/main/java/org/apache/wss4j/policy/builders/SecurityContextTokenBuilder.java,50,0,0,0,0,0,0,0,0,0,0,0,0,0
policy/src/main/java/org/apache/wss4j/policy/builders/SpnegoContextTokenBuilder.java,47,0,0,0,0,0,0,0,0,0,0,0,0,0
policy/src/main/java/org/apache/wss4j/policy/builders/UsernameTokenBuilder.java,50,0,0,0,0,0,0,0,0,0,0,0,0,0
policy/src/main/java/org/apache/wss4j/policy/builders/X509TokenBuilder.java,50,0,0,0,0,0,0,0,0,0,0,0,0,0
ws-security-common/src/main/java/org/apache/wss4j/common/saml/builder/SAML1Constants.java,37,0,0,0,0,0,0,0,0,0,0,0,0,0
ws-security-common/src/main/java/org/apache/wss4j/common/saml/builder/SAML2Constants.java,83,0,0,0,0,0,0,0,0,0,0,0,0,0
ws-security-common/src/main/java/org/apache/wss4j/common/crypto/DERDecoder.java,105,0,0,0,0,0,0,0,0,0,0,0,0,0
ws-security-dom/src/main/java/org/apache/wss4j/dom/action/AbstractDerivedAction.java,117,0,0,0,0,0,0,0,0,0,0,0,0,0
ws-security-dom/src/main/java/org/apache/wss4j/dom/action/Action.java,12,0,0,0,0,0,0,0,0,0,0,0,0,0
ws-security-dom/src/main/java/org/apache/wss4j/dom/action/CustomTokenAction.java,39,0,0,0,0,0,0,0,0,0,0,0,0,0
ws-security-dom/src/main/java/org/apache/wss4j/dom/message/WSSecDerivedKeyBase.java,205,0,0,0,0,0,0,0,0,0,0,0,0,0
ws-security-dom/src/main/java/org/apache/wss4j/dom/message/WSSecSAMLToken.java,54,0,0,0,0,0,0,0,0,0,0,0,0,0
ws-security-dom/src/main/java/org/apache/wss4j/dom/message/WSSecSecurityContextToken.java,88,0,0,0,0,0,0,0,0,0,0,0,0,0
ws-security-dom/src/main/java/org/apache/wss4j/dom/message/WSSecSignatureConfirmation.java,44,0,0,0,0,0,0,0,0,0,0,0,0,0
ws-security-dom/src/main/java/org/apache/wss4j/dom/message/WSSecTimestamp.java,63,0,0,0,0,0,0,0,0,0,0,0,0,0
ws-security-dom/src/main/java/org/apache/wss4j/dom/message/WSSecUsernameToken.java,119,0,0,0,0,0,0,0,0,0,0,0,0,0
ws-security-common/src/main/java/org/apache/wss4j/common/token/BinarySecurity.java,219,0,0,0,0,0,0,0,0,0,0,0,0,0
ws-security-common/src/main/java/org/apache/wss4j/common/token/SecurityTokenReference.java,495,0,0,0,0,0,0,0,0,0,0,0,0,0
ws-security-dom/src/test/java/org/apache/wss4j/dom/handler/CustomTokenTest.java,90,0,0,0,0,0,0,0,0,0,0,0,0,0
ws-security-dom/src/test/java/org/apache/wss4j/dom/message/CertErrorTest.java,47,0,0,0,0,0,0,0,0,0,0,0,0,0
ws-security-dom/src/test/java/org/apache/wss4j/dom/message/PasswordTypeTest.java,127,0,0,0,0,0,0,0,0,0,0,0,0,0
ws-security-dom/src/test/java/org/apache/wss4j/dom/message/SignatureAKITest.java,83,0,0,0,0,0,0,0,0,0,0,0,0,0
ws-security-common/src/test/java/org/apache/wss4j/common/crypto/SKITest.java,55,0,0,0,0,0,0,0,0,0,0,0,0,0
ws-security-dom/src/test/java/org/apache/wss4j/dom/saml/SamlAuthnTest.java,142,0,0,0,0,0,0,0,0,0,0,0,0,0
ws-security-dom/src/test/java/org/apache/wss4j/dom/saml/SamlTokenTest.java,1020,0,0,0,0,0,0,0,0,0,0,0,0,0
ws-security-dom/src/test/java/org/apache/wss4j/dom/validate/ValidatorTest.java,215,0,0,0,0,0,0,0,0,0,0,0,0,0
ws-security-dom/src/test/java/org/apache/wss4j/dom/common/CustomAction.java,18,0,0,0,0,0,0,0,0,0,0,0,0,0
ws-security-dom/src/test/java/org/apache/wss4j/dom/misc/PrincipalTest.java,254,0,0,0,0,0,0,0,0,0,0,0,0,0
ws-security-dom/src/test/java/org/apache/wss4j/dom/components/crypto/CryptoProviderTest.java,197,0,0,0,0,0,0,0,0,0,0,0,0,0
ws-security-dom/src/test/java/org/apache/wss4j/dom/components/crypto/CryptoTest.java,116,0,0,0,0,0,0,0,0,0,0,0,0,0
ws-security-dom/src/main/java/org/apache/wss4j/dom/message/token/SignatureConfirmation.java,77,0,0,0,0,0,0,0,0,0,0,0,0,0
ws-security-stax/src/test/java/org/apache/wss4j/stax/test/XOPAttachmentTest.java,139,0,0,0,0,0,0,0,0,0,0,0,0,0
ws-security-stax/src/test/java/org/apache/wss4j/stax/test/saml/SamlTokenDerivedTest.java,140,0,0,0,0,0,0,0,0,0,0,0,0,0
ws-security-dom/src/main/java/org/apache/wss4j/dom/handler/WSHandlerConstants.java,29,0,0,0,0,0,0,0,0,0,0,0,0,0
ws-security-dom/src/test/java/org/apache/wss4j/dom/common/KeystoreCallbackHandler.java,33,0,0,0,0,0,0,0,0,0,0,0,0,0
ws-security-dom/src/test/java/org/apache/wss4j/dom/common/UsernamePasswordCallbackHandler.java,30,0,0,0,0,0,0,0,0,0,0,0,0,0
ws-security-stax/src/main/java/org/apache/wss4j/stax/ext/WSSCrypto.java,91,0,0,0,0,0,0,0,0,0,0,0,0,0
ws-security-stax/src/main/java/org/apache/wss4j/stax/securityEvent/WSSecurityEventConstants.java,20,0,0,0,0,0,0,0,0,0,0,0,0,0
ws-security-stax/src/main/java/org/apache/wss4j/stax/setup/InboundWSSec.java,151,0,0,0,0,0,0,0,0,0,0,0,0,0
ws-security-stax/src/main/java/org/apache/wss4j/stax/impl/securityToken/ExternalSecurityTokenImpl.java,57,0,0,0,0,0,0,0,0,0,0,0,0,0
ws-security-stax/src/main/java/org/apache/wss4j/stax/impl/securityToken/KerberosClientSecurityToken.java,121,0,0,0,0,0,0,0,0,0,0,0,0,0
ws-security-common/src/main/java/org/apache/wss4j/common/crypto/CryptoType.java,59,0,0,0,0,0,0,0,0,0,0,0,0,0
ws-security-stax/src/main/java/org/apache/wss4j/stax/securityEvent/NoSecuritySecurityEvent.java,7,0,0,0,0,0,0,0,0,0,0,0,0,0
ws-security-common/src/main/java/org/apache/wss4j/common/kerberos/KerberosTokenDecoderException.java,13,0,0,0,0,0,0,0,0,0,0,0,0,0
ws-security-common/src/main/java/org/apache/wss4j/common/cache/MemoryReplayCache.java,69,0,0,0,0,0,0,0,0,0,0,0,0,0
ws-security-common/src/main/java/org/apache/wss4j/common/util/InetAddressUtils.java,45,0,0,0,0,0,0,0,0,0,0,0,0,0
ws-security-common/src/main/java/org/apache/wss4j/common/util/DateUtil.java,41,0,0,0,0,0,0,0,0,0,0,0,0,0
ws-security-common/src/main/java/org/apache/wss4j/common/util/WSCurrentTimeSource.java,7,0,0,0,0,0,0,0,0,0,0,0,0,0
ws-security-dom/src/main/java/org/apache/wss4j/dom/util/EncryptionUtils.java,410,0,0,0,0,0,0,0,0,0,0,0,0,0
ws-security-dom/src/main/java/org/apache/wss4j/dom/message/token/DerivedKeyToken.java,417,0,0,0,0,0,0,0,0,0,0,0,0,0
ws-security-dom/src/main/java/org/apache/wss4j/dom/validate/SamlAssertionValidator.java,185,0,0,0,0,0,0,0,0,0,0,0,0,0
ws-security-dom/src/main/java/org/apache/wss4j/dom/message/token/Timestamp.java,199,0,0,0,0,0,0,0,0,0,0,0,0,0
ws-security-dom/src/main/java/org/apache/wss4j/dom/message/token/UsernameToken.java,566,0,0,0,0,0,0,0,0,0,0,0,0,0
ws-security-dom/src/test/java/org/apache/wss4j/dom/message/TimestampTest.java,615,0,0,0,0,0,0,0,0,0,0,0,0,0
ws-security-stax/src/main/java/org/apache/wss4j/stax/securityEvent/TimestampSecurityEvent.java,22,0,0,0,0,0,0,0,0,0,0,0,0,0
ws-security-stax/src/main/java/org/apache/wss4j/stax/validate/SamlTokenValidatorImpl.java,184,0,0,0,0,0,0,0,0,0,0,0,0,0
ws-security-stax/src/main/java/org/apache/wss4j/stax/validate/TimestampValidatorImpl.java,55,0,0,0,0,0,0,0,0,0,0,0,0,0
ws-security-stax/src/main/java/org/apache/wss4j/stax/impl/processor/input/TimestampInputHandler.java,157,0,0,0,0,0,0,0,0,0,0,0,0,0
ws-security-stax/src/main/java/org/apache/wss4j/stax/impl/processor/input/UsernameTokenInputHandler.java,159,0,0,0,0,0,0,0,0,0,0,0,0,0
ws-security-stax/src/main/java/org/apache/wss4j/stax/impl/processor/output/TimestampOutputProcessor.java,45,0,0,0,0,0,0,0,0,0,0,0,0,0
ws-security-dom/src/main/java/org/apache/wss4j/dom/action/SAMLTokenSignedAction.java,101,0,0,0,1,0,0,0,0,0,0,0,0,0
ws-security-dom/src/main/java/org/apache/wss4j/dom/action/SignatureAction.java,136,0,0,0,0,0,1,0,0,0,0,0,0,0
ws-security-dom/src/main/java/org/apache/wss4j/dom/message/WSSecSignature.java,574,0,1,0,0,0,1,0,0,1,0,0,0,0
ws-security-dom/src/main/java/org/apache/wss4j/dom/saml/WSSecSignatureSAML.java,373,0,0,0,0,0,0,0,0,0,0,0,0,0
ws-security-dom/src/test/java/org/apache/wss4j/dom/saml/SignedSamlTokenHOKTest.java,594,0,0,0,0,0,0,0,0,0,0,0,0,0
ws-security-dom/src/test/java/org/apache/wss4j/dom/common/AbstractSAMLCallbackHandler.java,213,0,0,0,0,0,0,0,1,0,0,0,0,0
ws-security-common/src/main/java/org/apache/wss4j/common/token/DOMX509Data.java,39,0,0,0,0,0,0,0,0,0,0,0,0,0
ws-security-common/src/main/java/org/apache/wss4j/common/token/DOMX509IssuerSerial.java,59,0,0,0,0,0,0,0,0,0,0,0,0,0
ws-security-common/src/main/java/org/apache/wss4j/common/token/PKIPathSecurity.java,46,0,0,0,0,0,0,0,0,0,0,0,0,0
ws-security-common/src/main/java/org/apache/wss4j/common/token/TokenElementCallback.java,12,0,0,0,0,0,0,0,0,0,0,0,0,0
ws-security-dom/src/main/java/org/apache/wss4j/dom/validate/Credential.java,96,0,0,0,0,0,0,0,0,0,0,0,0,0
ws-security-stax/src/main/java/org/apache/wss4j/stax/impl/securityToken/SecureConversationSecurityTokenImpl.java,16,0,0,0,0,0,0,0,0,0,0,0,0,0
ws-security-policy-stax/src/main/java/org/apache/wss4j/policy/stax/PolicyConstants.java,3,0,0,0,0,0,0,0,0,0,0,0,0,0
ws-security-common/src/main/java/org/apache/wss4j/common/saml/bean/NameIDBean.java,90,0,0,0,0,0,0,0,0,0,0,0,0,0
ws-security-common/src/main/java/org/apache/wss4j/common/saml/bean/SubjectBean.java,126,0,0,0,0,0,0,0,0,0,0,0,0,0
ws-security-policy-stax/src/test/java/org/apache/wss4j/policy/stax/test/LayoutTest.java,3,0,0,0,0,0,0,0,0,0,0,0,0,0
ws-security-common/src/main/java/org/apache/wss4j/common/saml/builder/SAML2ComponentBuilder.java,584,0,0,0,0,0,0,0,0,0,0,0,0,0
ws-security-dom/src/test/java/org/apache/wss4j/dom/message/SignaturePartsTest.java,512,0,0,0,0,0,1,0,0,1,0,0,0,0
ws-security-stax/src/main/java/org/apache/wss4j/stax/impl/processor/input/BinarySecurityTokenInputHandler.java,95,0,0,0,0,0,0,0,0,0,0,0,0,0
ws-security-stax/src/main/java/org/apache/wss4j/stax/impl/processor/input/EncryptedDataInputHandler.java,65,0,0,0,0,0,0,0,0,0,0,0,0,0
ws-security-stax/src/main/java/org/apache/wss4j/stax/impl/processor/input/SecurityContextTokenInputHandler.java,77,0,0,0,0,0,0,0,0,0,0,0,0,0
ws-security-stax/src/main/java/org/apache/wss4j/stax/impl/processor/input/SignatureConfirmationInputHandler.java,33,0,0,0,0,0,0,0,0,0,0,0,0,0
ws-security-stax/src/main/java/org/apache/wss4j/stax/impl/processor/output/CustomTokenOutputProcessor.java,112,0,0,0,0,0,0,0,0,0,0,0,0,0
ws-security-stax/src/main/java/org/apache/wss4j/stax/impl/processor/output/SecurityContextTokenOutputProcessor.java,147,0,0,0,0,0,0,0,0,0,0,0,0,0
ws-security-stax/src/main/java/org/apache/wss4j/stax/impl/processor/output/SecurityHeaderOutputProcessor.java,170,0,0,0,0,0,0,0,0,0,0,0,0,0
policy/src/main/java/org/apache/wss4j/policy/builders/Trust10Builder.java,33,0,0,0,0,0,0,0,0,0,0,0,0,0
policy/src/main/java/org/apache/wss4j/policy/builders/Trust13Builder.java,32,0,0,0,0,0,0,0,0,0,0,0,0,0
ws-security-policy-stax/src/main/java/org/apache/wss4j/policy/stax/assertionStates/TokenAssertionState.java,230,0,0,0,0,0,0,0,0,0,0,0,0,0
ws-security-policy-stax/src/main/java/org/apache/wss4j/policy/stax/enforcer/PolicyEnforcer.java,650,0,0,0,0,0,0,0,0,0,0,0,0,0
ws-security-policy-stax/src/main/java/org/apache/wss4j/policy/stax/enforcer/PolicyEnforcerFactory.java,358,0,0,0,0,0,0,0,0,0,0,0,0,0
ws-security-common/src/test/java/org/apache/wss4j/common/cache/EHCacheManagerHolderTest.java,44,0,0,0,0,0,0,0,0,0,0,0,0,0
ws-security-common/src/main/java/org/apache/wss4j/common/saml/builder/SAML1ComponentBuilder.java,428,0,0,0,0,0,0,0,0,0,0,0,0,0
ws-security-dom/src/main/java/org/apache/wss4j/dom/str/SignatureSTRParser.java,371,0,0,0,0,0,0,0,0,0,0,0,0,0
ws-security-dom/src/test/java/org/apache/wss4j/dom/message/XOPAttachmentTest.java,461,0,0,0,0,0,0,0,0,0,0,0,0,0
ws-security-dom/src/test/java/org/apache/wss4j/dom/processor/EncryptedKeyDataRefTest.java,91,0,0,0,0,0,0,0,0,0,0,0,0,0
ws-security-dom/src/test/java/org/apache/wss4j/dom/processor/ReferenceListDataRefTest.java,91,0,0,0,0,0,0,0,0,0,0,0,0,0
ws-security-stax/src/main/java/org/apache/wss4j/stax/impl/InboundWSSecurityContextImpl.java,557,0,0,0,0,0,0,0,0,0,0,0,0,0
ws-security-common/src/main/java/org/apache/wss4j/common/EncryptionActionToken.java,38,0,0,0,0,0,0,0,0,0,0,0,0,0
ws-security-stax/src/main/java/org/apache/wss4j/stax/impl/securityToken/SamlSecurityTokenImpl.java,221,0,0,0,0,0,0,0,0,0,0,0,0,0
ws-security-stax/src/main/java/org/apache/wss4j/stax/impl/processor/input/SignatureConfirmationInputProcessor.java,67,0,0,0,0,0,0,0,0,0,0,0,0,0
ws-security-stax/src/main/java/org/apache/wss4j/stax/impl/processor/input/WSSSignatureInputHandler.java,142,0,0,0,0,0,0,0,0,0,0,0,0,0
ws-security-stax/src/main/java/org/apache/wss4j/stax/impl/processor/output/SAMLTokenOutputProcessor.java,402,0,0,0,0,0,0,0,0,0,0,0,0,0
ws-security-common/src/main/java/org/apache/wss4j/common/crypto/X509SubjectPublicKeyInfo.java,45,0,0,0,0,0,0,0,0,0,0,0,0,0
ws-security-common/src/main/java/org/apache/wss4j/common/derivedKey/AlgoFactory.java,15,0,0,0,0,0,0,0,0,0,0,0,0,0
ws-security-common/src/test/java/org/apache/wss4j/common/attachment/AttachmentTest.java,183,0,0,0,0,0,0,0,0,0,0,0,0,0
ws-security-common/src/main/java/org/apache/wss4j/common/token/Reference.java,91,0,0,0,0,0,0,0,0,0,0,0,0,0
ws-security-common/src/main/java/org/apache/wss4j/common/token/X509Security.java,64,0,0,0,0,0,0,0,0,0,0,0,0,0
ws-security-dom/src/main/java/org/apache/wss4j/dom/transform/AttachmentContentSignatureTransform.java,181,0,0,0,0,0,0,0,0,0,0,0,0,0
ws-security-dom/src/test/java/org/apache/wss4j/dom/common/CustomSamlAssertionValidator.java,55,0,0,0,0,0,0,0,0,0,0,0,0,0
ws-security-stax/src/main/java/org/apache/wss4j/stax/ext/WSSConfigurationException.java,20,0,0,0,0,0,0,0,0,0,0,0,0,0
ws-security-stax/src/main/java/org/apache/wss4j/stax/impl/transformer/AttachmentContentSignatureTransform.java,64,0,0,0,0,0,0,0,0,0,0,0,0,0
ws-security-policy-stax/src/main/java/org/apache/wss4j/policy/stax/assertionStates/IssuedTokenAssertionState.java,225,0,0,0,0,0,0,0,0,0,0,0,0,0
ws-security-stax/src/main/java/org/apache/wss4j/stax/securityEvent/SignatureConfirmationSecurityEvent.java,14,0,0,0,0,0,0,0,0,0,0,0,0,0
integration/src/test/java/org/apache/wss4j/integration/test/kerberos/KerberosTest.java,952,0,0,0,0,0,0,0,0,0,0,0,0,0
ws-security-dom/src/test/java/org/apache/wss4j/dom/message/TestMessageTransformer.java,315,0,0,0,0,0,0,0,0,0,0,0,0,0
ws-security-policy-stax/src/test/java/org/apache/wss4j/policy/stax/test/AbstractPolicyTestBase.java,153,0,0,0,0,0,0,0,0,0,0,0,0,0
ws-security-dom/src/main/java/org/apache/wss4j/dom/message/Encryptor.java,468,0,0,0,0,0,0,0,0,0,0,0,0,0
ws-security-dom/src/main/java/org/apache/wss4j/dom/message/WSSecHeader.java,114,0,0,0,0,0,0,0,0,0,0,0,0,0
ws-security-dom/src/main/java/org/apache/wss4j/dom/message/WSSecSignatureBase.java,262,0,0,0,0,0,0,0,0,0,0,0,0,0
ws-security-dom/src/test/java/org/apache/wss4j/dom/saml/SamlTokenActionTest.java,179,0,0,0,0,0,0,0,0,0,0,0,0,0
ws-security-dom/src/test/java/org/apache/wss4j/dom/common/SOAPUtil.java,43,0,0,0,0,0,0,0,0,0,0,0,0,0
ws-security-dom/src/main/java/org/apache/wss4j/dom/message/token/SecurityContextToken.java,158,0,0,0,0,0,0,0,0,0,0,0,0,0
ws-security-dom/src/main/java/org/apache/wss4j/dom/action/SignatureConfirmationAction.java,61,0,0,0,0,0,0,0,0,0,0,0,0,0
ws-security-dom/src/main/java/org/apache/wss4j/dom/engine/WSSecurityEngine.java,171,0,0,0,0,0,0,0,0,0,0,0,0,0
ws-security-stax/src/main/java/org/apache/wss4j/stax/impl/securityToken/DsaKeyValueSecurityTokenImpl.java,64,0,0,0,0,0,0,0,0,0,0,0,0,0
ws-security-stax/src/main/java/org/apache/wss4j/stax/impl/securityToken/ECKeyValueSecurityTokenImpl.java,65,0,0,0,0,0,0,0,0,0,0,0,0,0
ws-security-stax/src/main/java/org/apache/wss4j/stax/impl/securityToken/RsaKeyValueSecurityTokenImpl.java,64,0,0,0,0,0,0,0,0,0,0,0,0,0
policy/src/main/java/org/apache/wss4j/policy/builders/BootstrapPolicyBuilder.java,28,0,0,0,0,0,0,0,0,0,0,0,0,0
ws-security-dom/src/main/java/org/apache/wss4j/dom/str/STRParserUtil.java,262,0,0,0,0,0,0,0,0,0,0,0,0,0
ws-security-dom/src/main/java/org/apache/wss4j/dom/transform/STRTransformUtil.java,80,0,0,0,0,0,0,0,0,0,0,0,0,0
ws-security-dom/src/main/java/org/apache/wss4j/dom/util/X509Util.java,124,0,0,0,0,0,0,0,0,0,0,0,0,0
policy/src/main/java/org/apache/wss4j/policy/model/BootstrapPolicy.java,25,0,0,0,0,0,0,0,0,0,0,0,0,0
policy/src/test/java/org/apache/wss4j/policy/tests/AbstractTestBase.java,95,0,0,0,0,0,0,0,0,0,0,0,0,0
ws-security-common/src/test/java/org/apache/wss4j/common/crypto/AuthorityKeyIdentifierTest.java,60,0,0,0,0,0,0,0,0,0,0,0,0,0
ws-security-common/src/main/java/org/apache/wss4j/common/WSEncryptionPart.java,69,0,0,0,0,0,0,0,0,0,0,0,0,0
ws-security-dom/src/main/java/org/apache/wss4j/dom/handler/HandlerAction.java,27,0,0,0,0,0,0,0,0,0,0,0,0,0
ws-security-common/src/main/java/org/apache/wss4j/common/cache/ReplayCacheFactory.java,45,0,0,0,0,0,0,0,0,0,0,0,0,0
ws-security-common/src/main/java/org/apache/wss4j/common/saml/SAMLCallback.java,192,0,0,0,0,0,0,0,0,0,0,0,0,0
ws-security-dom/src/test/java/org/apache/wss4j/dom/common/SAML2CallbackHandler.java,71,0,0,0,0,0,0,0,0,0,0,0,0,0
ws-security-common/src/main/java/org/apache/wss4j/common/principal/CustomTokenPrincipal.java,28,0,0,0,0,0,0,0,0,0,0,0,0,0
ws-security-dom/src/test/java/org/apache/wss4j/dom/message/AttachmentCallbackHandler.java,66,0,0,0,0,0,0,0,0,0,0,0,0,0
ws-security-common/src/main/java/org/apache/wss4j/common/util/WSTimeSource.java,5,0,0,0,0,0,0,0,0,0,0,0,0,0
policy/src/main/java/org/apache/wss4j/policy/SPConstants.java,329,0,0,0,0,0,0,0,0,0,0,0,0,0
policy/src/main/java/org/apache/wss4j/policy/SPUtils.java,176,0,0,0,0,0,0,0,0,0,0,0,0,0
policy/src/main/java/org/apache/wss4j/policy/builders/ContentEncryptedElementsBuilder.java,28,0,0,0,0,0,0,0,0,0,0,0,0,0
policy/src/main/java/org/apache/wss4j/policy/builders/EncryptionTokenBuilder.java,32,0,0,0,0,0,0,0,0,0,0,0,0,0
policy/src/main/java/org/apache/wss4j/policy/builders/InitiatorEncryptionTokenBuilder.java,32,0,0,0,0,0,0,0,0,0,0,0,0,0
policy/src/main/java/org/apache/wss4j/policy/builders/InitiatorSignatureTokenBuilder.java,32,0,0,0,0,0,0,0,0,0,0,0,0,0
policy/src/main/java/org/apache/wss4j/policy/builders/InitiatorTokenBuilder.java,32,0,0,0,0,0,0,0,0,0,0,0,0,0
policy/src/main/java/org/apache/wss4j/policy/builders/IssuedTokenBuilder.java,51,0,0,0,0,0,0,0,0,0,0,0,0,0
policy/src/main/java/org/apache/wss4j/policy/builders/ProtectionTokenBuilder.java,32,0,0,0,0,0,0,0,0,0,0,0,0,0
policy/src/main/java/org/apache/wss4j/policy/builders/RecipientEncryptionTokenBuilder.java,32,0,0,0,0,0,0,0,0,0,0,0,0,0
policy/src/main/java/org/apache/wss4j/policy/builders/RecipientSignatureTokenBuilder.java,32,0,0,0,0,0,0,0,0,0,0,0,0,0
policy/src/main/java/org/apache/wss4j/policy/builders/RecipientTokenBuilder.java,32,0,0,0,0,0,0,0,0,0,0,0,0,0
policy/src/main/java/org/apache/wss4j/policy/builders/RelTokenBuilder.java,46,0,0,0,0,0,0,0,0,0,0,0,0,0
policy/src/main/java/org/apache/wss4j/policy/builders/RequiredPartsBuilder.java,53,0,0,0,0,0,0,0,0,0,0,0,0,0
policy/src/main/java/org/apache/wss4j/policy/builders/SignatureTokenBuilder.java,32,0,0,0,0,0,0,0,0,0,0,0,0,0
policy/src/main/java/org/apache/wss4j/policy/builders/SignedElementsBuilder.java,89,0,0,0,0,0,0,0,0,0,0,0,0,0
policy/src/main/java/org/apache/wss4j/policy/builders/SignedPartsBuilder.java,49,0,0,0,0,0,0,0,0,0,0,0,0,0
policy/src/main/java/org/apache/wss4j/policy/builders/SupportingTokensBuilder.java,47,0,0,0,0,0,0,0,0,0,0,0,0,0
policy/src/main/java/org/apache/wss4j/policy/builders/TransportTokenBuilder.java,32,0,0,0,0,0,0,0,0,0,0,0,0,0
policy/src/main/java/org/apache/wss4j/policy/builders/WSS10Builder.java,32,0,0,0,0,0,0,0,0,0,0,0,0,0
policy/src/main/java/org/apache/wss4j/policy/builders/WSS11Builder.java,32,0,0,0,0,0,0,0,0,0,0,0,0,0
ws-security-stax/src/main/java/org/apache/wss4j/stax/securityToken/SamlSecurityToken.java,5,0,0,0,0,0,0,0,0,0,0,0,0,0
ws-security-common/src/main/java/org/apache/wss4j/common/cache/EHCacheManagerHolder.java,134,0,0,0,0,0,0,0,0,0,0,0,0,0
ws-security-common/src/main/java/org/apache/wss4j/common/crypto/WSS4JResourceBundle.java,46,0,0,0,0,0,0,0,0,0,0,0,0,0
ws-security-dom/src/main/java/org/apache/wss4j/dom/saml/DOMSAMLUtil.java,199,0,0,0,0,0,0,0,0,0,0,0,0,0
bindings/src/main/java/org/apache/wss4j/binding/wssc13/PropertiesType.java,25,0,0,0,0,0,0,0,0,0,0,0,0,0
bindings/src/main/java/org/apache/wss4j/binding/wssc200502/PropertiesType.java,25,0,0,0,0,0,0,0,0,0,0,0,0,0
ws-security-common/src/main/java/org/apache/wss4j/common/saml/bean/AttributeStatementBean.java,56,0,0,0,0,0,0,0,0,0,0,0,0,0
ws-security-dom/src/test/java/org/apache/wss4j/dom/handler/UseReqSigCertTest.java,167,0,0,0,0,0,0,0,0,0,0,0,0,0
ws-security-dom/src/test/java/org/apache/wss4j/dom/message/token/WCFUsernameTokenTest.java,93,0,0,0,0,0,0,0,0,0,0,0,0,0
ws-security-stax/src/main/java/org/apache/wss4j/stax/setup/ConfigurationConverter.java,680,0,0,0,0,0,0,0,0,0,0,0,0,0
ws-security-stax/src/test/java/org/apache/wss4j/stax/test/DerivedKeyTokenTest.java,863,0,0,0,0,0,0,0,0,0,0,0,0,0
ws-security-stax/src/test/java/org/apache/wss4j/stax/test/HeaderOrderingTest.java,634,0,0,0,0,0,0,0,0,0,0,0,0,0
ws-security-stax/src/test/java/org/apache/wss4j/stax/test/InteroperabilityTest.java,1113,0,0,0,0,0,0,0,0,0,0,0,0,0
ws-security-stax/src/test/java/org/apache/wss4j/stax/test/SecurityContextTokenTest.java,910,0,0,0,0,0,0,0,0,0,0,0,0,0
ws-security-stax/src/test/java/org/apache/wss4j/stax/test/SignatureConfirmationTest.java,321,0,0,0,0,0,0,0,0,0,0,0,0,0
ws-security-stax/src/test/java/org/apache/wss4j/stax/test/SignatureEncryptionTest.java,325,0,0,0,0,0,0,0,0,0,0,0,0,0
ws-security-stax/src/test/java/org/apache/wss4j/stax/test/saml/SamlConditionsTest.java,564,0,0,0,0,0,0,0,0,0,0,0,0,0
ws-security-stax/src/test/java/org/apache/wss4j/stax/test/saml/SAMLTokenHOKTest.java,799,0,0,0,0,0,0,0,0,0,0,0,0,0
ws-security-stax/src/test/java/org/apache/wss4j/stax/test/saml/SAMLTokenReferenceTest.java,608,0,0,0,0,0,0,0,0,0,0,0,0,0
ws-security-stax/src/test/java/org/apache/wss4j/stax/test/saml/SAMLTokenSVTest.java,434,0,0,0,0,0,0,0,0,0,0,0,0,0
ws-security-common/src/main/java/org/apache/wss4j/common/WSS4JConstants.java,202,0,0,0,0,0,0,0,0,0,0,0,0,0
ws-security-common/src/main/java/org/apache/wss4j/common/crypto/BouncyCastleUtils.java,30,0,0,0,0,0,0,0,0,0,0,0,0,0
ws-security-dom/src/main/java/org/apache/wss4j/dom/util/WSSecurityUtil.java,507,0,0,1,0,1,0,0,0,0,0,0,0,0
ws-security-common/src/main/java/org/apache/wss4j/common/principal/SAMLTokenPrincipal.java,8,0,0,0,0,0,0,0,0,0,0,0,0,0
ws-security-common/src/main/java/org/apache/wss4j/common/principal/SAMLTokenPrincipalImpl.java,27,0,0,0,0,0,0,0,0,0,0,0,0,0
ws-security-common/src/main/java/org/apache/wss4j/common/principal/UsernameTokenPrincipal.java,9,0,0,0,0,0,0,0,0,0,0,0,0,0
ws-security-common/src/main/java/org/apache/wss4j/common/principal/WSUsernameTokenPrincipalImpl.java,98,0,0,0,0,0,0,0,0,0,0,0,0,0
ws-security-dom/src/main/java/org/apache/wss4j/dom/transform/STRTransformProvider.java,13,0,0,0,0,0,0,0,0,0,0,0,0,0
ws-security-stax/src/main/java/org/apache/wss4j/stax/securityToken/UsernameSecurityToken.java,13,0,0,0,0,0,0,0,0,0,0,0,0,0
ws-security-stax/src/main/java/org/apache/wss4j/stax/securityEvent/OperationSecurityEvent.java,15,0,0,0,0,0,0,0,0,0,0,0,0,0
ws-security-stax/src/main/java/org/apache/wss4j/stax/securityEvent/RequiredElementSecurityEvent.java,7,0,0,0,0,0,0,0,0,0,0,0,0,0
ws-security-stax/src/main/java/org/apache/wss4j/stax/securityEvent/RequiredPartSecurityEvent.java,7,0,0,0,0,0,0,0,0,0,0,0,0,0
ws-security-stax/src/main/java/org/apache/wss4j/stax/validate/TimestampValidator.java,6,0,0,0,0,0,0,0,0,0,0,0,0,0
ws-security-stax/src/main/java/org/apache/wss4j/stax/validate/Validator.java,3,0,0,0,0,0,0,0,0,0,0,0,0,0
ws-security-stax/src/main/java/org/apache/wss4j/stax/impl/processor/input/DecryptInputProcessor.java,335,0,0,0,0,0,0,0,0,0,0,0,0,0
ws-security-stax/src/main/java/org/apache/wss4j/stax/impl/processor/input/WSSEncryptedKeyInputHandler.java,83,0,0,0,0,0,0,0,0,0,0,0,0,0
performance/src/test/java/org/apache/wss4j/performance/PerformanceTimingTest.java,255,0,0,0,0,0,0,0,0,0,0,0,0,0
policy/src/main/java/org/apache/wss4j/policy/SP11Constants.java,577,0,0,0,0,0,0,0,0,0,0,0,0,0
policy/src/main/java/org/apache/wss4j/policy/SP12Constants.java,615,0,0,0,0,0,0,0,0,0,0,0,0,0
policy/src/main/java/org/apache/wss4j/policy/SP13Constants.java,58,0,0,0,0,0,0,0,0,0,0,0,0,0
ws-security-dom/src/test/java/org/apache/wss4j/dom/handler/CustomActionProcessorTest.java,186,0,0,0,0,0,0,0,0,0,0,0,0,0
ws-security-dom/src/test/java/org/apache/wss4j/dom/handler/SecurityActionTokenTest.java,502,0,0,0,0,0,0,0,0,0,0,0,0,0
ws-security-dom/src/test/java/org/apache/wss4j/dom/handler/SignatureConfirmationTest.java,244,0,0,0,0,0,0,0,0,0,0,0,0,0
ws-security-dom/src/test/java/org/apache/wss4j/dom/message/AttachmentTest.java,909,0,0,0,0,0,0,0,0,0,0,0,0,0
ws-security-dom/src/test/java/org/apache/wss4j/dom/message/DerivedKeyActionTest.java,479,0,0,0,0,0,0,0,0,0,0,0,0,0
ws-security-dom/src/test/java/org/apache/wss4j/dom/message/DerivedKeyTest.java,239,0,0,0,0,0,0,0,0,0,0,0,0,0
ws-security-dom/src/test/java/org/apache/wss4j/dom/message/EncryptedDataInHeaderTest.java,80,0,0,0,0,0,0,0,0,0,0,0,0,0
ws-security-dom/src/test/java/org/apache/wss4j/dom/message/EncryptionAlgorithmSuiteTest.java,213,0,0,0,0,0,0,0,0,0,0,0,0,0
ws-security-dom/src/test/java/org/apache/wss4j/dom/message/EncryptionCRLTest.java,110,0,0,0,0,0,0,0,0,0,0,0,0,0
ws-security-dom/src/test/java/org/apache/wss4j/dom/message/EncryptionGCMTest.java,160,0,0,0,0,0,0,0,0,0,0,0,0,0
ws-security-dom/src/test/java/org/apache/wss4j/dom/message/EncryptionPartsTest.java,436,0,0,0,0,0,0,0,0,0,0,0,0,0
ws-security-dom/src/test/java/org/apache/wss4j/dom/message/EncryptionTest.java,553,0,0,0,0,0,0,0,0,0,0,0,0,0
ws-security-dom/src/test/java/org/apache/wss4j/dom/message/NoSoapPrefixSignatureTest.java,51,0,0,0,0,0,0,0,0,0,0,0,0,0
ws-security-dom/src/test/java/org/apache/wss4j/dom/message/PasswordEncryptorTest.java,139,0,0,0,0,0,0,0,0,0,0,0,0,0
ws-security-dom/src/test/java/org/apache/wss4j/dom/message/ReplayTest.java,406,0,0,0,0,0,0,0,0,0,0,0,0,0
ws-security-dom/src/test/java/org/apache/wss4j/dom/message/SecurityContextTokenTest.java,253,0,0,0,0,0,0,0,0,0,0,0,0,0
ws-security-dom/src/test/java/org/apache/wss4j/dom/message/SignatureAlgorithmSuiteTest.java,224,0,0,0,0,0,0,0,0,0,0,0,0,0
ws-security-dom/src/test/java/org/apache/wss4j/dom/message/SignatureCertConstraintsTest.java,98,0,0,0,0,0,0,0,0,0,0,0,0,0
ws-security-dom/src/test/java/org/apache/wss4j/dom/message/SignatureCertTest.java,263,0,0,0,0,0,0,0,0,0,0,0,0,0
ws-security-dom/src/test/java/org/apache/wss4j/dom/message/SignatureCRLTest.java,115,0,0,0,0,0,0,0,0,0,0,0,0,0
ws-security-dom/src/test/java/org/apache/wss4j/dom/message/SignatureEncryptionTest.java,351,0,0,0,0,0,0,0,0,0,0,0,0,0
ws-security-dom/src/test/java/org/apache/wss4j/dom/message/SignatureIssuerCertConstraintsTest.java,98,0,0,0,0,0,0,0,0,0,0,0,0,0
ws-security-dom/src/test/java/org/apache/wss4j/dom/message/SignatureKeyValueTest.java,120,0,0,0,0,0,0,0,0,0,0,0,0,0
ws-security-dom/src/test/java/org/apache/wss4j/dom/message/SignedBSTTest.java,126,0,0,0,0,0,0,0,0,0,0,0,0,0
ws-security-dom/src/test/java/org/apache/wss4j/dom/message/SKISignatureTest.java,96,0,0,0,0,0,0,0,0,0,0,0,0,0
ws-security-dom/src/test/java/org/apache/wss4j/dom/message/STRSignatureTest.java,163,0,0,0,0,0,0,0,0,0,0,0,0,0
ws-security-dom/src/test/java/org/apache/wss4j/dom/message/SymmetricSignatureTest.java,189,0,0,0,0,0,0,0,0,0,0,0,0,0
ws-security-dom/src/test/java/org/apache/wss4j/dom/message/UTDerivedKeyTest.java,588,0,0,0,0,0,0,0,0,0,0,0,0,0
ws-security-dom/src/test/java/org/apache/wss4j/dom/message/UTSignatureTest.java,187,0,0,0,0,0,0,0,0,0,0,0,0,0
ws-security-dom/src/test/java/org/apache/wss4j/dom/saml/SamlAlgorithmSuiteTest.java,151,0,0,0,0,0,0,0,0,0,0,0,0,0
ws-security-dom/src/test/java/org/apache/wss4j/dom/saml/SamlNegativeTest.java,304,0,0,0,0,0,0,0,0,0,0,0,0,0
ws-security-dom/src/test/java/org/apache/wss4j/dom/saml/SamlReferenceTest.java,714,0,0,0,0,0,0,0,0,0,0,0,0,0
ws-security-dom/src/test/java/org/apache/wss4j/dom/saml/SamlTokenDerivedTest.java,148,0,0,0,0,0,0,0,0,0,0,0,0,0
ws-security-dom/src/test/java/org/apache/wss4j/dom/saml/SamlTokenHOKTest.java,184,0,0,0,0,0,0,0,0,0,0,0,0,0
ws-security-dom/src/test/java/org/apache/wss4j/dom/saml/SamlTokenSVTest.java,263,0,0,0,0,0,0,0,0,0,0,0,0,0
ws-security-dom/src/test/java/org/apache/wss4j/dom/common/CustomCrypto.java,22,0,0,0,0,0,0,0,0,0,0,0,0,0
ws-security-dom/src/test/java/org/apache/wss4j/dom/common/SecretKeyCallbackHandler.java,43,0,0,0,0,0,0,0,0,0,0,0,0,0
ws-security-dom/src/test/java/org/apache/wss4j/dom/misc/FaultCodeTest.java,153,0,0,0,0,0,0,0,0,0,0,0,0,0
ws-security-dom/src/test/java/org/apache/wss4j/dom/message/token/BinarySecurityTokenTest.java,128,0,0,0,0,0,0,0,0,0,0,0,0,0
ws-security-dom/src/test/java/org/apache/wss4j/dom/message/token/BSTKerberosTest.java,315,0,0,0,0,0,0,0,0,0,0,0,0,0
ws-security-dom/src/test/java/org/apache/wss4j/dom/saml/ext/AssertionSigningTest.java,109,0,0,0,0,0,0,0,0,0,0,0,0,0
ws-security-dom/src/test/java/org/apache/wss4j/dom/components/crypto/CertificateStoreTest.java,192,0,0,0,0,0,0,0,0,0,0,0,0,0
ws-security-stax/src/main/java/org/apache/wss4j/stax/impl/securityToken/X509DefaultSecurityTokenImpl.java,22,0,0,0,0,0,0,0,0,0,0,0,0,0
ws-security-stax/src/main/java/org/apache/wss4j/stax/impl/securityToken/X509IssuerSerialTokenImpl.java,47,0,0,0,0,0,0,0,0,0,0,0,0,0
ws-security-stax/src/main/java/org/apache/wss4j/stax/impl/securityToken/X509SKISecurityTokenImpl.java,38,0,0,0,0,0,0,0,0,0,0,0,0,0
ws-security-stax/src/main/java/org/apache/wss4j/stax/impl/securityToken/X509ThumbprintSHA1SecurityTokenImpl.java,38,0,0,0,0,0,0,0,0,0,0,0,0,0
ws-security-stax/src/main/java/org/apache/wss4j/stax/impl/processor/input/DerivedKeyTokenInputHandler.java,142,0,0,0,0,0,0,0,0,0,0,0,0,0
ws-security-stax/src/main/java/org/apache/wss4j/stax/impl/processor/input/SecurityTokenReferenceInputHandler.java,155,0,0,0,0,0,0,0,0,0,0,0,0,0
ws-security-stax/src/main/java/org/apache/wss4j/stax/impl/processor/output/WSSSignatureEndingOutputProcessor.java,235,0,0,0,0,0,0,0,0,0,0,0,0,0
ws-security-stax/src/test/java/org/apache/wss4j/stax/test/CallbackHandlerImpl.java,98,0,0,0,0,0,0,0,0,0,0,0,0,0
ws-security-stax/src/test/java/org/apache/wss4j/stax/test/saml/SAMLCallbackHandlerImpl.java,258,0,0,0,0,0,0,0,0,0,0,0,0,0
policy/src/main/java/org/apache/wss4j/policy/model/AbstractSecuredParts.java,92,0,0,0,0,0,0,0,0,0,0,0,0,0
ws-security-policy-stax/src/main/java/org/apache/wss4j/policy/stax/PolicyUtils.java,30,0,0,0,0,0,0,0,0,0,0,0,0,0
ws-security-common/src/main/java/org/apache/wss4j/common/crypto/PasswordEncryptor.java,5,0,0,0,0,0,0,0,0,0,0,0,0,0
ws-security-common/src/main/java/org/apache/wss4j/common/kerberos/KerberosContextAndServiceNameCallback.java,32,0,0,0,0,0,0,0,0,0,0,0,0,0
ws-security-common/src/main/java/org/apache/wss4j/common/kerberos/KerberosServiceContext.java,42,0,0,0,0,0,0,0,0,0,0,0,0,0
ws-security-common/src/main/java/org/apache/wss4j/common/NamePasswordCallbackHandler.java,60,0,0,0,0,0,0,0,0,0,0,0,0,0
policy/src/main/java/org/apache/wss4j/policy/builders/AsymmetricBindingBuilder.java,34,0,0,0,0,0,0,0,0,0,0,0,0,0
policy/src/main/java/org/apache/wss4j/policy/builders/EncryptedElementsBuilder.java,28,0,0,0,0,0,0,0,0,0,0,0,0,0
policy/src/main/java/org/apache/wss4j/policy/builders/EncryptedPartsBuilder.java,31,0,0,0,0,0,0,0,0,0,0,0,0,0
policy/src/main/java/org/apache/wss4j/policy/builders/LayoutBuilder.java,34,0,0,0,0,0,0,0,0,0,0,0,0,0
policy/src/main/java/org/apache/wss4j/policy/builders/RequiredElementsBuilder.java,28,0,0,0,0,0,0,0,0,0,0,0,0,0
policy/src/main/java/org/apache/wss4j/policy/builders/SymmetricBindingBuilder.java,34,0,0,0,0,0,0,0,0,0,0,0,0,0
policy/src/main/java/org/apache/wss4j/policy/builders/TransportBindingBuilder.java,34,0,0,0,0,0,0,0,0,0,0,0,0,0
ws-security-dom/src/test/java/org/apache/wss4j/dom/saml/SamlConditionsTest.java,565,0,0,0,0,0,0,0,0,0,0,0,0,1
ws-security-common/src/main/java/org/apache/wss4j/common/crypto/CertificateStore.java,255,0,0,0,0,0,0,0,0,0,0,1,0,0
ws-security-common/src/main/java/org/apache/wss4j/common/cache/EHCacheReplayCache.java,108,0,0,0,0,0,0,0,0,0,0,0,0,0
ws-security-common/src/main/java/org/apache/wss4j/common/saml/bean/KeyInfoBean.java,89,0,0,0,0,0,0,0,0,0,0,0,0,0
ws-security-common/src/main/java/org/apache/wss4j/common/saml/bean/ProxyRestrictionBean.java,50,0,0,0,0,0,0,0,0,0,0,0,0,0
ws-security-dom/src/main/java/org/apache/wss4j/dom/WSDocInfo.java,222,0,0,0,0,0,0,0,0,0,0,0,0,0
ws-security-common/src/main/java/org/apache/wss4j/common/ext/WSPasswordCallback.java,93,0,0,0,0,0,0,0,0,0,0,0,0,0
ws-security-common/src/main/java/org/apache/wss4j/common/saml/OpenSAMLUtil.java,209,0,0,0,0,0,0,0,0,0,0,0,0,0
ws-security-common/src/main/java/org/apache/wss4j/common/ConfigurationConstants.java,96,0,0,0,0,0,0,0,0,0,0,0,0,0
ws-security-dom/src/main/java/org/apache/wss4j/dom/action/EncryptionAction.java,96,0,0,0,0,0,0,0,0,0,0,0,0,0
ws-security-dom/src/main/java/org/apache/wss4j/dom/action/EncryptionDerivedAction.java,105,0,0,0,0,0,0,0,0,0,0,0,0,0
ws-security-dom/src/main/java/org/apache/wss4j/dom/action/SAMLTokenUnsignedAction.java,46,0,0,0,0,0,0,0,0,0,0,0,0,0
ws-security-dom/src/main/java/org/apache/wss4j/dom/action/SignatureDerivedAction.java,132,0,0,0,0,0,0,0,0,0,0,0,0,0
ws-security-dom/src/main/java/org/apache/wss4j/dom/action/TimestampAction.java,19,0,0,0,0,0,0,0,0,0,0,0,0,0
ws-security-dom/src/main/java/org/apache/wss4j/dom/action/UsernameTokenAction.java,43,0,0,0,0,0,0,0,0,0,0,0,0,0
ws-security-dom/src/main/java/org/apache/wss4j/dom/action/UsernameTokenSignedAction.java,84,0,0,0,0,0,0,0,0,0,0,0,0,0
ws-security-stax/src/test/java/org/apache/wss4j/stax/test/PrincipalTest.java,257,0,0,0,0,0,0,0,0,0,0,0,0,0
ws-security-common/src/main/java/org/apache/wss4j/common/ext/AttachmentResultCallback.java,18,0,0,0,0,0,0,0,0,0,0,0,0,0
ws-security-common/src/main/java/org/apache/wss4j/common/SecurityActionToken.java,11,0,0,0,0,0,0,0,0,0,0,0,0,0
ws-security-dom/src/test/java/org/apache/wss4j/dom/common/CombinedCallbackHandler.java,32,0,0,0,0,0,0,0,0,0,0,0,0,0
ws-security-common/src/main/java/org/apache/wss4j/common/SignatureEncryptionActionToken.java,154,0,0,0,0,0,0,0,0,0,0,0,0,0
ws-security-stax/src/test/java/org/apache/wss4j/stax/test/EncryptionCRLTest.java,82,0,0,0,0,0,0,0,0,0,0,0,0,0
ws-security-stax/src/test/java/org/apache/wss4j/stax/test/SignatureCRLTest.java,94,0,0,0,0,0,0,0,0,0,0,0,0,0
ws-security-stax/src/test/java/org/apache/wss4j/stax/test/saml/SamlAuthnTest.java,141,0,0,0,0,0,0,0,0,0,0,0,0,0
ws-security-stax/src/test/java/org/apache/wss4j/stax/test/saml/SAMLTokenNegativeTest.java,202,0,0,0,0,0,0,0,0,0,0,0,0,0
ws-security-stax/src/test/java/org/apache/wss4j/stax/test/utils/StAX2DOM.java,175,0,0,0,0,0,0,0,0,0,0,0,0,0
ws-security-common/src/main/java/org/apache/wss4j/common/crypto/JasyptPasswordEncryptor.java,60,0,0,0,0,0,0,0,0,0,0,0,0,0
ws-security-dom/src/test/java/org/apache/wss4j/dom/message/RequireSignedEncryptedDataElementsTest.java,292,0,0,0,0,0,0,0,0,0,0,0,0,0
ws-security-dom/src/test/java/org/apache/wss4j/dom/saml/SamlTokenCustomSignatureTest.java,274,0,0,0,0,0,0,0,1,0,0,0,0,0
ws-security-stax/src/main/java/org/apache/wss4j/stax/ext/WSSConstants.java,204,0,0,0,0,0,0,0,0,0,0,0,0,0
ws-security-stax/src/main/java/org/apache/wss4j/stax/securityToken/WSSecurityTokenConstants.java,45,0,0,0,0,0,0,0,0,0,0,0,0,0
ws-security-common/src/main/java/org/apache/wss4j/common/cache/EHCacheReplayCacheFactory.java,8,0,0,0,0,0,0,0,0,0,0,0,0,0
ws-security-common/src/main/java/org/apache/wss4j/common/cache/MemoryReplayCacheFactory.java,6,0,0,0,0,0,0,0,0,0,0,0,0,0
ws-security-common/src/main/java/org/apache/wss4j/common/derivedKey/ConversationConstants.java,82,0,0,0,0,0,0,0,0,0,0,0,0,0
ws-security-common/src/main/java/org/apache/wss4j/common/kerberos/KerberosClientExceptionAction.java,96,0,0,0,0,0,0,0,0,0,0,0,0,0
ws-security-common/src/main/java/org/apache/wss4j/common/kerberos/KerberosContext.java,60,0,0,0,0,0,0,0,0,0,0,0,0,0
ws-security-common/src/main/java/org/apache/wss4j/common/kerberos/KerberosServiceExceptionAction.java,91,0,0,0,0,0,0,0,0,0,0,0,0,0
ws-security-dom/src/main/java/org/apache/wss4j/dom/callback/CallbackLookup.java,15,0,0,0,0,0,0,0,0,0,0,0,0,0
ws-security-dom/src/main/java/org/apache/wss4j/dom/engine/WSSecurityEngineResult.java,150,0,0,0,0,0,0,0,0,0,0,0,0,0
ws-security-dom/src/test/java/org/apache/wss4j/dom/message/ModifiedRequestTest.java,458,0,0,0,0,0,0,0,0,0,0,0,0,0
ws-security-dom/src/main/java/org/apache/wss4j/dom/handler/WSHandlerResult.java,24,0,0,0,0,0,0,0,0,0,0,0,0,0
ws-security-dom/src/test/java/org/apache/wss4j/dom/common/CustomHandler.java,88,0,0,0,0,0,0,0,0,0,0,0,0,0
ws-security-stax/src/main/java/org/apache/wss4j/stax/impl/transformer/STRTransformer.java,26,0,0,0,0,0,0,0,0,0,0,0,0,0
ws-security-dom/src/main/java/org/apache/wss4j/dom/SOAP11Constants.java,26,0,0,0,0,0,0,0,0,0,0,0,0,0
ws-security-dom/src/main/java/org/apache/wss4j/dom/callback/DOMCallbackLookup.java,86,0,0,0,0,0,0,0,0,0,0,0,0,0
ws-security-common/src/main/java/org/apache/wss4j/common/util/CRLFOutputStream.java,56,0,0,0,0,0,0,0,0,0,0,0,0,0
ws-security-dom/src/main/java/org/apache/wss4j/dom/transform/AttachmentCompleteSignatureTransform.java,61,0,0,0,0,0,0,0,0,0,0,0,0,0
ws-security-dom/src/main/java/org/apache/wss4j/dom/transform/STRTransform.java,182,0,0,0,0,0,0,0,0,0,0,0,0,0
ws-security-dom/src/main/java/org/apache/wss4j/dom/resolvers/ResolverAttachment.java,28,0,0,0,0,0,0,0,0,0,0,0,0,0
ws-security-dom/src/main/java/org/apache/wss4j/dom/transform/AttachmentCiphertextTransform.java,9,0,0,0,0,0,0,0,0,0,0,0,0,0
ws-security-dom/src/main/java/org/apache/wss4j/dom/transform/AttachmentCompleteSignatureTransformProvider.java,13,0,0,0,0,0,0,0,0,0,0,0,0,0
ws-security-dom/src/main/java/org/apache/wss4j/dom/transform/AttachmentContentSignatureTransformProvider.java,13,0,0,0,0,0,0,0,0,0,0,0,0,0
ws-security-dom/src/main/java/org/apache/wss4j/dom/transform/AttachmentTransformParameterSpec.java,20,0,0,0,0,0,0,0,0,0,0,0,0,0
ws-security-stax/src/main/java/org/apache/wss4j/stax/impl/resourceResolvers/ResolverAttachment.java,34,0,0,0,0,0,0,0,0,0,0,0,0,0
ws-security-stax/src/main/java/org/apache/wss4j/stax/impl/transformer/AttachmentCompleteSignatureTransform.java,30,0,0,0,0,0,0,0,0,0,0,0,0,0
ws-security-common/src/main/java/org/apache/wss4j/common/crypto/SantuarioUtil.java,10,0,0,0,0,0,0,0,0,0,0,0,0,0
ws-security-common/src/main/java/org/apache/wss4j/common/kerberos/KerberosTokenDecoder.java,8,0,0,0,0,0,0,0,0,0,0,0,0,0
ws-security-common/src/main/java/org/apache/wss4j/common/derivedKey/DerivationAlgorithm.java,6,0,0,0,0,0,0,0,0,0,0,0,0,0
ws-security-common/src/main/java/org/apache/wss4j/common/saml/SAMLKeyInfo.java,45,0,0,0,0,0,0,0,0,0,0,0,0,0
ws-security-common/src/main/java/org/apache/wss4j/common/saml/SAMLKeyInfoProcessor.java,6,0,0,0,0,0,0,0,0,0,0,0,0,0
ws-security-common/src/main/java/org/apache/wss4j/common/util/Mapping.java,33,0,0,0,0,0,0,0,0,0,0,0,0,0
ws-security-common/src/main/java/org/apache/wss4j/common/saml/bean/SubjectLocalityBean.java,55,0,0,0,0,0,0,0,0,0,0,0,0,0
ws-security-dom/src/main/java/org/apache/wss4j/dom/WsuIdAllocator.java,5,0,0,0,0,0,0,0,0,0,0,0,0,0
ws-security-dom/src/main/java/org/apache/wss4j/dom/validate/NoOpValidator.java,8,0,0,0,0,0,0,0,0,0,0,0,0,0
ws-security-dom/src/main/java/org/apache/wss4j/dom/validate/Validator.java,6,0,0,0,0,0,0,0,0,0,0,0,0,0
ws-security-dom/src/test/java/org/apache/wss4j/dom/common/EncodedPasswordCallbackHandler.java,25,0,0,0,0,0,0,0,0,0,0,0,0,0
ws-security-dom/src/test/java/org/apache/wss4j/dom/common/SAMLElementCallbackHandler.java,43,0,0,0,0,0,0,0,0,0,0,0,0,0
ws-security-stax/src/test/java/org/apache/wss4j/stax/test/saml/SAML1CallbackHandler.java,45,0,0,0,0,0,0,0,0,0,0,0,0,0
ws-security-stax/src/test/java/org/apache/wss4j/stax/test/saml/SAML2CallbackHandler.java,45,0,0,0,0,0,0,0,0,0,0,0,0,0
ws-security-stax/src/test/java/org/apache/wss4j/stax/test/utils/SOAPUtil.java,32,0,0,0,0,0,0,0,0,0,0,0,0,0
ws-security-common/src/main/java/org/apache/wss4j/common/ext/AttachmentRequestCallback.java,26,0,0,0,0,0,0,0,0,0,0,0,0,0
ws-security-dom/src/main/java/org/apache/wss4j/dom/message/WSSecBase.java,129,0,0,0,0,0,0,0,0,1,0,0,0,0
ws-security-policy-stax/src/main/java/org/apache/wss4j/policy/stax/DummyPolicyAsserter.java,13,0,0,0,0,0,0,0,0,0,0,0,0,0
ws-security-policy-stax/src/main/java/org/apache/wss4j/policy/stax/PolicyAsserter.java,9,0,0,0,0,0,0,0,0,0,0,0,0,0
ws-security-policy-stax/src/main/java/org/apache/wss4j/policy/stax/assertionStates/IncludeTimeStampAssertionState.java,49,0,0,0,0,0,0,0,0,0,0,0,0,0
ws-security-policy-stax/src/main/java/org/apache/wss4j/policy/stax/assertionStates/KeyValueTokenAssertionState.java,56,0,0,0,0,0,0,0,0,0,0,0,0,0
ws-security-policy-stax/src/main/java/org/apache/wss4j/policy/stax/assertionStates/SecureConversationTokenAssertionState.java,17,0,0,0,0,0,0,0,0,0,0,0,0,0
ws-security-policy-stax/src/main/java/org/apache/wss4j/policy/stax/assertionStates/SignatureConfirmationAssertionState.java,50,0,0,0,0,0,0,0,0,0,0,0,0,0
policy/src/main/java/org/apache/wss4j/policy/builders/AlgorithmSuiteBuilder.java,37,0,0,0,0,0,0,0,0,0,0,0,0,0
ws-security-dom/src/main/java/org/apache/wss4j/dom/validate/TimestampValidator.java,38,0,0,0,0,0,0,0,0,0,0,0,0,0
ws-security-stax/src/main/java/org/apache/wss4j/stax/ext/WSSSecurityProperties.java,648,0,0,0,0,0,0,0,0,0,0,0,0,0
ws-security-stax/src/test/java/org/apache/wss4j/stax/test/SignatureIssuerCertConstaintsTest.java,141,0,0,0,0,0,0,0,0,0,0,0,0,0
bindings/src/main/java/org/apache/wss4j/binding/wss10/AttributedString.java,49,0,0,0,0,0,0,0,0,0,0,0,0,0
bindings/src/main/java/org/apache/wss4j/binding/wss10/EmbeddedType.java,42,0,0,0,0,0,0,0,0,0,0,0,0,0
bindings/src/main/java/org/apache/wss4j/binding/wss10/ReferenceType.java,37,0,0,0,0,0,0,0,0,0,0,0,0,0
bindings/src/main/java/org/apache/wss4j/binding/wss10/SecurityHeaderType.java,31,0,0,0,0,0,0,0,0,0,0,0,0,0
bindings/src/main/java/org/apache/wss4j/binding/wss10/SecurityTokenReferenceType.java,55,0,0,0,0,0,0,0,0,0,0,0,0,0
bindings/src/main/java/org/apache/wss4j/binding/wss10/TransformationParametersType.java,31,0,0,0,0,0,0,0,0,0,0,0,0,0
bindings/src/main/java/org/apache/wss4j/binding/wss10/UsernameTokenType.java,57,0,0,0,0,0,0,0,0,0,0,0,0,0
bindings/src/main/java/org/apache/wss4j/binding/wssc13/SecurityContextTokenType.java,50,0,0,0,0,0,0,0,0,0,0,0,0,0
bindings/src/main/java/org/apache/wss4j/binding/wssc200502/SecurityContextTokenType.java,50,0,0,0,0,0,0,0,0,0,0,0,0,0
bindings/src/main/java/org/apache/wss4j/binding/wsu10/AttributedDateTime.java,46,0,0,0,0,0,0,0,0,0,0,0,0,0
bindings/src/main/java/org/apache/wss4j/binding/wsu10/AttributedURI.java,45,0,0,0,0,0,0,0,0,0,0,0,0,0
bindings/src/main/java/org/apache/wss4j/binding/wsu10/TimestampType.java,66,0,0,0,0,0,0,0,0,0,0,0,0,0
performance/src/test/java/org/apache/wss4j/performance/AbstractTestBase.java,603,0,0,0,0,0,0,0,0,0,0,0,0,0
policy/src/main/java/org/apache/wss4j/policy/model/X509Token.java,177,0,0,0,0,0,0,0,0,0,0,0,0,0
ws-security-common/src/main/java/org/apache/wss4j/common/crypto/AlgorithmSuiteValidator.java,196,0,0,0,0,0,0,0,0,0,0,0,0,0
ws-security-stax/src/test/java/org/apache/wss4j/stax/test/AbstractTestBase.java,623,0,0,0,0,0,0,0,0,0,0,0,0,0
ws-security-stax/src/test/java/org/apache/wss4j/stax/test/AttachmentCallbackHandler.java,62,0,0,0,0,0,0,0,0,0,0,0,0,0
ws-security-stax/src/test/java/org/apache/wss4j/stax/test/AttachmentTest.java,1101,0,0,0,0,0,0,0,0,0,0,0,0,0
ws-security-stax/src/test/java/org/apache/wss4j/stax/test/ConfigurationConverterTest.java,155,0,0,0,0,0,0,0,0,0,0,0,0,0
ws-security-stax/src/test/java/org/apache/wss4j/stax/test/EncDecryptionTest.java,2035,0,0,0,0,0,0,0,0,0,0,0,0,0
ws-security-stax/src/test/java/org/apache/wss4j/stax/test/SignatureTest.java,1281,0,0,0,0,0,0,0,0,0,0,0,0,0
ws-security-stax/src/test/java/org/apache/wss4j/stax/test/saml/SAMLTokenTest.java,934,0,0,0,0,0,0,0,0,0,0,0,0,0
ws-security-stax/src/test/java/org/apache/wss4j/stax/test/utils/SecretKeyCallbackHandler.java,44,0,0,0,0,0,0,0,0,0,0,0,0,0
ws-security-common/src/main/java/org/apache/wss4j/common/ext/AttachmentRemovalCallback.java,11,0,0,0,0,0,0,0,0,0,0,0,0,0
bindings/src/main/java/org/apache/wss4j/binding/wss10/ObjectFactory.java,94,0,0,0,0,0,0,0,0,0,0,0,0,0
bindings/src/main/java/org/apache/wss4j/binding/wss11/ObjectFactory.java,37,0,0,0,0,0,0,0,0,0,0,0,0,0
bindings/src/main/java/org/apache/wss4j/binding/wssc13/ObjectFactory.java,55,0,0,0,0,0,0,0,0,0,0,0,0,0
bindings/src/main/java/org/apache/wss4j/binding/wssc200502/ObjectFactory.java,55,0,0,0,0,0,0,0,0,0,0,0,0,0
bindings/src/main/java/org/apache/wss4j/binding/wsu10/ObjectFactory.java,35,0,0,0,0,0,0,0,0,0,0,0,0,0
ws-security-dom/src/main/java/org/apache/wss4j/dom/message/WSSecDKEncrypt.java,127,0,0,0,0,0,0,0,0,0,0,0,0,0
ws-security-dom/src/main/java/org/apache/wss4j/dom/handler/RequestData.java,444,0,0,0,0,0,0,0,1,0,0,0,0,0
ws-security-common/src/main/java/org/apache/wss4j/common/saml/bean/ActionBean.java,55,0,0,0,0,0,0,0,0,0,0,0,0,0
ws-security-common/src/main/java/org/apache/wss4j/common/saml/bean/AdviceBean.java,58,0,0,0,0,0,0,0,0,0,0,0,0,0
ws-security-common/src/main/java/org/apache/wss4j/common/saml/bean/AttributeBean.java,95,0,0,0,0,0,0,0,0,0,0,0,0,0
ws-security-common/src/main/java/org/apache/wss4j/common/saml/bean/AudienceRestrictionBean.java,42,0,0,0,0,0,0,0,0,0,0,0,0,0
ws-security-common/src/main/java/org/apache/wss4j/common/saml/bean/AuthDecisionStatementBean.java,102,0,0,0,0,0,0,0,0,0,0,0,0,0
ws-security-common/src/main/java/org/apache/wss4j/common/saml/bean/AuthenticationStatementBean.java,114,0,0,0,0,0,0,0,0,0,0,0,0,0
ws-security-dom/src/main/java/org/apache/wss4j/dom/SOAPConstants.java,13,0,0,0,0,0,0,0,0,0,0,0,0,0
ws-security-common/src/main/java/org/apache/wss4j/common/ext/WSSecurityException.java,90,0,0,0,0,0,0,0,0,0,0,0,0,0
ws-security-common/src/main/java/org/apache/wss4j/common/crypto/MerlinDevice.java,149,0,0,0,0,0,0,0,0,0,0,0,0,0
ws-security-common/src/main/java/org/apache/wss4j/common/crypto/WSProviderConfig.java,240,1,0,0,0,0,0,0,0,0,0,0,0,0
ws-security-dom/src/main/java/org/apache/wss4j/dom/engine/WSSConfig.java,385,1,0,1,0,0,0,0,0,0,0,0,0,0
ws-security-dom/src/test/java/org/apache/wss4j/dom/components/crypto/WSSConfigTest.java,37,1,0,0,0,0,0,0,0,0,0,0,0,0
ws-security-policy-stax/src/main/java/org/apache/wss4j/policy/stax/Assertable.java,14,0,0,0,0,0,0,0,0,0,0,0,0,0
ws-security-policy-stax/src/main/java/org/apache/wss4j/policy/stax/PolicyViolationException.java,8,0,0,0,0,0,0,0,0,0,0,0,0,0
ws-security-common/src/main/java/org/apache/wss4j/common/WSSPolicyException.java,10,0,0,0,0,0,0,0,0,0,0,0,0,0
policy/src/main/java/org/apache/wss4j/policy/model/DOM2Writer.java,242,0,0,0,0,0,0,0,0,0,0,0,0,0
ws-security-common/src/main/java/org/apache/wss4j/common/util/DOM2Writer.java,225,0,0,0,0,0,0,0,0,0,0,0,0,0
ws-security-common/src/main/java/org/apache/wss4j/common/bsp/BSPRule.java,163,0,0,0,0,0,0,0,0,0,0,0,0,0
ws-security-dom/src/test/java/org/apache/wss4j/dom/message/token/DerivedKeyTokenTest.java,71,0,0,0,0,0,0,0,0,0,0,0,0,0
ws-security-dom/src/test/java/org/apache/wss4j/dom/message/token/ReferenceTest.java,118,0,0,0,0,0,0,0,0,0,0,0,0,0
ws-security-stax/src/main/java/org/apache/wss4j/stax/impl/processor/output/EncryptOutputProcessor.java,407,0,0,0,0,0,0,0,0,0,0,0,0,0
ws-security-dom/src/test/java/org/apache/wss4j/dom/common/SecurityTestUtil.java,29,0,0,0,0,0,0,0,0,0,0,0,0,0
ws-security-policy-stax/src/main/java/org/apache/wss4j/policy/stax/assertionStates/AlgorithmSuiteAssertionState.java,207,0,0,0,0,0,0,0,0,0,0,0,0,0
ws-security-policy-stax/src/main/java/org/apache/wss4j/policy/stax/assertionStates/ContentEncryptedElementsAssertionState.java,70,0,0,0,0,0,0,0,0,0,0,0,0,0
ws-security-policy-stax/src/main/java/org/apache/wss4j/policy/stax/assertionStates/EncryptedElementsAssertionState.java,72,0,0,0,0,0,0,0,0,0,0,0,0,0
ws-security-policy-stax/src/main/java/org/apache/wss4j/policy/stax/assertionStates/HttpsTokenAssertionState.java,87,0,0,0,0,0,0,0,0,0,0,0,0,0
ws-security-policy-stax/src/main/java/org/apache/wss4j/policy/stax/assertionStates/OnlySignEntireHeadersAndBodyAssertionState.java,72,0,0,0,0,0,0,0,0,0,0,0,0,0
ws-security-policy-stax/src/main/java/org/apache/wss4j/policy/stax/assertionStates/ProtectionOrderAssertionState.java,130,0,0,0,0,0,0,0,0,0,0,0,0,0
ws-security-policy-stax/src/main/java/org/apache/wss4j/policy/stax/assertionStates/RelTokenAssertionState.java,40,0,0,0,0,0,0,0,0,0,0,0,0,0
ws-security-policy-stax/src/main/java/org/apache/wss4j/policy/stax/assertionStates/SamlTokenAssertionState.java,108,0,0,0,0,0,0,0,0,0,0,0,0,0
ws-security-policy-stax/src/main/java/org/apache/wss4j/policy/stax/assertionStates/SecurityContextTokenAssertionState.java,73,0,0,0,0,0,0,0,0,0,0,0,0,0
ws-security-policy-stax/src/main/java/org/apache/wss4j/policy/stax/assertionStates/SignatureProtectionAssertionState.java,186,0,0,0,0,0,0,0,0,0,0,0,0,0
ws-security-policy-stax/src/main/java/org/apache/wss4j/policy/stax/assertionStates/SpnegoContextTokenAssertionState.java,45,0,0,0,0,0,0,0,0,0,0,0,0,0
ws-security-policy-stax/src/main/java/org/apache/wss4j/policy/stax/assertionStates/TokenProtectionAssertionState.java,241,0,0,0,0,0,0,0,0,0,0,0,0,0
ws-security-policy-stax/src/main/java/org/apache/wss4j/policy/stax/assertionStates/UsernameTokenAssertionState.java,134,0,0,0,0,0,0,0,0,0,0,0,0,0
ws-security-stax/src/test/java/org/apache/wss4j/stax/test/ReplayTest.java,223,0,0,0,0,0,0,0,0,0,0,0,0,0
ws-security-stax/src/test/java/org/apache/wss4j/stax/test/VulnerabliltyVectorsTest.java,412,0,0,0,0,0,0,0,0,0,0,0,0,0
policy/src/main/java/org/apache/wss4j/policy/model/AbstractBinding.java,126,0,0,0,0,0,0,0,0,0,0,0,0,0
policy/src/main/java/org/apache/wss4j/policy/model/AbstractSecurityAssertion.java,161,0,0,0,0,0,0,0,0,0,0,0,0,0
policy/src/main/java/org/apache/wss4j/policy/model/AbstractSymmetricAsymmetricBinding.java,129,0,0,0,0,0,0,0,0,0,0,0,0,0
policy/src/main/java/org/apache/wss4j/policy/model/AbstractToken.java,184,0,0,0,0,0,0,0,0,0,0,0,0,0
policy/src/main/java/org/apache/wss4j/policy/model/AbstractTokenWrapper.java,85,0,0,0,0,0,0,0,0,0,0,0,0,0
policy/src/main/java/org/apache/wss4j/policy/model/AlgorithmSuite.java,676,0,0,0,0,0,0,0,0,0,0,0,0,0
policy/src/main/java/org/apache/wss4j/policy/model/AsymmetricBinding.java,206,0,0,0,0,0,0,0,0,0,0,0,0,0
policy/src/main/java/org/apache/wss4j/policy/model/Attachments.java,95,0,0,0,0,0,0,0,0,0,0,0,0,0
policy/src/main/java/org/apache/wss4j/policy/model/ContentEncryptedElements.java,33,0,0,0,0,0,0,0,0,0,0,0,0,0
policy/src/main/java/org/apache/wss4j/policy/model/EncryptedElements.java,33,0,0,0,0,0,0,0,0,0,0,0,0,0
policy/src/main/java/org/apache/wss4j/policy/model/EncryptedParts.java,35,0,0,0,0,0,0,0,0,0,0,0,0,0
policy/src/main/java/org/apache/wss4j/policy/model/EncryptionToken.java,32,0,0,0,0,0,0,0,0,0,0,0,0,0
policy/src/main/java/org/apache/wss4j/policy/model/Header.java,62,0,0,0,0,0,0,0,0,0,0,0,0,0
policy/src/main/java/org/apache/wss4j/policy/model/HttpsToken.java,89,0,0,0,0,0,0,0,0,0,0,0,0,0
policy/src/main/java/org/apache/wss4j/policy/model/InitiatorEncryptionToken.java,32,0,0,0,0,0,0,0,0,0,0,0,0,0
policy/src/main/java/org/apache/wss4j/policy/model/InitiatorSignatureToken.java,32,0,0,0,0,0,0,0,0,0,0,0,0,0
policy/src/main/java/org/apache/wss4j/policy/model/InitiatorToken.java,32,0,0,0,0,0,0,0,0,0,0,0,0,0
policy/src/main/java/org/apache/wss4j/policy/model/IssuedToken.java,163,0,0,0,0,0,0,0,0,0,0,0,0,0
policy/src/main/java/org/apache/wss4j/policy/model/KerberosToken.java,113,0,0,0,0,0,0,0,0,0,0,0,0,0
policy/src/main/java/org/apache/wss4j/policy/model/KeyValueToken.java,70,0,0,0,0,0,0,0,0,0,0,0,0,0
policy/src/main/java/org/apache/wss4j/policy/model/Layout.java,97,0,0,0,0,0,0,0,0,0,0,0,0,0
policy/src/main/java/org/apache/wss4j/policy/model/ProtectionToken.java,32,0,0,0,0,0,0,0,0,0,0,0,0,0
policy/src/main/java/org/apache/wss4j/policy/model/RecipientEncryptionToken.java,32,0,0,0,0,0,0,0,0,0,0,0,0,0
policy/src/main/java/org/apache/wss4j/policy/model/RecipientSignatureToken.java,32,0,0,0,0,0,0,0,0,0,0,0,0,0
policy/src/main/java/org/apache/wss4j/policy/model/RecipientToken.java,32,0,0,0,0,0,0,0,0,0,0,0,0,0
policy/src/main/java/org/apache/wss4j/policy/model/RelToken.java,115,0,0,0,0,0,0,0,0,0,0,0,0,0
policy/src/main/java/org/apache/wss4j/policy/model/RequiredElements.java,109,0,0,0,0,0,0,0,0,0,0,0,0,0
policy/src/main/java/org/apache/wss4j/policy/model/RequiredParts.java,77,0,0,0,0,0,0,0,0,0,0,0,0,0
policy/src/main/java/org/apache/wss4j/policy/model/SamlToken.java,116,0,0,0,0,0,0,0,0,0,0,0,0,0
policy/src/main/java/org/apache/wss4j/policy/model/SecureConversationToken.java,124,0,0,0,0,0,0,0,0,0,0,0,0,0
policy/src/main/java/org/apache/wss4j/policy/model/SecurityContextToken.java,116,0,0,0,0,0,0,0,0,0,0,0,0,0
policy/src/main/java/org/apache/wss4j/policy/model/SignatureToken.java,32,0,0,0,0,0,0,0,0,0,0,0,0,0
policy/src/main/java/org/apache/wss4j/policy/model/SignedElements.java,33,0,0,0,0,0,0,0,0,0,0,0,0,0
policy/src/main/java/org/apache/wss4j/policy/model/SignedParts.java,49,0,0,0,0,0,0,0,0,0,0,0,0,0
policy/src/main/java/org/apache/wss4j/policy/model/SpnegoContextToken.java,115,0,0,0,0,0,0,0,0,0,0,0,0,0
policy/src/main/java/org/apache/wss4j/policy/model/SupportingTokens.java,222,0,0,0,0,0,0,0,0,0,0,0,0,0
policy/src/main/java/org/apache/wss4j/policy/model/SymmetricBinding.java,121,0,0,0,0,0,0,0,0,0,0,0,0,0
policy/src/main/java/org/apache/wss4j/policy/model/TransportBinding.java,77,0,0,0,0,0,0,0,0,0,0,0,0,0
policy/src/main/java/org/apache/wss4j/policy/model/TransportToken.java,32,0,0,0,0,0,0,0,0,0,0,0,0,0
policy/src/main/java/org/apache/wss4j/policy/model/Trust10.java,158,0,0,0,0,0,0,0,0,0,0,0,0,0
policy/src/main/java/org/apache/wss4j/policy/model/Trust13.java,123,0,0,0,0,0,0,0,0,0,0,0,0,0
policy/src/main/java/org/apache/wss4j/policy/model/UsernameToken.java,158,0,0,0,0,0,0,0,0,0,0,0,0,0
policy/src/main/java/org/apache/wss4j/policy/model/Wss10.java,140,0,0,0,0,0,0,0,0,0,0,0,0,0
policy/src/main/java/org/apache/wss4j/policy/model/Wss11.java,104,0,0,0,0,0,0,0,0,0,0,0,0,0
ws-security-stax/src/main/java/org/apache/wss4j/stax/impl/resourceResolvers/ResolverSameDocument.java,38,0,0,0,0,0,0,0,0,0,0,0,0,0
ws-security-stax/src/main/java/org/apache/wss4j/stax/impl/resourceResolvers/ResolverXPointer.java,38,0,0,0,0,0,0,0,0,0,0,0,0,0
ws-security-common/src/main/java/org/apache/wss4j/common/spnego/DefaultSpnegoClientAction.java,43,0,0,0,0,0,0,0,0,0,0,0,0,0
ws-security-common/src/main/java/org/apache/wss4j/common/spnego/DefaultSpnegoServiceAction.java,41,0,0,0,0,0,0,0,0,0,0,0,0,0
ws-security-common/src/main/java/org/apache/wss4j/common/spnego/SpnegoTokenContext.java,252,0,0,0,0,0,0,0,0,0,0,0,0,0
ws-security-stax/src/main/java/org/apache/wss4j/stax/impl/securityToken/X509SecurityTokenImpl.java,155,0,0,0,0,0,0,0,0,0,0,0,0,0
ws-security-stax/src/main/java/org/apache/wss4j/stax/impl/processor/output/WSSSignatureOutputProcessor.java,239,0,0,0,0,0,0,0,0,0,0,0,0,0
ws-security-dom/src/main/java/org/apache/wss4j/dom/util/SignatureUtils.java,92,0,0,0,0,0,0,0,0,0,0,0,0,0
ws-security-common/src/main/java/org/apache/wss4j/common/cache/ReplayCache.java,7,0,0,0,0,0,0,0,0,0,0,0,0,0
ws-security-dom/src/main/java/org/apache/wss4j/dom/processor/EncryptedAssertionProcessor.java,83,0,0,0,0,0,0,0,0,0,0,0,0,0
ws-security-dom/src/main/java/org/apache/wss4j/dom/processor/EncryptedDataProcessor.java,163,0,0,0,0,0,0,0,0,0,0,0,0,0
ws-security-dom/src/main/java/org/apache/wss4j/dom/processor/ReferenceListProcessor.java,171,0,0,0,0,0,0,0,0,0,0,0,0,0
ws-security-dom/src/main/java/org/apache/wss4j/dom/processor/SignatureConfirmationProcessor.java,28,0,0,0,0,0,0,0,0,0,0,0,0,0
ws-security-dom/src/main/java/org/apache/wss4j/dom/processor/TimestampProcessor.java,37,0,0,0,0,0,0,0,0,0,0,0,0,0
ws-security-dom/src/main/java/org/apache/wss4j/dom/validate/JAASUsernameTokenValidator.java,62,0,0,0,0,0,0,0,0,0,0,0,0,0
ws-security-dom/src/main/java/org/apache/wss4j/dom/validate/KerberosTokenValidator.java,162,0,0,0,0,0,0,0,0,0,0,0,0,0
ws-security-dom/src/main/java/org/apache/wss4j/dom/validate/SignatureTrustValidator.java,57,0,0,0,0,0,0,0,0,0,0,0,0,0
ws-security-dom/src/main/java/org/apache/wss4j/dom/validate/UsernameTokenValidator.java,108,0,0,0,0,0,0,0,0,0,0,0,0,0
ws-security-dom/src/main/java/org/apache/wss4j/dom/message/WSSecEncrypt.java,285,0,0,0,0,0,0,0,0,0,0,0,0,0
ws-security-policy-stax/src/test/java/org/apache/wss4j/policy/stax/test/SupportingTokensTest.java,1369,0,0,0,0,0,0,0,0,0,0,0,0,0
ws-security-policy-stax/src/test/java/org/apache/wss4j/policy/stax/test/UsernameTokenTest.java,177,0,0,0,0,0,0,0,0,0,0,0,0,0
ws-security-stax/src/test/java/org/apache/wss4j/stax/test/InboundWSSecurityContextImplTest.java,604,0,0,0,0,0,0,0,0,0,0,0,0,0
ws-security-stax/src/main/java/org/apache/wss4j/stax/setup/WSSec.java,393,0,0,0,0,0,0,0,0,0,0,0,0,0
ws-security-common/src/main/java/org/apache/wss4j/common/saml/bean/Version.java,4,0,0,0,0,0,0,0,0,0,0,0,0,0
ws-security-dom/src/test/java/org/apache/wss4j/dom/common/SAML1AuthnHOKHandler.java,50,0,0,0,0,0,0,0,0,0,0,0,0,0
ws-security-dom/src/test/java/org/apache/wss4j/dom/common/SAML1CallbackHandler.java,66,0,0,0,0,0,0,0,0,0,0,0,0,0
ws-security-policy-stax/src/main/java/org/apache/wss4j/policy/stax/assertionStates/LayoutAssertionState.java,59,0,0,0,0,0,0,0,0,0,0,0,0,0
ws-security-common/src/main/java/org/apache/wss4j/common/saml/bean/ConditionsBean.java,166,0,0,0,0,0,0,0,0,0,0,0,0,0
ws-security-common/src/main/java/org/apache/wss4j/common/saml/bean/DelegateBean.java,74,0,0,0,0,0,0,0,0,0,0,0,0,0
ws-security-common/src/main/java/org/apache/wss4j/common/saml/bean/SubjectConfirmationDataBean.java,113,0,0,0,0,0,0,0,0,0,0,0,0,0
ws-security-dom/src/main/java/org/apache/wss4j/dom/message/token/KerberosSecurity.java,234,0,0,0,0,0,0,0,0,0,0,0,0,0
ws-security-stax/src/main/java/org/apache/wss4j/stax/impl/securityToken/X509PKIPathv1SecurityTokenImpl.java,48,0,0,0,0,0,0,0,0,0,0,0,0,0
ws-security-stax/src/main/java/org/apache/wss4j/stax/impl/securityToken/X509V3SecurityTokenImpl.java,46,0,0,0,0,0,0,0,0,0,0,0,0,0
ws-security-stax/src/main/java/org/apache/wss4j/stax/impl/processor/input/WSSSignatureReferenceVerifyInputProcessor.java,377,0,0,0,0,0,0,0,0,0,0,0,0,0
ws-security-common/src/main/java/org/apache/wss4j/common/bsp/BSPEnforcer.java,36,0,0,0,0,0,0,0,0,0,0,0,0,0
ws-security-common/src/main/java/org/apache/wss4j/common/util/KeyUtils.java,149,0,0,0,0,0,0,0,0,0,0,0,0,0
ws-security-common/src/main/java/org/apache/wss4j/common/util/UsernameTokenUtil.java,71,0,0,0,0,0,0,0,0,0,0,0,0,0
bindings/src/main/java/org/apache/wss4j/binding/wsu10/AbstractAttributedDateTime.java,16,0,0,0,0,0,0,0,0,0,0,0,0,0
policy/src/main/java/org/apache/wss4j/policy/model/XPath.java,73,0,0,0,0,0,0,0,0,0,0,0,0,0
ws-security-stax/src/test/java/org/apache/wss4j/stax/test/TimestampTest.java,537,0,0,0,0,0,0,0,0,0,0,0,0,0
ws-security-stax/src/test/java/org/apache/wss4j/stax/test/UsernameTokenTest.java,619,0,0,0,0,0,0,0,0,0,0,0,0,0
ws-security-dom/src/main/java/org/apache/wss4j/dom/WSDataRef.java,95,0,0,0,0,0,0,0,0,0,0,0,0,0
ws-security-common/src/main/java/org/apache/wss4j/common/principal/WSDerivedKeyTokenPrincipal.java,61,0,0,0,0,0,0,0,0,0,0,0,0,0
ws-security-common/src/main/java/org/apache/wss4j/common/spnego/SpnegoClientAction.java,10,0,0,0,0,0,0,0,0,0,0,0,0,0
ws-security-common/src/main/java/org/apache/wss4j/common/spnego/SpnegoServiceAction.java,10,0,0,0,0,0,0,0,0,0,0,0,0,0
ws-security-common/src/main/java/org/apache/wss4j/common/SignatureActionToken.java,24,0,0,0,0,0,0,0,0,0,0,0,0,0
ws-security-stax/src/main/java/org/apache/wss4j/stax/securityToken/EncryptedKeySha1SecurityToken.java,4,0,0,0,0,0,0,0,0,0,0,0,0,0
ws-security-dom/src/main/java/org/apache/wss4j/dom/processor/BinarySecurityTokenProcessor.java,121,0,0,0,0,0,0,0,0,0,0,0,0,0
ws-security-dom/src/main/java/org/apache/wss4j/dom/processor/DerivedKeyTokenProcessor.java,62,0,0,0,0,0,0,0,0,0,0,0,0,0
ws-security-dom/src/main/java/org/apache/wss4j/dom/processor/Processor.java,12,0,0,0,0,0,0,0,0,0,0,0,0,0
ws-security-common/src/main/java/org/apache/wss4j/common/saml/OpenSAMLBootstrap.java,70,0,0,0,0,0,0,0,0,0,0,0,0,0
ws-security-dom/src/main/java/org/apache/wss4j/dom/processor/SecurityContextTokenProcessor.java,75,0,0,0,0,0,0,0,0,0,0,0,0,0
ws-security-dom/src/main/java/org/apache/wss4j/dom/saml/WSSSAMLKeyInfoProcessor.java,84,0,0,0,0,0,0,0,0,0,0,0,0,0
ws-security-dom/src/main/java/org/apache/wss4j/dom/str/DerivedKeyTokenSTRParser.java,153,0,0,0,0,0,0,0,0,0,0,0,0,0
ws-security-dom/src/main/java/org/apache/wss4j/dom/str/EncryptedKeySTRParser.java,148,0,0,0,0,0,0,0,0,0,0,0,0,0
ws-security-dom/src/main/java/org/apache/wss4j/dom/str/SecurityTokenRefSTRParser.java,205,0,0,0,0,0,0,0,0,0,0,0,0,0
ws-security-dom/src/main/java/org/apache/wss4j/dom/str/STRParserParameters.java,26,0,0,0,0,0,0,0,0,0,0,0,0,0
ws-security-stax/src/test/java/org/apache/wss4j/stax/test/WSS4JCallbackHandlerImpl.java,26,0,0,0,0,0,0,0,0,0,0,0,0,0
ws-security-dom/src/test/java/org/apache/wss4j/dom/common/CustomProcessor.java,18,0,0,0,0,0,0,0,0,0,0,0,0,0
ws-security-policy-stax/src/main/java/org/apache/wss4j/policy/stax/assertionStates/X509TokenAssertionState.java,166,0,0,0,0,0,0,0,0,0,0,0,0,0
ws-security-dom/src/main/java/org/apache/wss4j/dom/handler/WSHandler.java,1092,0,0,1,0,0,0,0,0,0,0,0,0,0
ws-security-dom/src/test/java/org/apache/wss4j/dom/message/UsernameTokenTest.java,889,0,0,1,0,0,0,0,0,0,0,0,0,0
bindings/src/main/java/org/apache/wss4j/binding/wss10/BinarySecurityTokenType.java,21,0,0,0,0,0,0,0,0,0,0,0,0,0
bindings/src/main/java/org/apache/wss4j/binding/wss10/EncodedString.java,26,0,0,0,0,0,0,0,0,0,0,0,0,0
bindings/src/main/java/org/apache/wss4j/binding/wss10/KeyIdentifierType.java,21,0,0,0,0,0,0,0,0,0,0,0,0,0
bindings/src/main/java/org/apache/wss4j/binding/wss10/PasswordString.java,21,0,0,0,0,0,0,0,0,0,0,0,0,0
bindings/src/main/java/org/apache/wss4j/binding/wss11/EncryptedHeaderType.java,86,0,0,0,0,0,0,0,0,0,0,0,0,0
bindings/src/main/java/org/apache/wss4j/binding/wss11/SignatureConfirmationType.java,32,0,0,0,0,0,0,0,0,0,0,0,0,0
bindings/src/main/java/org/apache/wss4j/binding/wssc/AbstractDerivedKeyTokenType.java,15,0,0,0,0,0,0,0,0,0,0,0,0,0
bindings/src/main/java/org/apache/wss4j/binding/wssc/AbstractPropertiesType.java,5,0,0,0,0,0,0,0,0,0,0,0,0,0
bindings/src/main/java/org/apache/wss4j/binding/wssc/AbstractSecurityContextTokenType.java,10,0,0,0,0,0,0,0,0,0,0,0,0,0
bindings/src/main/java/org/apache/wss4j/binding/wssc13/DerivedKeyTokenType.java,106,0,0,0,0,0,0,0,0,0,0,0,0,0
bindings/src/main/java/org/apache/wss4j/binding/wssc200502/DerivedKeyTokenType.java,106,0,0,0,0,0,0,0,0,0,0,0,0,0
ws-security-policy-stax/src/main/java/org/apache/wss4j/policy/stax/assertionStates/KerberosTokenAssertionState.java,91,0,0,0,0,0,0,0,0,0,0,0,0,0
