,LLOC,ZOOKEEPER-2853,ZOOKEEPER-2757,ZOOKEEPER-2785,ZOOKEEPER-2683,ZOOKEEPER-2684,ZOOKEEPER-2316,ZOOKEEPER-2931,ZOOKEEPER-2786,ZOOKEEPER-2775,ZOOKEEPER-2574,ZOOKEEPER-2325,ZOOKEEPER-2355,ZOOKEEPER-2797,ZOOKEEPER-2693,ZOOKEEPER-2852,ZOOKEEPER-2808,ZOOKEEPER-1782,ZOOKEEPER-2380,ZOOKEEPER-2687,ZOOKEEPER-2747,ZOOKEEPER-2743,ZOOKEEPER-2581,ZOOKEEPER-2893,ZOOKEEPER-2725,ZOOKEEPER-2804,ZOOKEEPER-2726,ZOOKEEPER-2622
src/java/main/org/apache/zookeeper/server/NIOServerCnxnFactory.java,655,0,0,0,0,0,0,0,0,0,0,0,0,0,0,0,0,0,0,0,0,0,0,0,0,0,0,0
src/java/main/org/apache/zookeeper/common/PathUtils.java,73,0,0,0,0,0,0,0,0,0,0,0,0,0,0,0,0,0,0,0,0,0,0,0,0,0,0,0
src/java/main/org/apache/jute/compiler/JBoolean.java,21,0,0,0,0,0,0,0,0,0,0,0,0,0,0,0,0,0,0,0,0,0,0,0,0,0,0,0
src/java/main/org/apache/jute/compiler/JBuffer.java,72,0,0,0,0,0,0,0,0,0,0,0,0,0,0,0,0,0,0,0,0,0,0,0,0,0,0,0
src/java/main/org/apache/jute/compiler/JByte.java,9,0,0,0,0,0,0,0,0,0,0,0,0,0,0,0,0,0,0,0,0,0,0,0,0,0,0,0
src/java/main/org/apache/jute/compiler/JCompType.java,34,0,0,0,0,0,0,0,0,0,0,0,0,0,0,0,0,0,0,0,0,0,0,0,0,0,0,0
src/java/main/org/apache/jute/compiler/JDouble.java,13,0,0,0,0,0,0,0,0,0,0,0,0,0,0,0,0,0,0,0,0,0,0,0,0,0,0,0
src/java/main/org/apache/jute/compiler/JField.java,87,0,0,0,0,0,0,0,0,0,0,0,0,0,0,0,0,0,0,0,0,0,0,0,0,0,0,0
src/java/main/org/apache/jute/compiler/JFloat.java,12,0,0,0,0,0,0,0,0,0,0,0,0,0,0,0,0,0,0,0,0,0,0,0,0,0,0,0
src/java/main/org/apache/jute/compiler/JInt.java,9,0,0,0,0,0,0,0,0,0,0,0,0,0,0,0,0,0,0,0,0,0,0,0,0,0,0,0
src/java/main/org/apache/jute/compiler/JLong.java,12,0,0,0,0,0,0,0,0,0,0,0,0,0,0,0,0,0,0,0,0,0,0,0,0,0,0,0
src/java/main/org/apache/jute/compiler/JMap.java,107,0,0,0,0,0,0,0,0,0,0,0,0,0,0,0,0,0,0,0,0,0,0,0,0,0,0,0
src/java/main/org/apache/jute/compiler/JString.java,19,0,0,0,0,0,0,0,0,0,0,0,0,0,0,0,0,0,0,0,0,0,0,0,0,0,0,0
src/java/main/org/apache/jute/compiler/JType.java,144,0,0,0,0,0,0,0,0,0,0,0,0,0,0,0,0,0,0,0,0,0,0,0,0,0,0,0
src/java/main/org/apache/jute/compiler/JVector.java,111,0,0,0,0,0,0,0,0,0,0,0,0,0,0,0,0,0,0,0,0,0,0,0,0,0,0,0
src/java/main/org/apache/zookeeper/server/ZooKeeperThread.java,20,0,0,0,0,0,0,0,0,0,0,0,0,0,0,0,0,0,0,0,0,0,0,0,0,0,0,0
src/java/main/org/apache/zookeeper/AsyncCallback.java,50,0,0,0,0,0,0,0,0,0,0,0,0,0,0,0,0,0,0,0,0,0,0,0,0,0,0,0
src/java/main/org/apache/zookeeper/CreateMode.java,79,0,0,0,0,0,0,0,0,0,0,0,0,0,0,0,0,0,0,0,0,0,0,0,0,0,0,0
src/java/main/org/apache/zookeeper/KeeperException.java,466,0,0,0,0,0,0,0,0,0,0,0,0,0,0,0,0,0,0,0,0,0,0,0,0,0,0,0
src/java/main/org/apache/zookeeper/ServerAdminClient.java,225,0,0,0,0,0,0,0,0,0,0,0,0,0,0,0,0,0,0,0,0,0,0,0,0,0,0,0
src/java/main/org/apache/zookeeper/Transaction.java,37,0,0,0,0,0,0,0,0,0,0,0,0,0,0,0,0,0,0,0,0,0,0,0,0,0,0,0
src/java/main/org/apache/zookeeper/WatchedEvent.java,40,0,0,0,0,0,0,0,0,0,0,0,0,0,0,0,0,0,0,0,0,0,0,0,0,0,0,0
src/java/main/org/apache/zookeeper/Watcher.java,97,0,0,0,0,0,0,0,0,0,0,0,0,0,0,0,0,0,0,0,0,0,0,0,0,0,0,0
src/java/main/org/apache/zookeeper/ZooDefs.java,64,0,0,0,0,0,0,0,0,0,0,0,0,0,0,0,0,0,0,0,0,0,0,0,0,0,0,0
src/java/main/org/apache/zookeeper/ZooKeeperMain.java,495,0,0,0,0,0,0,0,0,0,0,0,0,0,0,0,0,0,0,0,0,0,0,0,0,0,0,0
src/java/main/org/apache/jute/Record.java,10,0,0,0,0,0,0,0,0,0,0,0,0,0,0,0,0,0,0,0,0,0,0,0,0,0,0,0
src/java/main/org/apache/zookeeper/server/LogFormatter.java,76,0,0,0,0,0,0,0,0,0,0,0,0,0,0,0,0,0,0,0,0,0,0,0,0,0,0,0
src/java/main/org/apache/zookeeper/server/PurgeTxnLog.java,134,0,0,0,0,0,0,0,0,0,1,0,0,0,0,0,0,0,0,0,0,0,0,0,0,0,0,0
src/java/main/org/apache/zookeeper/server/ServerConfig.java,59,0,0,0,0,0,0,0,0,0,0,0,0,0,0,0,0,0,0,0,0,0,0,0,0,0,0,0
src/java/main/org/apache/zookeeper/server/SnapshotFormatter.java,87,0,0,0,0,0,0,0,0,0,0,0,0,0,0,0,0,0,0,0,0,0,0,0,0,0,0,0
src/java/main/org/apache/zookeeper/server/ZooKeeperServerMain.java,141,0,0,0,0,0,0,0,0,0,0,0,0,0,0,0,0,0,0,0,0,0,0,0,0,0,0,0
src/java/main/org/apache/zookeeper/admin/ZooKeeperAdmin.java,80,0,0,0,0,0,0,0,0,0,0,0,0,0,0,0,0,0,0,0,1,0,0,0,0,0,0,0
src/java/main/org/apache/zookeeper/client/FourLetterWordMain.java,86,0,0,0,0,0,0,0,0,0,0,0,0,0,0,0,0,0,0,0,0,0,0,0,0,0,0,0
src/java/main/org/apache/zookeeper/client/HostProvider.java,13,0,0,0,0,0,0,0,0,0,0,0,0,0,0,0,0,0,0,0,0,0,0,0,0,0,0,0
src/java/main/org/apache/zookeeper/client/ZKClientConfig.java,48,0,0,0,0,0,0,0,0,0,0,0,0,0,0,0,0,0,0,0,0,0,0,0,0,0,0,0
src/java/main/org/apache/zookeeper/server/admin/AdminServer.java,19,0,0,0,0,0,0,0,0,0,0,0,0,0,0,0,0,0,0,0,0,0,0,0,0,0,0,0
src/java/main/org/apache/zookeeper/server/ConnectionBean.java,121,0,0,0,0,0,0,0,0,0,0,0,0,0,0,0,0,0,0,0,0,0,0,0,0,0,0,0
src/java/main/org/apache/zookeeper/ZooKeeper.java,1317,0,0,0,0,0,0,0,0,0,0,0,0,0,0,0,0,0,0,0,0,0,0,0,0,1,0,0
src/java/main/org/apache/zookeeper/server/ExpiryQueue.java,108,0,0,0,0,0,0,0,0,0,0,0,0,0,0,0,0,0,0,0,0,0,0,0,0,0,0,0
src/java/main/org/apache/zookeeper/server/RateLogger.java,39,0,0,0,0,0,0,0,0,0,0,0,0,0,0,0,0,0,0,0,0,0,0,0,0,0,0,0
src/java/main/org/apache/zookeeper/server/WorkerService.java,147,0,0,0,0,0,0,0,0,0,0,0,0,0,0,0,0,0,0,0,0,0,0,0,0,0,0,0
src/java/main/org/apache/zookeeper/server/PrepRequestProcessor.java,795,0,0,0,0,0,0,0,0,0,0,0,0,1,0,0,0,0,0,0,0,0,0,0,0,1,0,0
src/java/main/org/apache/zookeeper/common/Time.java,14,0,0,0,0,0,0,0,0,0,0,0,0,0,0,0,0,0,0,0,0,0,0,0,0,0,0,0
src/java/main/org/apache/zookeeper/server/quorum/LearnerSnapshot.java,21,0,0,0,0,0,0,0,0,0,0,0,0,0,0,0,0,0,0,0,0,0,0,0,0,0,0,0
src/java/main/org/apache/zookeeper/server/quorum/SnapshotThrottleException.java,11,0,0,0,0,0,0,0,0,0,0,0,0,0,0,0,0,0,0,0,0,0,0,0,0,0,0,0
src/java/main/org/apache/zookeeper/server/quorum/LearnerSnapshotThrottler.java,69,0,0,0,0,0,0,0,0,0,0,0,0,0,0,0,0,0,0,0,0,0,0,0,0,0,0,0
src/java/main/org/apache/zookeeper/server/auth/X509AuthenticationProvider.java,149,0,0,0,0,0,0,0,0,0,0,0,0,0,0,0,0,0,0,0,0,0,1,0,0,0,0,0
src/java/main/org/apache/zookeeper/ClientCnxn.java,1189,0,0,0,0,0,0,0,0,1,0,0,0,0,0,0,0,0,0,0,0,0,0,1,0,0,0,0
src/java/main/org/apache/zookeeper/server/quorum/CommitProcessor.java,249,0,0,0,0,1,0,0,0,0,0,0,0,0,0,0,0,0,0,0,0,0,0,0,0,0,0,0
src/java/main/org/apache/jute/Index.java,5,0,0,0,0,0,0,0,0,0,0,0,0,0,0,0,0,0,0,0,0,0,0,0,0,0,0,0
src/java/main/org/apache/jute/InputArchive.java,19,0,0,0,0,0,0,0,0,0,0,0,0,0,0,0,0,0,0,0,0,0,0,0,0,0,0,0
src/java/main/org/apache/jute/XmlInputArchive.java,194,0,0,0,0,0,0,0,0,0,0,0,0,0,0,0,0,0,0,0,0,0,0,0,0,0,0,0
src/java/main/org/apache/zookeeper/jmx/CommonNames.java,6,0,0,0,0,0,0,0,0,0,0,0,0,0,0,0,0,0,0,0,0,0,0,0,0,0,0,0
src/java/main/org/apache/zookeeper/jmx/ZKMBeanInfo.java,5,0,0,0,0,0,0,0,0,0,0,0,0,0,0,0,0,0,0,0,0,0,0,0,0,0,0,0
src/java/main/org/apache/zookeeper/server/DataTreeMXBean.java,8,0,0,0,0,0,0,0,0,0,0,0,0,0,0,0,0,0,0,0,0,0,0,0,0,0,0,0
src/java/main/org/apache/zookeeper/server/quorum/LeaderElectionBean.java,15,0,0,0,0,0,0,0,0,0,0,0,0,0,0,0,0,0,0,0,0,0,0,0,0,0,0,0
src/java/main/org/apache/zookeeper/server/quorum/LeaderElectionMXBean.java,4,0,0,0,0,0,0,0,0,0,0,0,0,0,0,0,0,0,0,0,0,0,0,0,0,0,0,0
src/java/main/org/apache/zookeeper/server/quorum/QuorumBean.java,20,0,0,0,0,0,0,0,0,0,0,0,0,0,0,0,0,0,0,0,0,0,0,0,0,0,0,0
src/java/main/org/apache/zookeeper/server/quorum/QuorumMXBean.java,5,0,0,0,0,0,0,0,0,0,0,0,0,0,0,0,0,0,0,0,0,0,0,0,0,0,0,0
src/java/main/org/apache/zookeeper/server/quorum/ServerBean.java,12,0,0,0,0,0,0,0,0,0,0,0,0,0,0,0,0,0,0,0,0,0,0,0,0,0,0,0
src/java/main/org/apache/zookeeper/server/quorum/ServerMXBean.java,5,0,0,0,0,0,0,0,0,0,0,0,0,0,0,0,0,0,0,0,0,0,0,0,0,0,0,0
src/java/main/org/apache/zookeeper/server/quorum/SendAckRequestProcessor.java,49,0,0,0,0,0,0,0,0,0,0,0,0,0,0,0,0,0,0,0,0,0,0,0,0,0,0,0
src/java/main/org/apache/zookeeper/server/ConnectionMXBean.java,22,0,0,0,0,0,0,0,0,0,0,0,0,0,0,0,0,0,0,0,0,0,0,0,0,0,0,0
src/java/main/org/apache/zookeeper/server/RequestProcessor.java,11,0,0,0,0,0,0,0,0,0,0,0,0,0,0,0,0,0,0,0,0,0,0,0,0,0,0,0
src/java/main/org/apache/zookeeper/server/quorum/ProposalRequestProcessor.java,44,0,0,0,0,0,0,0,0,0,0,0,0,0,0,0,0,0,0,0,0,0,0,0,0,0,0,0
src/java/main/org/apache/zookeeper/server/quorum/LeaderZooKeeperServer.java,153,0,0,0,0,0,0,0,0,0,0,0,0,0,0,0,0,0,0,0,0,0,0,0,0,0,0,0
src/java/main/org/apache/zookeeper/cli/AclParser.java,52,0,0,0,0,0,0,0,0,0,0,0,0,0,0,0,0,0,0,0,0,0,0,0,0,0,0,0
src/java/main/org/apache/zookeeper/cli/StatPrinter.java,24,0,0,0,0,0,0,0,0,0,0,0,0,0,0,0,0,0,0,0,0,0,0,0,0,0,0,0
src/java/main/org/apache/zookeeper/server/ContainerManager.java,110,0,0,0,0,0,0,0,0,0,0,0,0,0,0,0,0,0,0,0,0,0,0,0,0,0,0,0
src/java/main/org/apache/zookeeper/server/DataNode.java,90,0,0,0,0,0,0,0,0,0,0,0,0,0,0,0,0,0,0,0,0,0,0,0,0,0,0,0
src/java/main/org/apache/zookeeper/server/quorum/ObserverMXBean.java,6,0,0,0,0,0,0,0,0,0,0,0,0,0,0,0,0,0,0,0,0,0,0,0,0,0,0,0
src/java/main/org/apache/zookeeper/server/quorum/QuorumStats.java,44,0,0,0,0,0,0,0,0,0,0,0,0,0,0,0,0,0,0,0,0,0,0,0,0,0,0,0
src/java/main/org/apache/zookeeper/ClientCnxnSocketNetty.java,330,0,0,0,0,0,0,0,0,0,0,0,0,0,0,0,0,0,0,0,0,0,0,0,0,0,0,0
src/java/main/org/apache/zookeeper/ClientCnxnSocketNIO.java,317,0,0,0,0,0,0,0,0,0,0,0,0,0,0,0,0,0,0,0,0,0,0,0,0,0,0,0
src/java/main/org/apache/zookeeper/common/X509Util.java,136,0,0,0,0,0,0,0,0,0,0,0,0,0,0,0,0,0,0,0,0,0,0,0,0,0,0,0
src/java/main/org/apache/zookeeper/server/util/VerifyingFileFactory.java,54,0,0,0,0,0,0,0,0,0,0,0,0,0,0,0,0,0,0,0,0,0,0,0,0,0,0,0
src/java/main/org/apache/zookeeper/server/DatadirCleanupManager.java,86,0,0,0,0,0,0,0,0,0,0,0,0,0,0,0,0,0,0,0,0,0,0,0,0,0,0,0
src/java/main/org/apache/zookeeper/MultiResponse.java,129,0,0,0,0,0,0,0,0,0,0,0,0,0,0,0,0,0,0,0,0,0,0,0,0,0,0,0
src/java/main/org/apache/zookeeper/OpResult.java,122,0,0,0,0,0,0,0,0,0,0,0,0,0,0,0,0,0,0,0,0,0,0,0,0,0,0,0
src/java/main/org/apache/zookeeper/common/X509Exception.java,40,0,0,0,0,0,0,0,0,0,0,0,0,0,0,0,0,0,0,0,0,0,0,0,0,0,0,0
src/java/main/org/apache/zookeeper/server/util/ConfigUtils.java,41,0,0,0,0,0,0,0,0,0,0,0,0,0,0,0,0,0,0,0,0,0,0,0,0,0,0,0
src/java/main/org/apache/zookeeper/cli/CliParseException.java,11,0,0,0,0,0,0,0,0,0,0,0,0,0,0,0,0,0,0,0,0,0,0,0,0,0,0,0
src/java/main/org/apache/zookeeper/cli/CliWrapperException.java,40,0,0,0,0,0,0,0,0,0,0,0,0,0,0,0,0,0,0,0,0,0,0,0,0,0,0,0
src/java/main/org/apache/zookeeper/cli/CommandNotFoundException.java,7,0,0,0,0,0,0,0,0,0,0,0,0,0,0,0,0,0,0,0,0,0,0,0,0,0,0,0
src/java/main/org/apache/zookeeper/cli/MalformedCommandException.java,7,0,0,0,0,0,0,0,0,0,0,0,0,0,0,0,0,0,0,0,0,0,0,0,0,0,0,0
src/java/main/org/apache/zookeeper/server/quorum/LearnerSyncRequest.java,13,0,0,0,0,0,0,0,0,0,0,0,0,0,0,0,0,0,0,0,0,0,0,0,0,0,0,0
src/contrib/rest/src/java/org/apache/zookeeper/server/jersey/jaxb/ZChildren.java,46,0,0,0,0,0,0,0,0,0,0,0,0,0,0,0,0,0,0,0,0,0,0,0,0,0,0,0
src/contrib/rest/src/java/org/apache/zookeeper/server/jersey/jaxb/ZChildrenJSON.java,42,0,0,0,0,0,0,0,0,0,0,0,0,0,0,0,0,0,0,0,0,0,0,0,0,0,0,0
src/contrib/rest/src/java/org/apache/zookeeper/server/jersey/jaxb/ZError.java,13,0,0,0,0,0,0,0,0,0,0,0,0,0,0,0,0,0,0,0,0,0,0,0,0,0,0,0
src/contrib/rest/src/java/org/apache/zookeeper/server/jersey/jaxb/ZPath.java,32,0,0,0,0,0,0,0,0,0,0,0,0,0,0,0,0,0,0,0,0,0,0,0,0,0,0,0
src/contrib/rest/src/java/org/apache/zookeeper/server/jersey/jaxb/ZStat.java,67,0,0,0,0,0,0,0,0,0,0,0,0,0,0,0,0,0,0,0,0,0,0,0,0,0,0,0
src/contrib/rest/src/java/org/apache/zookeeper/server/jersey/resources/JAXBContextResolver.java,42,0,0,0,0,0,0,0,0,0,0,0,0,0,0,0,0,0,0,0,0,0,0,0,0,0,0,0
src/contrib/rest/src/java/org/apache/zookeeper/server/jersey/resources/KeeperExceptionMapper.java,56,0,0,0,0,0,0,0,0,0,0,0,0,0,0,0,0,0,0,0,0,0,0,0,0,0,0,0
src/contrib/rest/src/java/org/apache/zookeeper/server/jersey/resources/ZErrorWriter.java,35,0,0,0,0,0,0,0,0,0,0,0,0,0,0,0,0,0,0,0,0,0,0,0,0,0,0,0
src/java/main/org/apache/zookeeper/server/quorum/Vote.java,101,0,0,0,0,0,0,0,0,0,0,0,0,0,0,0,0,0,0,0,0,0,0,0,0,0,0,0
src/java/main/org/apache/zookeeper/server/ServerCnxnFactory.java,156,0,0,0,0,0,0,0,0,0,0,0,0,0,0,0,0,0,0,0,0,0,0,0,0,0,0,0
src/java/main/org/apache/zookeeper/server/DataTreeBean.java,29,0,0,0,0,0,0,0,0,0,0,0,0,0,0,0,0,0,0,0,0,0,0,0,0,0,0,0
src/java/main/org/apache/zookeeper/jmx/ManagedUtil.java,62,0,0,0,0,0,0,0,0,0,0,0,0,0,0,0,0,0,0,0,0,0,0,0,0,0,0,0
src/java/main/org/apache/zookeeper/server/admin/Commands.java,304,0,0,0,0,0,0,0,0,0,0,0,0,0,0,0,0,0,0,0,0,0,0,0,0,0,0,0
src/java/main/org/apache/zookeeper/server/command/CnxnStatResetCommand.java,17,0,0,0,0,0,0,0,0,0,0,0,0,0,0,0,0,0,0,0,0,0,0,0,0,0,0,0
src/java/main/org/apache/zookeeper/server/command/ConfCommand.java,16,0,0,0,0,0,0,0,0,0,0,0,0,0,0,0,0,0,0,0,0,0,0,0,0,0,0,0
src/java/main/org/apache/zookeeper/server/command/ConsCommand.java,20,0,0,0,0,0,0,0,0,0,0,0,0,0,0,0,0,0,0,0,0,0,0,0,0,0,0,0
src/java/main/org/apache/zookeeper/server/command/DirsCommand.java,18,0,0,0,0,0,0,0,0,0,0,0,0,0,0,0,0,0,0,0,0,0,0,0,0,0,0,0
src/java/main/org/apache/zookeeper/server/command/DumpCommand.java,24,0,0,0,0,0,0,0,0,0,0,0,0,0,0,0,0,0,0,0,0,0,0,0,0,0,0,0
src/java/main/org/apache/zookeeper/server/command/IsroCommand.java,19,0,0,0,0,0,0,0,0,0,0,0,0,0,0,0,0,0,0,0,0,0,0,0,0,0,0,0
src/java/main/org/apache/zookeeper/server/command/MonitorCommand.java,56,0,0,0,0,0,0,0,0,0,0,0,0,0,0,0,0,0,0,0,0,0,0,0,0,0,0,0
src/java/main/org/apache/zookeeper/server/auth/ProviderRegistry.java,61,0,0,0,0,0,0,0,0,0,0,0,0,0,0,0,0,0,0,0,0,0,0,0,0,0,0,0
src/java/main/org/apache/zookeeper/server/command/StatCommand.java,40,0,0,0,0,0,0,0,0,0,0,0,0,0,0,0,0,0,0,0,0,0,0,0,0,0,0,0
src/java/main/org/apache/zookeeper/server/command/StatResetCommand.java,17,0,0,0,0,0,0,0,0,0,0,0,0,0,0,0,0,0,0,0,0,0,0,0,0,0,0,0
src/java/main/org/apache/zookeeper/server/command/WatchCommand.java,27,0,0,0,0,0,0,0,0,0,0,0,0,0,0,0,0,0,0,0,0,0,0,0,0,0,0,0
src/java/main/org/apache/zookeeper/server/quorum/FollowerBean.java,26,0,0,0,0,0,0,0,0,0,0,0,0,0,0,0,0,0,0,0,0,0,0,0,0,0,0,0
src/java/main/org/apache/zookeeper/server/quorum/FollowerMXBean.java,8,0,0,0,0,0,0,0,0,0,0,0,0,0,0,0,0,0,0,0,0,0,0,0,0,0,0,0
src/java/main/org/apache/zookeeper/server/quorum/LeaderBean.java,29,0,0,0,0,0,0,0,0,0,0,0,0,0,0,0,0,0,0,0,0,0,0,0,0,0,0,0
src/java/main/org/apache/zookeeper/server/quorum/LeaderMXBean.java,7,0,0,0,0,0,0,0,0,0,0,0,0,0,0,0,0,0,0,0,0,0,0,0,0,0,0,0
src/java/main/org/apache/zookeeper/server/FinalRequestProcessor.java,395,0,0,0,0,0,0,0,0,0,0,0,0,0,0,0,0,0,0,0,0,0,0,0,0,0,0,0
src/java/main/org/apache/zookeeper/Quotas.java,15,0,0,0,0,0,0,0,0,0,0,0,0,0,0,0,0,0,0,0,0,0,0,0,0,0,0,0
src/java/main/org/apache/zookeeper/StatsTrack.java,37,0,0,0,0,0,0,0,0,0,0,0,0,0,0,0,0,0,0,0,0,0,0,0,0,0,0,0
src/java/main/org/apache/zookeeper/ClientCnxnSocket.java,125,0,0,0,0,0,0,0,0,0,0,0,0,0,0,0,0,0,0,0,0,0,0,0,0,0,0,0
src/java/main/org/apache/zookeeper/Environment.java,77,0,0,0,0,0,0,0,0,0,0,0,0,0,0,0,0,0,0,0,0,0,0,0,0,0,0,0
src/java/main/org/apache/zookeeper/server/NettyServerCnxnFactory.java,468,0,0,0,0,0,0,0,0,0,0,0,0,0,0,0,0,0,0,0,0,0,0,0,0,0,0,0
src/java/main/org/apache/zookeeper/common/ZKConfig.java,112,0,0,0,0,0,0,0,0,0,0,0,0,0,0,0,0,0,0,0,0,0,0,0,0,0,0,0
src/java/main/org/apache/zookeeper/server/WatchManager.java,171,0,0,0,0,0,0,0,0,0,0,0,0,0,0,0,0,0,0,0,0,0,0,0,0,0,0,0
src/java/main/org/apache/zookeeper/common/StringUtils.java,28,0,0,0,0,0,0,0,0,0,0,0,0,0,0,0,0,0,0,0,0,0,0,0,0,0,0,0
src/java/main/org/apache/zookeeper/server/quorum/ReadOnlyBean.java,11,0,0,0,0,0,0,0,0,0,0,0,0,0,0,0,0,0,0,0,0,0,0,0,0,0,0,0
src/java/main/org/apache/zookeeper/common/PathTrie.java,164,0,0,0,0,0,0,0,0,0,0,0,0,0,0,0,0,0,0,0,0,0,0,0,0,0,0,0
src/java/main/org/apache/jute/compiler/CGenerator.java,84,0,0,0,0,0,0,0,0,0,0,0,0,0,0,0,0,0,0,0,0,0,0,0,0,0,0,0
src/java/main/org/apache/jute/compiler/CppGenerator.java,81,0,0,0,0,0,0,0,0,0,0,0,0,0,0,0,0,0,0,0,0,0,0,0,0,0,0,0
src/java/main/org/apache/jute/compiler/CSharpGenerator.java,19,0,0,0,0,0,0,0,0,0,0,0,0,0,0,0,0,0,0,0,0,0,0,0,0,0,0,0
src/java/main/org/apache/jute/compiler/JavaGenerator.java,21,0,0,0,0,0,0,0,0,0,0,0,0,0,0,0,0,0,0,0,0,0,0,0,0,0,0,0
src/java/main/org/apache/jute/compiler/JFile.java,44,0,0,0,0,0,0,0,0,0,0,0,0,0,0,0,0,0,0,0,0,0,0,0,0,0,0,0
src/java/main/org/apache/jute/compiler/JRecord.java,675,0,0,0,0,0,0,0,0,0,0,0,0,0,0,0,0,0,0,0,0,0,0,0,0,0,0,0
src/java/main/org/apache/zookeeper/server/quorum/flexible/QuorumVerifier.java,15,0,0,0,0,0,0,0,0,0,0,0,0,0,0,0,0,0,0,0,0,0,0,0,0,0,0,0
src/java/main/org/apache/zookeeper/server/quorum/AuthFastLeaderElection.java,685,0,0,0,0,0,0,0,0,0,0,0,0,0,0,0,0,0,0,0,0,0,0,0,0,0,0,0
src/java/main/org/apache/zookeeper/server/quorum/LocalPeerBean.java,69,0,0,0,0,0,0,0,0,0,0,0,0,0,0,0,0,0,0,0,0,0,0,0,0,0,0,0
src/java/main/org/apache/zookeeper/server/quorum/flexible/QuorumMaj.java,103,0,0,0,0,0,0,0,0,0,0,0,0,0,0,0,0,0,0,0,0,0,0,0,0,0,0,0
src/java/main/org/apache/zookeeper/Testable.java,4,0,0,0,0,0,0,0,0,0,0,0,0,0,0,0,0,0,0,0,0,0,0,0,0,0,0,0
src/java/main/org/apache/zookeeper/ZooKeeperTestable.java,23,0,0,0,0,0,0,0,0,0,0,0,0,0,0,0,0,0,0,0,0,0,0,0,0,0,0,0
src/contrib/fatjar/src/java/org/apache/zookeeper/util/FatJarMain.java,81,0,0,0,0,0,0,0,0,0,0,0,0,0,0,0,0,0,0,0,0,0,0,0,0,0,0,0
src/contrib/loggraph/src/java/org/apache/zookeeper/graph/FilterOp.java,49,0,0,0,0,0,0,0,0,0,0,0,0,0,0,0,0,0,0,0,0,0,0,0,0,0,0,0
src/contrib/loggraph/src/java/org/apache/zookeeper/graph/JsonGenerator.java,171,0,0,0,0,0,0,0,0,0,0,0,0,0,0,0,0,0,0,0,0,0,0,0,0,0,0,0
src/contrib/loggraph/src/java/org/apache/zookeeper/graph/LogEntry.java,22,0,0,0,0,0,0,0,0,0,0,0,0,0,0,0,0,0,0,0,0,0,0,0,0,0,0,0
src/contrib/loggraph/src/java/org/apache/zookeeper/graph/MeasureThroughput.java,68,0,0,0,0,0,0,0,0,0,0,0,0,0,0,0,0,0,0,0,0,0,0,0,0,0,0,0
src/contrib/loggraph/src/java/org/apache/zookeeper/graph/servlets/Throughput.java,85,0,0,0,0,0,0,0,0,0,0,0,0,0,0,0,0,0,0,0,0,0,0,0,0,0,0,0
src/contrib/zooinspector/src/java/org/apache/zookeeper/inspector/gui/ZooInspectorConnectionPropertiesDialog.java,276,0,0,0,0,0,0,0,0,0,0,0,0,0,0,0,0,0,0,0,0,0,0,0,0,0,0,0
src/recipes/queue/src/java/org/apache/zookeeper/recipes/queue/DistributedQueue.java,187,0,0,0,0,0,0,0,0,0,0,0,0,0,0,0,0,0,0,0,0,0,0,0,0,0,0,0
src/contrib/zooinspector/src/java/org/apache/zookeeper/inspector/gui/ZooInspectorAboutDialog.java,51,0,0,0,0,0,0,0,0,0,0,0,0,0,0,0,0,0,0,0,0,0,0,0,0,0,0,0
src/contrib/zooinspector/src/java/org/apache/zookeeper/inspector/gui/ZooInspectorNodeViewersDialog.java,558,0,0,0,0,0,0,0,0,0,0,0,0,0,0,0,0,0,0,0,0,0,0,0,0,0,0,0
src/contrib/zooinspector/src/java/com/nitido/utils/toaster/Toaster.java,258,0,0,0,0,0,0,0,0,0,0,0,0,0,0,0,0,0,0,0,0,0,0,0,0,0,0,0
src/java/main/org/apache/zookeeper/server/Stats.java,17,0,0,0,0,0,0,0,0,0,0,0,0,0,0,0,0,0,0,0,0,0,0,0,0,0,0,0
src/java/main/org/apache/zookeeper/server/auth/DigestAuthenticationProvider.java,98,0,0,0,0,0,0,0,0,0,0,0,0,0,0,0,0,0,0,0,0,0,0,0,0,0,0,0
src/java/main/org/apache/zookeeper/server/quorum/AckRequestProcessor.java,21,0,0,0,0,0,0,0,0,0,0,0,0,0,0,0,0,0,0,0,0,0,0,0,0,0,0,0
src/java/main/org/apache/zookeeper/server/quorum/Election.java,6,0,0,0,0,0,0,0,0,0,0,0,0,0,0,0,0,0,0,0,0,0,0,0,0,0,0,0
src/contrib/loggraph/src/java/org/apache/zookeeper/graph/FilterParser.java,98,0,0,0,0,0,0,0,0,0,0,0,0,0,0,0,0,0,0,0,0,0,0,0,0,0,0,0
src/contrib/loggraph/src/java/org/apache/zookeeper/graph/Log4JEntry.java,18,0,0,0,0,0,0,0,0,0,0,0,0,0,0,0,0,0,0,0,0,0,0,0,0,0,0,0
src/contrib/loggraph/src/java/org/apache/zookeeper/graph/LogIterator.java,7,0,0,0,0,0,0,0,0,0,0,0,0,0,0,0,0,0,0,0,0,0,0,0,0,0,0,0
src/contrib/loggraph/src/java/org/apache/zookeeper/graph/LogServer.java,36,0,0,0,0,0,0,0,0,0,0,0,0,0,0,0,0,0,0,0,0,0,0,0,0,0,0,0
src/contrib/loggraph/src/java/org/apache/zookeeper/graph/LogSkipList.java,54,0,0,0,0,0,0,0,0,0,0,0,0,0,0,0,0,0,0,0,0,0,0,0,0,0,0,0
src/contrib/loggraph/src/java/org/apache/zookeeper/graph/MergedLogSource.java,169,0,0,0,0,0,0,0,0,0,0,0,0,0,0,0,0,0,0,0,0,0,0,0,0,0,0,0
src/contrib/loggraph/src/java/org/apache/zookeeper/graph/TransactionEntry.java,33,0,0,0,0,0,0,0,0,0,0,0,0,0,0,0,0,0,0,0,0,0,0,0,0,0,0,0
src/contrib/loggraph/src/java/org/apache/zookeeper/graph/servlets/FileLoader.java,33,0,0,0,0,0,0,0,0,0,0,0,0,0,0,0,0,0,0,0,0,0,0,0,0,0,0,0
src/contrib/loggraph/src/java/org/apache/zookeeper/graph/servlets/Fs.java,46,0,0,0,0,0,0,0,0,0,0,0,0,0,0,0,0,0,0,0,0,0,0,0,0,0,0,0
src/contrib/loggraph/src/java/org/apache/zookeeper/graph/servlets/GraphData.java,52,0,0,0,0,0,0,0,0,0,0,0,0,0,0,0,0,0,0,0,0,0,0,0,0,0,0,0
src/contrib/rest/src/java/org/apache/zookeeper/server/jersey/RestMain.java,98,0,0,0,0,0,0,0,0,0,0,0,0,0,0,0,0,0,0,0,0,0,0,0,0,0,0,0
src/contrib/rest/src/java/org/apache/zookeeper/server/jersey/ZooKeeperService.java,138,0,0,0,0,0,0,0,0,0,0,0,0,0,0,0,0,0,0,0,0,0,0,0,0,0,0,0
src/contrib/rest/src/java/org/apache/zookeeper/server/jersey/resources/SessionsResource.java,96,0,0,0,0,0,0,0,0,0,0,0,0,0,0,0,0,0,0,0,0,0,0,0,0,0,0,0
src/contrib/zooinspector/src/java/org/apache/zookeeper/inspector/logger/LoggerFactory.java,9,0,0,0,0,0,0,0,0,0,0,0,0,0,0,0,0,0,0,0,0,0,0,0,0,0,0,0
src/contrib/zooinspector/src/java/org/apache/zookeeper/inspector/manager/ZooInspectorNodeTreeManager.java,6,0,0,0,0,0,0,0,0,0,0,0,0,0,0,0,0,0,0,0,0,0,0,0,0,0,0,0
src/contrib/zooinspector/src/java/org/apache/zookeeper/inspector/manager/ZooInspectorReadOnlyManager.java,15,0,0,0,0,0,0,0,0,0,0,0,0,0,0,0,0,0,0,0,0,0,0,0,0,0,0,0
src/recipes/lock/src/java/org/apache/zookeeper/recipes/lock/LockListener.java,5,0,0,0,0,0,0,0,0,0,0,0,0,0,0,0,0,0,0,0,0,0,0,0,0,0,0,0
src/recipes/lock/src/java/org/apache/zookeeper/recipes/lock/ProtocolSupport.java,99,0,0,0,0,0,0,0,0,0,0,0,0,0,0,0,0,0,0,0,0,0,0,0,0,0,0,0
src/recipes/lock/src/java/org/apache/zookeeper/recipes/lock/WriteLock.java,168,0,0,0,0,0,0,0,0,0,0,0,0,0,0,0,0,0,0,0,0,0,0,0,0,0,0,0
src/java/main/org/apache/zookeeper/server/command/AbstractFourLetterCommand.java,43,0,0,0,0,0,0,0,0,0,0,0,0,0,0,0,0,0,0,0,0,0,0,0,0,0,0,0
src/java/main/org/apache/zookeeper/MultiTransactionRecord.java,123,0,0,0,0,0,0,0,0,0,0,0,0,0,0,0,0,0,0,0,0,0,0,0,0,0,0,0
src/java/main/org/apache/zookeeper/Op.java,237,0,0,0,0,0,0,0,0,0,0,0,0,0,0,0,0,0,0,0,0,0,0,0,0,0,0,0
src/java/main/org/apache/zookeeper/server/EphemeralType.java,39,0,0,0,0,0,0,0,0,0,0,0,0,0,0,0,0,0,0,0,0,0,0,0,0,0,0,0
src/java/main/org/apache/zookeeper/server/Request.java,227,0,0,0,0,0,0,0,0,0,0,0,0,0,0,0,0,0,0,0,0,0,0,0,0,0,0,0
src/java/main/org/apache/zookeeper/server/TraceFormatter.java,104,0,0,0,0,0,0,0,0,0,0,0,0,0,0,0,0,0,0,0,0,0,0,0,0,0,0,0
src/java/main/org/apache/zookeeper/cli/CliCommand.java,40,0,0,0,0,0,0,0,0,0,0,0,0,0,0,0,0,0,0,0,0,0,0,0,0,0,0,0
src/java/main/org/apache/zookeeper/cli/ReconfigCommand.java,108,0,0,0,0,0,0,0,0,0,0,0,0,0,0,0,0,0,0,0,0,0,0,0,0,0,0,0
src/java/main/org/apache/zookeeper/server/auth/KeyAuthenticationProvider.java,81,0,0,0,0,0,0,0,0,0,0,0,0,0,0,0,0,0,0,0,0,0,0,0,0,0,0,0
src/java/main/org/apache/zookeeper/server/auth/ServerAuthenticationProvider.java,61,0,0,0,0,0,0,0,0,0,0,0,0,0,0,0,0,0,0,0,0,0,0,0,0,0,0,0
src/java/main/org/apache/zookeeper/server/auth/WrappedAuthenticationProvider.java,36,0,0,0,0,0,0,0,0,0,0,0,0,0,0,0,0,0,0,0,0,0,0,0,0,0,0,0
src/java/main/org/apache/zookeeper/server/quorum/FollowerRequestProcessor.java,99,0,0,0,0,0,0,0,0,0,0,0,0,0,0,0,0,0,0,0,0,0,0,0,0,0,0,0
src/java/main/org/apache/zookeeper/server/quorum/SyncedLearnerTracker.java,50,0,0,0,0,0,0,0,0,0,0,0,0,0,0,0,0,0,0,0,0,0,0,0,0,0,0,0
src/java/main/org/apache/zookeeper/server/quorum/ObserverRequestProcessor.java,99,0,0,0,0,0,0,0,0,0,0,0,0,0,0,0,0,0,0,0,0,0,0,0,0,0,0,0
src/java/main/org/apache/zookeeper/server/quorum/ReadOnlyRequestProcessor.java,92,0,0,0,0,0,0,0,0,0,0,0,0,0,0,0,0,0,0,0,0,0,0,0,0,0,0,0
src/java/main/org/apache/zookeeper/server/util/SerializeUtils.java,120,0,0,0,0,0,0,0,0,0,0,0,0,0,0,0,0,0,0,0,0,0,0,0,0,0,0,0
src/java/main/org/apache/zookeeper/server/persistence/FileSnap.java,149,0,0,0,0,0,0,0,0,0,1,0,0,0,0,0,0,0,0,0,0,0,0,0,0,0,0,0
src/java/main/org/apache/zookeeper/server/persistence/FileTxnSnapLog.java,249,0,0,0,0,0,0,0,0,0,0,1,0,0,0,0,0,0,0,0,0,0,0,0,0,0,0,0
src/java/main/org/apache/zookeeper/server/persistence/SnapShot.java,14,0,0,0,0,0,0,0,0,0,0,0,0,0,0,0,0,0,0,0,0,0,0,0,0,0,0,0
src/java/main/org/apache/zookeeper/server/quorum/QuorumZooKeeperServer.java,133,0,0,0,0,0,0,0,0,0,0,0,0,0,0,0,0,0,0,0,0,0,0,0,1,0,0,0
src/java/main/org/apache/zookeeper/server/ExitCode.java,4,0,0,0,0,0,0,0,0,0,0,0,0,0,0,0,0,0,0,0,0,0,0,0,0,0,0,0
src/java/main/org/apache/zookeeper/server/SessionTrackerImpl.java,241,0,0,0,0,0,0,0,0,0,0,0,0,0,0,0,0,0,0,0,0,0,0,0,0,0,0,0
src/java/main/org/apache/zookeeper/server/SyncRequestProcessor.java,139,0,0,0,0,0,0,0,0,0,0,0,0,0,0,0,0,0,0,0,0,0,0,0,0,0,0,0
src/java/main/org/apache/zookeeper/server/ZooKeeperCriticalThread.java,17,0,0,0,0,0,0,0,0,0,0,0,0,0,0,0,0,0,0,0,0,0,0,0,0,0,0,0
src/java/main/org/apache/zookeeper/server/ZooKeeperServerListener.java,4,0,0,0,0,0,0,0,0,0,0,0,0,0,0,0,0,0,0,0,0,0,0,0,0,0,0,0
src/java/main/org/apache/zookeeper/server/quorum/FollowerZooKeeperServer.java,85,0,0,0,0,0,0,0,0,0,0,0,0,0,0,0,0,0,0,0,0,0,0,0,0,0,0,0
src/java/main/org/apache/zookeeper/server/quorum/LeaderSessionTracker.java,156,0,0,0,0,0,0,0,0,0,0,0,0,0,0,0,0,0,0,0,0,0,0,0,0,0,0,0
src/java/main/org/apache/zookeeper/server/quorum/LearnerSessionTracker.java,161,0,0,0,0,0,0,0,0,0,0,0,0,0,0,0,0,0,0,0,0,0,0,0,0,0,0,0
src/java/main/org/apache/zookeeper/server/quorum/LearnerZooKeeperServer.java,122,0,0,0,0,0,0,0,0,0,0,0,0,0,0,0,0,0,0,0,0,0,0,0,0,0,0,0
src/java/main/org/apache/zookeeper/server/quorum/LocalSessionTracker.java,20,0,0,0,0,0,0,0,0,0,0,0,0,0,0,0,0,0,0,0,0,0,0,0,0,0,0,0
src/java/main/org/apache/zookeeper/server/quorum/ObserverZooKeeperServer.java,72,0,0,0,0,0,0,0,0,0,0,0,0,0,0,0,0,0,0,0,0,0,0,0,0,0,0,0
src/java/main/org/apache/zookeeper/server/quorum/UpgradeableSessionTracker.java,47,0,0,0,0,0,0,0,0,0,0,0,0,0,0,0,0,0,0,0,0,0,0,0,0,0,0,0
src/java/main/org/apache/zookeeper/server/ZooKeeperServerBean.java,116,0,0,0,0,0,0,0,0,0,0,0,0,0,0,0,0,0,0,0,0,0,0,0,0,0,0,0
src/java/main/org/apache/zookeeper/server/ZooKeeperServerMXBean.java,29,0,0,0,0,0,0,0,0,0,0,0,0,0,0,0,0,0,0,0,0,0,0,0,0,0,0,0
src/java/main/org/apache/zookeeper/server/persistence/TxnLog.java,22,0,0,0,0,0,0,0,0,0,0,0,0,0,0,0,0,0,0,0,0,0,0,0,0,0,0,0
src/java/main/org/apache/zookeeper/server/ObserverBean.java,19,0,0,0,0,0,0,0,0,0,0,0,0,0,0,0,0,0,0,0,0,0,0,0,0,0,0,0
src/java/main/org/apache/zookeeper/Shell.java,261,0,0,0,0,0,0,0,0,0,0,0,0,0,0,0,0,0,0,0,0,0,0,0,0,0,0,0
src/java/main/org/apache/zookeeper/cli/CreateCommand.java,102,0,1,0,0,0,0,0,0,0,0,0,0,0,0,0,0,0,0,0,0,0,0,0,0,0,0,0
src/java/main/org/apache/zookeeper/cli/DeleteAllCommand.java,52,0,1,0,0,0,0,0,0,0,0,0,0,0,0,0,0,0,0,0,0,0,0,0,0,0,0,0
src/java/main/org/apache/zookeeper/cli/DeleteCommand.java,60,0,1,0,0,0,0,0,0,0,0,0,0,0,0,0,0,0,0,0,0,0,0,0,0,0,0,0
src/java/main/org/apache/zookeeper/cli/DelQuotaCommand.java,100,0,1,0,0,0,0,0,0,0,0,0,0,0,0,0,0,0,0,0,0,0,0,0,0,0,0,0
src/java/main/org/apache/zookeeper/cli/GetAclCommand.java,76,0,1,0,0,0,0,0,0,0,0,0,0,0,0,0,0,0,0,0,0,0,0,0,0,0,0,0
src/java/main/org/apache/zookeeper/cli/GetCommand.java,65,0,1,0,0,0,0,0,0,0,0,0,0,0,0,0,0,0,0,0,0,0,0,0,0,0,0,0
src/java/main/org/apache/zookeeper/cli/ListQuotaCommand.java,53,0,1,0,0,0,0,0,0,0,0,0,0,0,0,0,0,0,0,0,0,0,0,0,0,0,0,0
src/java/main/org/apache/zookeeper/cli/Ls2Command.java,46,0,1,0,0,0,0,0,0,0,0,0,0,0,0,0,0,0,0,0,0,0,0,0,0,0,0,0
src/java/main/org/apache/zookeeper/cli/LsCommand.java,102,0,1,0,0,0,0,0,0,0,0,0,0,0,0,0,0,0,0,0,0,0,0,0,0,0,0,0
src/java/main/org/apache/zookeeper/cli/MalformedPathException.java,7,0,1,0,0,0,0,0,0,0,0,0,0,0,0,0,0,0,0,0,0,0,0,0,0,0,0,0
src/java/main/org/apache/zookeeper/cli/RemoveWatchesCommand.java,58,0,1,0,0,0,0,0,0,0,0,0,0,0,0,0,0,0,0,0,0,0,0,0,0,0,0,0
src/java/main/org/apache/zookeeper/cli/SetAclCommand.java,55,0,1,0,0,0,0,0,0,0,0,0,0,0,0,0,0,0,0,0,0,0,0,0,0,0,0,0
src/java/main/org/apache/zookeeper/cli/SetCommand.java,52,0,1,0,0,0,0,0,0,0,0,0,0,0,0,0,0,0,0,0,0,0,0,0,0,0,0,0
src/java/main/org/apache/zookeeper/cli/SetQuotaCommand.java,157,0,1,0,0,0,0,0,0,0,0,0,0,0,0,0,0,0,0,0,0,0,0,0,0,0,0,0
src/java/main/org/apache/zookeeper/cli/StatCommand.java,62,0,1,0,0,0,0,0,0,0,0,0,0,0,0,0,0,0,0,0,0,0,0,0,0,0,0,0
src/java/main/org/apache/zookeeper/cli/SyncCommand.java,45,0,1,0,0,0,0,0,0,0,0,0,0,0,0,0,0,0,0,0,0,0,0,0,0,0,0,0
src/java/main/org/apache/zookeeper/server/persistence/FileTxnLog.java,441,1,0,0,0,0,0,0,0,0,0,0,0,0,0,0,0,0,0,0,0,0,0,0,0,0,0,0
src/java/main/org/apache/zookeeper/Login.java,297,0,0,0,0,0,0,0,0,0,0,0,0,0,0,0,0,0,0,0,0,0,0,0,0,0,0,0
src/java/main/org/apache/zookeeper/SaslClientCallbackHandler.java,75,0,0,0,0,0,0,0,0,0,0,0,0,0,0,0,0,0,0,0,0,0,0,0,0,0,0,0
src/java/main/org/apache/zookeeper/util/SecurityUtils.java,186,0,0,0,0,0,0,0,0,0,0,0,0,0,0,0,0,0,0,0,0,0,0,0,0,0,0,0
src/java/main/org/apache/zookeeper/server/ServerCnxn.java,266,0,0,0,0,0,0,0,0,0,0,0,0,0,0,0,0,0,0,0,0,0,0,0,0,0,0,0
src/java/main/org/apache/zookeeper/server/ZooKeeperSaslServer.java,33,0,0,0,0,0,0,0,0,0,0,0,0,0,0,0,0,0,0,0,0,0,0,0,0,0,0,0
src/java/main/org/apache/zookeeper/server/ZooKeeperServer.java,879,0,0,1,0,0,0,0,0,0,0,0,0,0,0,0,0,1,0,0,0,0,0,0,0,0,0,0
src/java/main/org/apache/zookeeper/client/ZooKeeperSaslClient.java,338,0,0,0,0,0,0,0,0,0,0,0,0,0,0,0,0,0,0,0,0,0,0,0,0,0,0,0
src/java/main/org/apache/zookeeper/server/auth/SaslServerCallbackHandler.java,112,0,0,0,0,0,0,0,0,0,0,0,0,0,0,0,0,0,0,0,0,0,0,0,0,0,0,0
src/java/main/org/apache/zookeeper/server/quorum/FastLeaderElection.java,639,0,0,0,0,0,0,0,0,0,0,0,0,0,0,0,0,0,0,0,0,0,0,0,0,0,0,0
src/java/main/org/apache/zookeeper/server/quorum/Follower.java,143,0,0,0,0,0,0,0,0,0,0,0,0,0,0,0,0,0,0,0,0,0,0,0,0,0,0,0
src/java/main/org/apache/zookeeper/server/quorum/Leader.java,845,0,0,0,0,0,1,0,0,0,0,0,0,0,0,0,0,0,1,1,0,0,0,0,0,0,0,0
src/java/main/org/apache/zookeeper/server/quorum/Learner.java,469,0,0,0,0,0,0,0,0,0,0,0,1,0,0,0,0,0,0,0,0,0,0,0,0,0,0,0
src/java/main/org/apache/zookeeper/server/quorum/LearnerHandler.java,693,0,0,0,0,0,0,0,0,0,0,0,0,0,0,1,0,0,0,0,0,0,0,0,0,0,0,0
src/java/main/org/apache/zookeeper/server/quorum/Observer.java,107,0,0,0,0,0,0,0,0,0,0,0,0,0,0,0,0,0,0,0,0,0,0,0,0,0,0,0
src/java/main/org/apache/zookeeper/server/quorum/QuorumCnxManager.java,793,0,0,0,0,0,0,0,0,0,0,0,0,0,0,0,0,0,0,0,0,0,0,0,0,0,0,0
src/java/main/org/apache/zookeeper/server/quorum/QuorumPeer.java,1453,0,0,0,0,0,0,0,0,0,0,0,0,0,0,0,0,0,0,0,0,0,0,0,0,0,0,0
src/java/main/org/apache/zookeeper/server/quorum/QuorumPeerConfig.java,626,0,0,0,0,0,0,0,0,0,0,0,0,0,0,0,0,0,0,0,0,0,0,0,0,0,0,0
src/java/main/org/apache/zookeeper/server/quorum/QuorumPeerMain.java,138,0,0,0,1,0,0,0,0,0,0,0,0,0,0,0,0,0,0,0,0,0,0,0,0,0,0,0
src/java/main/org/apache/zookeeper/server/quorum/auth/NullQuorumAuthLearner.java,8,0,0,0,0,0,0,0,0,0,0,0,0,0,0,0,0,0,0,0,0,0,0,0,0,0,0,0
src/java/main/org/apache/zookeeper/server/quorum/auth/NullQuorumAuthServer.java,9,0,0,0,0,0,0,0,0,0,0,0,0,0,0,0,0,0,0,0,0,0,0,0,0,0,0,0
src/java/main/org/apache/zookeeper/server/quorum/auth/QuorumAuth.java,60,0,0,0,0,0,0,0,0,0,0,0,0,0,0,0,0,0,0,0,0,0,0,0,0,0,0,0
src/java/main/org/apache/zookeeper/server/quorum/auth/QuorumAuthLearner.java,6,0,0,0,0,0,0,0,0,0,0,0,0,0,0,0,0,0,0,0,0,0,0,0,0,0,0,0
src/java/main/org/apache/zookeeper/server/quorum/auth/QuorumAuthServer.java,8,0,0,0,0,0,0,0,0,0,0,0,0,0,0,0,0,0,0,0,0,0,0,0,0,0,0,0
src/java/main/org/apache/zookeeper/server/quorum/auth/SaslQuorumAuthLearner.java,186,0,0,0,0,0,0,0,0,0,0,0,0,0,0,0,0,0,0,0,0,0,0,0,0,0,0,0
src/java/main/org/apache/zookeeper/server/quorum/auth/SaslQuorumAuthServer.java,141,0,0,0,0,0,0,0,0,0,0,0,0,0,0,0,0,0,0,0,0,0,0,0,0,0,0,0
src/java/main/org/apache/zookeeper/server/quorum/auth/SaslQuorumServerCallbackHandler.java,100,0,0,0,0,0,0,0,0,0,0,0,0,0,0,0,0,0,0,0,0,0,0,0,0,0,0,0
src/java/main/org/apache/zookeeper/JLineZNodeCompleter.java,58,0,0,0,0,0,0,0,0,0,0,0,0,0,0,0,0,0,0,0,0,0,0,0,0,0,0,0
src/java/main/org/apache/zookeeper/ClientWatchManager.java,6,0,0,0,0,0,0,0,0,0,0,0,0,0,0,0,0,0,0,0,0,0,0,0,0,0,0,0
src/java/main/org/apache/zookeeper/server/NettyServerCnxn.java,397,0,0,0,0,0,0,0,1,0,0,0,0,0,1,0,0,0,0,0,0,1,0,0,0,0,0,0
src/java/main/org/apache/zookeeper/server/ZooKeeperServerListenerImpl.java,17,0,0,0,0,0,0,0,0,0,0,0,0,0,0,0,0,0,0,0,0,0,0,0,0,0,0,0
src/java/main/org/apache/zookeeper/server/ZooKeeperServerShutdownHandler.java,14,0,0,0,0,0,0,0,0,0,0,0,0,0,0,0,0,0,0,0,0,0,0,0,0,0,0,0
src/java/main/org/apache/zookeeper/server/quorum/ReadOnlyZooKeeperServer.java,122,0,0,0,0,0,0,0,0,0,0,0,0,0,0,0,0,0,0,0,0,0,0,0,0,0,0,0
src/recipes/lock/src/java/org/apache/zookeeper/recipes/lock/ZNodeName.java,59,0,0,0,0,0,0,1,0,0,0,0,0,0,0,0,0,0,0,0,0,0,0,0,0,0,0,0
src/java/main/org/apache/zookeeper/cli/AddAuthCommand.java,39,0,0,0,0,0,0,0,0,0,0,0,0,0,0,0,0,0,0,0,0,0,0,0,0,0,0,0
src/java/main/org/apache/zookeeper/cli/CloseCommand.java,19,0,0,0,0,0,0,0,0,0,0,0,0,0,0,0,0,0,0,0,0,0,0,0,0,0,0,0
src/java/main/org/apache/zookeeper/cli/GetConfigCommand.java,53,0,0,0,0,0,0,0,0,0,0,0,0,0,0,0,0,0,0,0,0,0,0,0,0,0,0,0
src/java/main/org/apache/zookeeper/server/ReferenceCountedACLCache.java,158,0,0,0,0,0,0,0,0,0,0,0,0,0,0,0,0,0,0,0,0,0,0,0,0,0,0,0
src/java/main/org/apache/zookeeper/server/quorum/LeaderRequestProcessor.java,47,0,0,0,0,0,0,0,0,0,0,0,0,0,0,0,0,0,0,0,0,0,0,0,0,0,0,0
src/java/main/org/apache/zookeeper/server/quorum/RemotePeerBean.java,33,0,0,0,0,0,0,0,0,0,0,0,0,0,0,0,0,0,0,0,0,0,0,0,0,0,0,0
src/contrib/rest/src/java/org/apache/zookeeper/server/jersey/resources/RuntimeExceptionMapper.java,27,0,0,0,0,0,0,0,0,0,0,0,0,0,0,0,0,0,0,0,0,0,0,0,0,0,0,0
src/java/main/org/apache/zookeeper/server/ByteBufferOutputStream.java,30,0,0,0,0,0,0,0,0,0,0,0,0,0,0,0,0,0,0,0,0,0,0,0,0,0,0,0
src/java/main/org/apache/zookeeper/server/auth/IPAuthenticationProvider.java,101,0,0,0,0,0,0,0,0,0,0,0,0,0,0,0,0,0,0,0,0,0,0,0,0,0,0,0
src/java/main/org/apache/zookeeper/jmx/MBeanRegistry.java,133,0,0,0,0,0,0,0,0,0,0,0,0,0,0,0,0,0,0,0,0,0,0,0,0,0,0,0
src/java/main/org/apache/zookeeper/server/ZKDatabase.java,331,0,0,0,0,0,0,0,0,0,0,0,0,0,0,1,1,0,0,0,0,0,0,0,0,0,0,0
src/recipes/lock/src/java/org/apache/zookeeper/recipes/lock/ZooKeeperOperation.java,5,0,0,0,0,0,0,0,0,0,0,0,0,0,0,0,0,0,0,0,0,0,0,0,0,0,0,0
src/java/main/org/apache/zookeeper/server/persistence/Util.java,163,0,0,0,0,0,0,0,0,0,0,0,0,0,0,0,0,0,0,0,0,0,0,0,0,0,0,0
src/contrib/zooinspector/src/java/org/apache/zookeeper/retry/ZooKeeperRetry.java,226,0,0,0,0,0,0,0,0,0,0,0,0,0,0,0,0,0,0,0,0,0,0,0,0,0,0,0
src/contrib/zooinspector/src/java/org/apache/zookeeper/inspector/encryption/BasicDataEncryptionManager.java,12,0,0,0,0,0,0,0,0,0,0,0,0,0,0,0,0,0,0,0,0,0,0,0,0,0,0,0
src/contrib/zooinspector/src/java/org/apache/zookeeper/inspector/encryption/DataEncryptionManager.java,5,0,0,0,0,0,0,0,0,0,0,0,0,0,0,0,0,0,0,0,0,0,0,0,0,0,0,0
src/contrib/zooinspector/src/java/org/apache/zookeeper/inspector/gui/NodeViewersChangeListener.java,6,0,0,0,0,0,0,0,0,0,0,0,0,0,0,0,0,0,0,0,0,0,0,0,0,0,0,0
src/contrib/zooinspector/src/java/org/apache/zookeeper/inspector/gui/ZooInspectorNodeViewersPanel.java,86,0,0,0,0,0,0,0,0,0,0,0,0,0,0,0,0,0,0,0,0,0,0,0,0,0,0,0
src/contrib/zooinspector/src/java/org/apache/zookeeper/inspector/manager/NodeListener.java,6,0,0,0,0,0,0,0,0,0,0,0,0,0,0,0,0,0,0,0,0,0,0,0,0,0,0,0
src/contrib/zooinspector/src/java/org/apache/zookeeper/inspector/manager/Pair.java,56,0,0,0,0,0,0,0,0,0,0,0,0,0,0,0,0,0,0,0,0,0,0,0,0,0,0,0
src/contrib/zooinspector/src/java/org/apache/zookeeper/inspector/manager/ZooInspectorManager.java,28,0,0,0,0,0,0,0,0,0,0,0,0,0,0,0,0,0,0,0,0,0,0,0,0,0,0,0
src/contrib/zooinspector/src/java/org/apache/zookeeper/inspector/manager/ZooInspectorNodeManager.java,4,0,0,0,0,0,0,0,0,0,0,0,0,0,0,0,0,0,0,0,0,0,0,0,0,0,0,0
src/contrib/zooinspector/src/java/org/apache/zookeeper/inspector/gui/nodeviewer/NodeViewerACL.java,131,0,0,0,0,0,0,0,0,0,0,0,0,0,0,0,0,0,0,0,0,0,0,0,0,0,0,0
src/contrib/zooinspector/src/java/org/apache/zookeeper/inspector/gui/nodeviewer/NodeViewerMetaData.java,128,0,0,0,0,0,0,0,0,0,0,0,0,0,0,0,0,0,0,0,0,0,0,0,0,0,0,0
src/contrib/zooinspector/src/java/org/apache/zookeeper/inspector/gui/nodeviewer/ZooInspectorNodeViewer.java,59,0,0,0,0,0,0,0,0,0,0,0,0,0,0,0,0,0,0,0,0,0,0,0,0,0,0,0
src/java/main/org/apache/zookeeper/server/auth/AuthenticationProvider.java,10,0,0,0,0,0,0,0,0,0,0,0,0,0,0,0,0,0,0,0,0,0,0,0,0,0,0,0
src/java/main/org/apache/zookeeper/cli/CliException.java,30,0,0,0,0,0,0,0,0,0,0,0,0,0,0,0,0,0,0,0,0,0,0,0,0,0,0,0
src/java/main/org/apache/zookeeper/common/AtomicFileOutputStream.java,65,0,0,0,0,0,0,0,0,0,0,0,0,0,0,0,0,0,0,0,0,0,0,0,0,0,0,0
src/java/main/org/apache/zookeeper/server/command/EnvCommand.java,20,0,0,0,0,0,0,0,0,0,0,0,0,0,0,0,0,0,0,0,0,0,0,0,0,0,0,0
src/java/main/org/apache/zookeeper/server/command/RuokCommand.java,12,0,0,0,0,0,0,0,0,0,0,0,0,0,0,0,0,0,0,0,0,0,0,0,0,0,0,0
src/java/main/org/apache/zookeeper/server/command/SetTraceMaskCommand.java,14,0,0,0,0,0,0,0,0,0,0,0,0,0,0,0,0,0,0,0,0,0,0,0,0,0,0,0
src/java/main/org/apache/zookeeper/server/command/TraceMaskCommand.java,14,0,0,0,0,0,0,0,0,0,0,0,0,0,0,0,0,0,0,0,0,0,0,0,0,0,0,0
src/contrib/zooinspector/src/java/org/apache/zookeeper/inspector/ZooInspector.java,39,0,0,0,0,0,0,0,0,0,0,0,0,0,0,0,0,0,0,0,0,0,0,0,0,0,0,0
src/contrib/zooinspector/src/java/org/apache/zookeeper/inspector/gui/nodeviewer/NodeViewerData.java,88,0,0,0,0,0,0,0,0,0,0,0,0,0,0,0,0,0,0,0,0,0,0,0,0,0,0,0
src/java/main/org/apache/zookeeper/server/ServerStats.java,110,0,0,0,0,0,0,0,0,0,0,0,0,0,0,0,0,0,0,0,0,0,0,0,0,0,0,0
src/java/main/org/apache/zookeeper/client/StaticHostProvider.java,204,0,0,0,0,0,0,0,0,0,0,0,0,0,0,0,0,0,0,0,0,0,0,0,0,0,0,0
src/java/main/org/apache/zookeeper/server/command/CommandExecutor.java,53,0,0,0,0,0,0,0,0,0,0,0,0,0,0,0,0,0,0,0,0,0,0,0,0,0,0,0
src/java/main/org/apache/zookeeper/server/quorum/flexible/QuorumHierarchical.java,243,0,0,0,0,0,0,0,0,0,0,0,0,0,0,0,0,0,0,0,0,0,0,0,0,0,0,0
src/java/main/org/apache/zookeeper/client/ConnectStringParser.java,44,0,0,0,0,0,0,0,0,0,0,0,0,0,0,0,0,0,0,0,0,0,0,0,0,0,0,0
src/java/main/org/apache/zookeeper/server/auth/DigestLoginModule.java,30,0,0,0,0,0,0,0,0,0,0,0,0,0,0,0,0,0,0,0,0,0,0,0,0,0,0,0
src/recipes/election/src/java/org/apache/zookeeper/recipes/leader/LeaderElectionAware.java,5,0,0,0,0,0,0,0,0,0,0,0,0,0,0,0,0,0,0,0,0,0,0,0,0,0,0,0
src/recipes/election/src/java/org/apache/zookeeper/recipes/leader/LeaderElectionSupport.java,219,0,0,0,0,0,0,0,0,0,0,0,0,0,0,0,0,0,0,0,0,0,0,0,0,0,0,0
src/recipes/election/src/java/org/apache/zookeeper/recipes/leader/LeaderOffer.java,43,0,0,0,0,0,0,0,0,0,0,0,0,0,0,0,0,0,0,0,0,0,0,0,0,0,0,0
src/java/main/org/apache/zookeeper/server/TxnLogProposalIterator.java,69,0,0,0,0,0,0,0,0,0,0,0,0,0,0,0,0,0,0,0,0,0,0,0,0,0,0,0
src/java/main/org/apache/zookeeper/server/SessionTracker.java,36,0,0,0,0,0,0,0,0,0,0,0,0,0,0,0,0,0,0,0,0,0,0,0,0,0,0,0
src/java/main/org/apache/zookeeper/server/WatchesPathReport.java,29,0,0,0,0,0,0,0,0,0,0,0,0,0,0,0,0,0,0,0,0,0,0,0,0,0,0,0
src/java/main/org/apache/zookeeper/server/WatchesReport.java,29,0,0,0,0,0,0,0,0,0,0,0,0,0,0,0,0,0,0,0,0,0,0,0,0,0,0,0
src/java/main/org/apache/zookeeper/server/WatchesSummary.java,32,0,0,0,0,0,0,0,0,0,0,0,0,0,0,0,0,0,0,0,0,0,0,0,0,0,0,0
src/java/main/org/apache/zookeeper/server/ZooKeeperServerConf.java,70,0,0,0,0,0,0,0,0,0,0,0,0,0,0,0,0,0,0,0,0,0,0,0,0,0,0,0
src/java/main/org/apache/zookeeper/server/admin/AdminServerFactory.java,29,0,0,0,0,0,0,0,0,0,0,0,0,0,0,0,0,0,0,0,0,0,0,0,0,0,0,0
src/java/main/org/apache/zookeeper/server/admin/Command.java,10,0,0,0,0,0,0,0,0,0,0,0,0,0,0,0,0,0,0,0,0,0,0,0,0,0,0,0
src/java/main/org/apache/zookeeper/server/admin/CommandBase.java,32,0,0,0,0,0,0,0,0,0,0,0,0,0,0,0,0,0,0,0,0,0,0,0,0,0,0,0
src/java/main/org/apache/zookeeper/server/admin/CommandOutputter.java,7,0,0,0,0,0,0,0,0,0,0,0,0,0,0,0,0,0,0,0,0,0,0,0,0,0,0,0
src/java/main/org/apache/zookeeper/server/admin/CommandResponse.java,37,0,0,0,0,0,0,0,0,0,0,0,0,0,0,0,0,0,0,0,0,0,0,0,0,0,0,0
src/java/main/org/apache/zookeeper/server/admin/DummyAdminServer.java,10,0,0,0,0,0,0,0,0,0,0,0,0,0,0,0,0,0,0,0,0,0,0,0,0,0,0,0
src/java/main/org/apache/zookeeper/server/admin/JsonOutputter.java,41,0,0,0,0,0,0,0,0,0,0,0,0,0,0,0,0,0,0,0,0,0,0,0,0,0,0,0
src/java/main/org/apache/zookeeper/server/command/FourLetterCommands.java,109,0,0,0,0,0,0,0,0,0,0,0,0,0,1,0,0,0,0,0,0,0,0,0,0,0,1,0
src/java/main/org/apache/zookeeper/server/DataTree.java,1007,0,0,0,0,0,0,0,0,0,0,0,0,0,0,0,1,0,0,0,0,0,0,0,0,0,0,0
src/contrib/loggraph/src/java/org/apache/zookeeper/graph/FilterException.java,4,0,0,0,0,0,0,0,0,0,0,0,0,0,0,0,0,0,0,0,0,0,0,0,0,0,0,0
src/contrib/loggraph/src/java/org/apache/zookeeper/graph/LogSource.java,11,0,0,0,0,0,0,0,0,0,0,0,0,0,0,0,0,0,0,0,0,0,0,0,0,0,0,0
src/contrib/loggraph/src/java/org/apache/zookeeper/graph/filterops/AndOp.java,14,0,0,0,0,0,0,0,0,0,0,0,0,0,0,0,0,0,0,0,0,0,0,0,0,0,0,0
src/contrib/loggraph/src/java/org/apache/zookeeper/graph/filterops/Arg.java,14,0,0,0,0,0,0,0,0,0,0,0,0,0,0,0,0,0,0,0,0,0,0,0,0,0,0,0
src/contrib/loggraph/src/java/org/apache/zookeeper/graph/filterops/EqualsOp.java,22,0,0,0,0,0,0,0,0,0,0,0,0,0,0,0,0,0,0,0,0,0,0,0,0,0,0,0
src/contrib/loggraph/src/java/org/apache/zookeeper/graph/filterops/GreaterThanOp.java,46,0,0,0,0,0,0,0,0,0,0,0,0,0,0,0,0,0,0,0,0,0,0,0,0,0,0,0
src/contrib/loggraph/src/java/org/apache/zookeeper/graph/filterops/LessThanOp.java,46,0,0,0,0,0,0,0,0,0,0,0,0,0,0,0,0,0,0,0,0,0,0,0,0,0,0,0
src/contrib/loggraph/src/java/org/apache/zookeeper/graph/filterops/NotOp.java,12,0,0,0,0,0,0,0,0,0,0,0,0,0,0,0,0,0,0,0,0,0,0,0,0,0,0,0
src/contrib/loggraph/src/java/org/apache/zookeeper/graph/filterops/NumberArg.java,8,0,0,0,0,0,0,0,0,0,0,0,0,0,0,0,0,0,0,0,0,0,0,0,0,0,0,0
src/contrib/loggraph/src/java/org/apache/zookeeper/graph/filterops/OrOp.java,14,0,0,0,0,0,0,0,0,0,0,0,0,0,0,0,0,0,0,0,0,0,0,0,0,0,0,0
src/contrib/loggraph/src/java/org/apache/zookeeper/graph/filterops/StringArg.java,8,0,0,0,0,0,0,0,0,0,0,0,0,0,0,0,0,0,0,0,0,0,0,0,0,0,0,0
src/contrib/loggraph/src/java/org/apache/zookeeper/graph/filterops/SymbolArg.java,8,0,0,0,0,0,0,0,0,0,0,0,0,0,0,0,0,0,0,0,0,0,0,0,0,0,0,0
src/contrib/loggraph/src/java/org/apache/zookeeper/graph/filterops/XorOp.java,21,0,0,0,0,0,0,0,0,0,0,0,0,0,0,0,0,0,0,0,0,0,0,0,0,0,0,0
src/contrib/loggraph/src/java/org/apache/zookeeper/graph/servlets/JsonServlet.java,55,0,0,0,0,0,0,0,0,0,0,0,0,0,0,0,0,0,0,0,0,0,0,0,0,0,0,0
src/contrib/loggraph/src/java/org/apache/zookeeper/graph/Log4JSource.java,301,0,0,0,0,0,0,0,0,0,0,0,0,0,0,0,0,0,0,0,0,0,0,0,0,0,0,0
src/contrib/loggraph/src/java/org/apache/zookeeper/graph/RandomAccessFileReader.java,242,0,0,0,0,0,0,0,0,0,0,0,0,0,0,0,0,0,0,0,0,0,0,0,0,0,0,0
src/contrib/loggraph/src/java/org/apache/zookeeper/graph/servlets/NumEvents.java,54,0,0,0,0,0,0,0,0,0,0,0,0,0,0,0,0,0,0,0,0,0,0,0,0,0,0,0
src/contrib/loggraph/src/java/org/apache/zookeeper/graph/servlets/StaticContent.java,29,0,0,0,0,0,0,0,0,0,0,0,0,0,0,0,0,0,0,0,0,0,0,0,0,0,0,0
src/contrib/rest/src/java/org/apache/zookeeper/server/jersey/cfg/RestCfg.java,73,0,0,0,0,0,0,0,0,0,0,0,0,0,0,0,0,0,0,0,0,0,0,0,0,0,0,0
src/contrib/loggraph/src/java/org/apache/zookeeper/graph/TxnLogSource.java,302,0,0,0,0,0,0,0,0,0,0,0,0,0,0,0,0,0,0,0,0,0,0,0,0,0,0,0
src/java/main/org/apache/jute/BinaryOutputArchive.java,96,0,0,0,0,0,0,0,0,0,0,0,0,0,0,0,0,0,0,0,0,0,0,0,0,0,0,0
src/java/main/org/apache/jute/CsvInputArchive.java,157,0,0,0,0,0,0,0,0,0,0,0,0,0,0,0,0,0,0,0,0,0,0,0,0,0,0,0
src/java/main/org/apache/jute/CsvOutputArchive.java,106,0,0,0,0,0,0,0,0,0,0,0,0,0,0,0,0,0,0,0,0,0,0,0,0,0,0,0
src/java/main/org/apache/jute/OutputArchive.java,22,0,0,0,0,0,0,0,0,0,0,0,0,0,0,0,0,0,0,0,0,0,0,0,0,0,0,0
src/java/main/org/apache/jute/RecordReader.java,52,0,0,0,0,0,0,0,0,0,0,0,0,0,0,0,0,0,0,0,0,0,0,0,0,0,0,0
src/java/main/org/apache/jute/RecordWriter.java,54,0,0,0,0,0,0,0,0,0,0,0,0,0,0,0,0,0,0,0,0,0,0,0,0,0,0,0
src/java/main/org/apache/jute/XmlOutputArchive.java,195,0,0,0,0,0,0,0,0,0,0,0,0,0,0,0,0,0,0,0,0,0,0,0,0,0,0,0
src/java/main/org/apache/zookeeper/server/auth/SASLAuthenticationProvider.java,35,0,0,0,0,0,0,0,0,0,0,0,0,0,0,0,0,1,0,0,0,0,0,0,0,0,0,0
src/java/main/org/apache/zookeeper/Version.java,46,0,0,0,0,0,0,0,0,0,0,0,0,0,0,0,0,0,0,0,0,0,0,0,0,0,0,0
src/java/main/org/apache/zookeeper/version/util/VerGen.java,119,0,0,0,0,0,0,0,0,0,0,0,0,0,0,0,0,0,0,0,0,0,0,0,0,0,0,0
src/java/main/org/apache/jute/BinaryInputArchive.java,84,0,0,0,0,0,0,0,0,0,0,0,0,0,0,0,0,0,0,0,0,0,0,0,0,0,0,0
src/java/main/org/apache/zookeeper/server/UnimplementedRequestProcessor.java,19,0,0,0,0,0,0,0,0,0,0,0,0,0,0,0,0,0,0,0,0,0,0,0,0,0,0,0
src/java/main/org/apache/zookeeper/server/quorum/StateSummary.java,30,0,0,0,0,0,0,0,0,0,0,0,0,0,0,0,0,0,0,0,0,0,0,0,0,0,0,0
src/java/main/org/apache/zookeeper/server/util/ZxidUtils.java,15,0,0,0,0,0,0,0,0,0,0,0,0,0,0,0,0,0,0,0,0,0,0,0,0,0,0,0
src/java/main/org/apache/zookeeper/ZKUtil.java,86,0,0,0,0,0,0,0,0,0,0,0,0,0,0,0,0,0,0,0,0,0,0,0,0,0,0,0
src/java/main/org/apache/zookeeper/WatchDeregistration.java,29,0,0,0,0,0,0,0,0,0,0,0,0,0,0,0,0,0,0,0,0,0,0,0,0,0,0,0
src/java/main/org/apache/zookeeper/server/quorum/LocalPeerMXBean.java,19,0,0,0,0,0,0,0,0,0,0,0,0,0,0,0,0,0,0,0,0,0,0,0,0,0,0,0
src/java/main/org/apache/zookeeper/server/auth/KerberosName.java,268,0,0,0,0,0,0,0,0,0,0,0,0,0,0,0,0,0,0,0,0,0,0,0,0,0,0,0
src/java/main/org/apache/zookeeper/server/quorum/RemotePeerMXBean.java,8,0,0,0,0,0,0,0,0,0,0,0,0,0,0,0,0,0,0,0,0,0,0,0,0,0,0,0
src/java/main/org/apache/zookeeper/server/ZooTrace.java,50,0,0,0,0,0,0,0,0,0,0,0,0,0,0,0,0,0,0,0,0,0,0,0,0,0,0,1
src/java/main/org/apache/zookeeper/server/util/KerberosUtil.java,24,0,0,0,0,0,0,0,0,0,0,0,0,0,0,0,0,0,0,0,0,0,0,0,0,0,0,0
src/java/main/org/apache/zookeeper/server/util/OSMXBean.java,109,0,0,0,0,0,0,0,0,0,0,0,0,0,0,0,0,0,0,0,0,0,0,0,0,0,0,0
src/java/main/org/apache/zookeeper/common/IOUtils.java,55,0,0,0,0,0,0,0,0,0,0,0,0,0,0,0,0,0,0,0,0,0,0,0,0,0,0,0
src/java/main/org/apache/jute/Utils.java,193,0,0,0,0,0,0,0,0,0,0,0,0,0,0,0,0,0,0,0,0,0,0,0,0,0,0,0
src/java/main/org/apache/zookeeper/server/NIOServerCnxn.java,546,0,0,0,0,0,0,0,0,0,0,0,0,0,1,0,0,0,0,0,0,0,0,0,0,0,0,0
src/java/main/org/apache/zookeeper/server/command/NopCommand.java,14,0,0,0,0,0,0,0,0,0,0,0,0,0,1,0,0,0,0,0,0,0,0,0,0,0,0,0
src/java/main/org/apache/zookeeper/server/ByteBufferInputStream.java,53,0,0,0,0,0,0,0,0,0,0,0,0,0,0,0,0,0,0,0,0,0,0,0,0,0,0,0
src/java/main/org/apache/zookeeper/server/admin/JettyAdminServer.java,116,0,0,0,0,0,0,0,0,0,0,0,0,0,0,0,0,0,0,0,0,0,0,0,0,0,0,0
src/java/main/org/apache/zookeeper/common/AtomicFileWritingIdiom.java,45,0,0,0,0,0,0,0,0,0,0,0,0,0,0,0,0,0,0,0,0,0,0,0,0,0,0,0
src/contrib/rest/src/java/org/apache/zookeeper/server/jersey/cfg/Credentials.java,23,0,0,0,0,0,0,0,0,0,0,0,0,0,0,0,0,0,0,0,0,0,0,0,0,0,0,0
src/contrib/rest/src/java/org/apache/zookeeper/server/jersey/cfg/Endpoint.java,42,0,0,0,0,0,0,0,0,0,0,0,0,0,0,0,0,0,0,0,0,0,0,0,0,0,0,0
src/contrib/rest/src/java/org/apache/zookeeper/server/jersey/cfg/HostPort.java,25,0,0,0,0,0,0,0,0,0,0,0,0,0,0,0,0,0,0,0,0,0,0,0,0,0,0,0
src/contrib/rest/src/java/org/apache/zookeeper/server/jersey/cfg/HostPortSet.java,25,0,0,0,0,0,0,0,0,0,0,0,0,0,0,0,0,0,0,0,0,0,0,0,0,0,0,0
src/contrib/rest/src/java/org/apache/zookeeper/server/jersey/filters/HTTPBasicAuth.java,53,0,0,0,0,0,0,0,0,0,0,0,0,0,0,0,0,0,0,0,0,0,0,0,0,0,0,0
src/contrib/rest/src/java/org/apache/zookeeper/server/jersey/jaxb/ZSession.java,29,0,0,0,0,0,0,0,0,0,0,0,0,0,0,0,0,0,0,0,0,0,0,0,0,0,0,0
src/contrib/rest/src/java/org/apache/zookeeper/server/jersey/resources/ZNodeResource.java,331,0,0,0,0,0,0,0,0,0,0,0,0,0,0,0,0,0,0,0,0,0,0,0,0,0,0,0
src/contrib/zooinspector/src/java/org/apache/zookeeper/inspector/gui/IconResource.java,68,0,0,0,0,0,0,0,0,0,0,0,0,0,0,0,0,0,0,0,0,0,0,0,0,0,0,0
src/contrib/zooinspector/src/java/org/apache/zookeeper/inspector/gui/Toolbar.java,60,0,0,0,0,0,0,0,0,0,0,0,0,0,0,0,0,0,0,0,0,0,0,0,0,0,0,0
src/contrib/zooinspector/src/java/org/apache/zookeeper/inspector/gui/ZooInspectorPanel.java,190,0,0,0,0,0,0,0,0,0,0,0,0,0,0,0,0,0,0,0,0,0,0,0,0,0,0,0
src/contrib/zooinspector/src/java/org/apache/zookeeper/inspector/gui/ZooInspectorTreeViewer.java,267,0,0,0,0,0,0,0,0,0,0,0,0,0,0,0,0,0,0,0,0,0,0,0,0,0,0,0
src/contrib/zooinspector/src/java/org/apache/zookeeper/inspector/manager/NodesCache.java,58,0,0,0,0,0,0,0,0,0,0,0,0,0,0,0,0,0,0,0,0,0,0,0,0,0,0,0
src/contrib/zooinspector/src/java/org/apache/zookeeper/inspector/manager/ZooInspectorManagerImpl.java,613,0,0,0,0,0,0,0,0,0,0,0,0,0,0,0,0,0,0,0,0,0,0,0,0,0,0,0
src/contrib/zooinspector/src/java/org/apache/zookeeper/inspector/gui/actions/AddNodeAction.java,49,0,0,0,0,0,0,0,0,0,0,0,0,0,0,0,0,0,0,0,0,0,0,0,0,0,0,0
src/contrib/zooinspector/src/java/org/apache/zookeeper/inspector/gui/actions/DeleteNodeAction.java,53,0,0,0,0,0,0,0,0,0,0,0,0,0,0,0,0,0,0,0,0,0,0,0,0,0,0,0
